# This file is brought to you by Roblox Corporation
# Generated by Roblox Studio

mtllib That feeling when you feel when you feel you when the when is the feeling when you feel when the fee.mtl

g Discoplateee1

v 127.5 405 -127 
v 127.5 405 128 
v 127.5 401 -127 
v 127.5 401 128 
v -127.5 405 128 
v 127.5 405 128 
v -127.5 405 -127 
v 127.5 405 -127 
v 127.5 405 128 
v -127.5 405 128 
v 127.5 401 128 
v -127.5 401 128 
v -127.5 405 128 
v -127.5 405 -127 
v -127.5 401 128 
v -127.5 401 -127 
v -127.5 401 -127 
v 127.5 401 -127 
v -127.5 401 128 
v 127.5 401 128 
v -127.5 405 -127 
v 127.5 405 -127 
v -127.5 401 -127 
v 127.5 401 -127 

vn 1 0 0 
vn 1 0 0 
vn 1 0 0 
vn 1 0 0 
vn 0 1 0 
vn 0 1 0 
vn 0 1 0 
vn 0 1 0 
vn 0 0 1 
vn 0 0 1 
vn 0 0 1 
vn 0 0 1 
vn -1 0 0 
vn -1 0 0 
vn -1 0 0 
vn -1 0 0 
vn 0 -1 0 
vn 0 -1 0 
vn 0 -1 0 
vn 0 -1 0 
vn 0 0 -1 
vn 0 0 -1 
vn 0 0 -1 
vn 0 0 -1 

vt 37.875 -3.5 
vt 6 -3.5 
vt 37.875 -4 
vt 6 -4 
vt 37.875 -3.5 
vt 6 -3.5 
vt 37.875 -35.375 
vt 6 -35.375 
vt 37.875 -3.5 
vt 6 -3.5 
vt 37.875 -4 
vt 6 -4 
vt 37.875 -3.5 
vt 6 -3.5 
vt 37.875 -4 
vt 6 -4 
vt 37.875 -3.5 
vt 6 -3.5 
vt 37.875 -35.375 
vt 6 -35.375 
vt 37.875 -3.5 
vt 6 -3.5 
vt 37.875 -4 
vt 6 -4 

usemtl Discoplateee1Mtl

f 1/1/1 2/2/2 3/3/3 
f 3/3/3 2/2/2 4/4/4 
f 5/5/5 6/6/6 7/7/7 
f 7/7/7 6/6/6 8/8/8 
f 9/9/9 10/10/10 11/11/11 
f 11/11/11 10/10/10 12/12/12 
f 13/13/13 14/14/14 15/15/15 
f 15/15/15 14/14/14 16/16/16 
f 17/17/17 18/18/18 19/19/19 
f 19/19/19 18/18/18 20/20/20 
f 21/21/21 22/22/22 23/23/23 
f 23/23/23 22/22/22 24/24/24 

g Discoplateee2

v -127.5 405.005 128 
v 127.5 405.005 128 
v -127.5 405.005 -127 
v 127.5 405.005 -127 

vn 0 1 0 
vn 0 1 0 
vn 0 1 0 
vn 0 1 0 

vt 31.875 1 
vt 0 1 
vt 31.875 -30.875 
vt 0 -30.875 

usemtl Discoplateee2Mtl

f 25/25/25 26/26/26 27/27/27 
f 27/27/27 26/26/26 28/28/28 

g Discoplateee3

v 127.5 405 128.005 
v -127.5 405 128.005 
v 127.5 401 128.005 
v -127.5 401 128.005 

vn 0 0 1 
vn 0 0 1 
vn 0 0 1 
vn 0 0 1 

vt 31.875 1 
vt 0 1 
vt 31.875 0.5 
vt 0 0.5 

usemtl Discoplateee2Mtl

f 29/29/29 30/30/30 31/31/31 
f 31/31/31 30/30/30 32/32/32 

g Discoplateee4

v -127.5 405 -127.005 
v 127.5 405 -127.005 
v -127.5 401 -127.005 
v 127.5 401 -127.005 

vn 0 0 -1 
vn 0 0 -1 
vn 0 0 -1 
vn 0 0 -1 

vt 31.875 1 
vt 0 1 
vt 31.875 0.5 
vt 0 0.5 

usemtl Discoplateee2Mtl

f 33/33/33 34/34/34 35/35/35 
f 35/35/35 34/34/34 36/36/36 

g Discoplateee5

v 127.5 400.995 128 
v -127.5 400.995 128 
v 127.5 400.995 -127 
v -127.5 400.995 -127 

vn 0 -1 0 
vn 0 -1 0 
vn 0 -1 0 
vn 0 -1 0 

vt 31.875 1 
vt 0 1 
vt 31.875 -30.875 
vt 0 -30.875 

usemtl Discoplateee2Mtl

f 37/37/37 38/38/38 39/39/39 
f 39/39/39 38/38/38 40/40/40 

g Discoplateee6

v -127.505 405 128 
v -127.505 405 -127 
v -127.505 401 128 
v -127.505 401 -127 

vn -1 0 0 
vn -1 0 0 
vn -1 0 0 
vn -1 0 0 

vt 31.875 1 
vt 0 1 
vt 31.875 0.5 
vt 0 0.5 

usemtl Discoplateee2Mtl

f 41/41/41 42/42/42 43/43/43 
f 43/43/43 42/42/42 44/44/44 

g Discoplateee7

v 127.505 405 -127 
v 127.505 405 128 
v 127.505 401 -127 
v 127.505 401 128 

vn 1 0 0 
vn 1 0 0 
vn 1 0 0 
vn 1 0 0 

vt 31.875 1 
vt 0 1 
vt 31.875 0.5 
vt 0 0.5 

usemtl Discoplateee2Mtl

f 45/45/45 46/46/46 47/47/47 
f 47/47/47 46/46/46 48/48/48 

g 11

v -77.8453 477.155 -84.1547 
v -77.7208 477.279 -83.8528 
v -77.6235 477.376 -83.4588 
v -77.5858 477.414 -83 
v -77.6235 477.376 -82.5412 
v -77.7208 477.279 -82.1472 
v -77.8453 477.155 -81.8453 
v -77.7208 476.853 -84.2792 
v -77.5448 476.97 -83.9701 
v -77.3964 477.069 -83.5345 
v -77.3359 477.109 -83 
v -77.3964 477.069 -82.4655 
v -77.5448 476.97 -82.0299 
v -77.7208 476.853 -81.7208 
v -77.6235 476.459 -84.3765 
v -77.3964 476.535 -84.069 
v -77.1909 476.603 -83.603 
v -77.1026 476.632 -83 
v -77.1909 476.603 -82.397 
v -77.3964 476.535 -81.931 
v -77.6235 476.459 -81.6235 
v -77.5858 476 -84.4142 
v -77.3359 476 -84.1094 
v -77.1026 476 -83.6325 
v -77 476 -83 
v -77.1026 476 -82.3675 
v -77.3359 476 -81.8906 
v -77.5858 476 -81.5858 
v -77.6235 475.541 -84.3765 
v -77.3964 475.465 -84.069 
v -77.1909 475.397 -83.603 
v -77.1026 475.368 -83 
v -77.1909 475.397 -82.397 
v -77.3964 475.465 -81.931 
v -77.6235 475.541 -81.6235 
v -77.7208 475.147 -84.2792 
v -77.5448 475.03 -83.9701 
v -77.3964 474.931 -83.5345 
v -77.3359 474.891 -83 
v -77.3964 474.931 -82.4655 
v -77.5448 475.03 -82.0299 
v -77.7208 475.147 -81.7208 
v -77.8453 474.845 -84.1547 
v -77.7208 474.721 -83.8528 
v -77.6235 474.624 -83.4588 
v -77.5858 474.586 -83 
v -77.6235 474.624 -82.5412 
v -77.7208 474.721 -82.1472 
v -77.8453 474.845 -81.8453 
v -80.1547 477.155 -81.8453 
v -79.8528 477.279 -81.7208 
v -79.4588 477.376 -81.6235 
v -79 477.414 -81.5858 
v -78.5412 477.376 -81.6235 
v -78.1472 477.279 -81.7208 
v -77.8453 477.155 -81.8453 
v -80.2792 477.279 -82.1472 
v -79.9701 477.455 -82.0299 
v -79.5345 477.604 -81.931 
v -79 477.664 -81.8906 
v -78.4655 477.604 -81.931 
v -78.0299 477.455 -82.0299 
v -77.7208 477.279 -82.1472 
v -80.3765 477.376 -82.5412 
v -80.069 477.604 -82.4655 
v -79.603 477.809 -82.397 
v -79 477.897 -82.3675 
v -78.397 477.809 -82.397 
v -77.931 477.604 -82.4655 
v -77.6235 477.376 -82.5412 
v -80.4142 477.414 -83 
v -80.1094 477.664 -83 
v -79.6325 477.897 -83 
v -79 478 -83 
v -78.3675 477.897 -83 
v -77.8906 477.664 -83 
v -77.5858 477.414 -83 
v -80.3765 477.376 -83.4588 
v -80.069 477.604 -83.5345 
v -79.603 477.809 -83.603 
v -79 477.897 -83.6325 
v -78.397 477.809 -83.603 
v -77.931 477.604 -83.5345 
v -77.6235 477.376 -83.4588 
v -80.2792 477.279 -83.8528 
v -79.9701 477.455 -83.9701 
v -79.5345 477.604 -84.069 
v -79 477.664 -84.1094 
v -78.4655 477.604 -84.069 
v -78.0299 477.455 -83.9701 
v -77.7208 477.279 -83.8528 
v -80.1547 477.155 -84.1547 
v -79.8528 477.279 -84.2792 
v -79.4588 477.376 -84.3765 
v -79 477.414 -84.4142 
v -78.5412 477.376 -84.3765 
v -78.1472 477.279 -84.2792 
v -77.8453 477.155 -84.1547 
v -77.8453 477.155 -81.8453 
v -78.1472 477.279 -81.7208 
v -78.5412 477.376 -81.6235 
v -79 477.414 -81.5858 
v -79.4588 477.376 -81.6235 
v -79.8528 477.279 -81.7208 
v -80.1547 477.155 -81.8453 
v -77.7208 476.853 -81.7208 
v -78.0299 476.97 -81.5448 
v -78.4655 477.069 -81.3964 
v -79 477.109 -81.3359 
v -79.5345 477.069 -81.3964 
v -79.9701 476.97 -81.5448 
v -80.2792 476.853 -81.7208 
v -77.6235 476.459 -81.6235 
v -77.931 476.535 -81.3964 
v -78.397 476.603 -81.1909 
v -79 476.632 -81.1026 
v -79.603 476.603 -81.1909 
v -80.069 476.535 -81.3964 
v -80.3765 476.459 -81.6235 
v -77.5858 476 -81.5858 
v -77.8906 476 -81.3359 
v -78.3675 476 -81.1026 
v -79 476 -81 
v -79.6325 476 -81.1026 
v -80.1094 476 -81.3359 
v -80.4142 476 -81.5858 
v -77.6235 475.541 -81.6235 
v -77.931 475.465 -81.3964 
v -78.397 475.397 -81.1909 
v -79 475.368 -81.1026 
v -79.603 475.397 -81.1909 
v -80.069 475.465 -81.3964 
v -80.3765 475.541 -81.6235 
v -77.7208 475.147 -81.7208 
v -78.0299 475.03 -81.5448 
v -78.4655 474.931 -81.3964 
v -79 474.891 -81.3359 
v -79.5345 474.931 -81.3964 
v -79.9701 475.03 -81.5448 
v -80.2792 475.147 -81.7208 
v -77.8453 474.845 -81.8453 
v -78.1472 474.721 -81.7208 
v -78.5412 474.624 -81.6235 
v -79 474.586 -81.5858 
v -79.4588 474.624 -81.6235 
v -79.8528 474.721 -81.7208 
v -80.1547 474.845 -81.8453 
v -80.1547 477.155 -81.8453 
v -80.2792 477.279 -82.1472 
v -80.3765 477.376 -82.5412 
v -80.4142 477.414 -83 
v -80.3765 477.376 -83.4588 
v -80.2792 477.279 -83.8528 
v -80.1547 477.155 -84.1547 
v -80.2792 476.853 -81.7208 
v -80.4552 476.97 -82.0299 
v -80.6036 477.069 -82.4655 
v -80.6641 477.109 -83 
v -80.6036 477.069 -83.5345 
v -80.4552 476.97 -83.9701 
v -80.2792 476.853 -84.2792 
v -80.3765 476.459 -81.6235 
v -80.6036 476.535 -81.931 
v -80.8091 476.603 -82.397 
v -80.8974 476.632 -83 
v -80.8091 476.603 -83.603 
v -80.6036 476.535 -84.069 
v -80.3765 476.459 -84.3765 
v -80.4142 476 -81.5858 
v -80.6641 476 -81.8906 
v -80.8974 476 -82.3675 
v -81 476 -83 
v -80.8974 476 -83.6325 
v -80.6641 476 -84.1094 
v -80.4142 476 -84.4142 
v -80.3765 475.541 -81.6235 
v -80.6036 475.465 -81.931 
v -80.8091 475.397 -82.397 
v -80.8974 475.368 -83 
v -80.8091 475.397 -83.603 
v -80.6036 475.465 -84.069 
v -80.3765 475.541 -84.3765 
v -80.2792 475.147 -81.7208 
v -80.4552 475.03 -82.0299 
v -80.6036 474.931 -82.4655 
v -80.6641 474.891 -83 
v -80.6036 474.931 -83.5345 
v -80.4552 475.03 -83.9701 
v -80.2792 475.147 -84.2792 
v -80.1547 474.845 -81.8453 
v -80.2792 474.721 -82.1472 
v -80.3765 474.624 -82.5412 
v -80.4142 474.586 -83 
v -80.3765 474.624 -83.4588 
v -80.2792 474.721 -83.8528 
v -80.1547 474.845 -84.1547 
v -80.1547 474.845 -84.1547 
v -79.8528 474.721 -84.2792 
v -79.4588 474.624 -84.3765 
v -79 474.586 -84.4142 
v -78.5412 474.624 -84.3765 
v -78.1472 474.721 -84.2792 
v -77.8453 474.845 -84.1547 
v -80.2792 474.721 -83.8528 
v -79.9701 474.545 -83.9701 
v -79.5345 474.396 -84.069 
v -79 474.336 -84.1094 
v -78.4655 474.396 -84.069 
v -78.0299 474.545 -83.9701 
v -77.7208 474.721 -83.8528 
v -80.3765 474.624 -83.4588 
v -80.069 474.396 -83.5345 
v -79.603 474.191 -83.603 
v -79 474.103 -83.6325 
v -78.397 474.191 -83.603 
v -77.931 474.396 -83.5345 
v -77.6235 474.624 -83.4588 
v -80.4142 474.586 -83 
v -80.1094 474.336 -83 
v -79.6325 474.103 -83 
v -79 474 -83 
v -78.3675 474.103 -83 
v -77.8906 474.336 -83 
v -77.5858 474.586 -83 
v -80.3765 474.624 -82.5412 
v -80.069 474.396 -82.4655 
v -79.603 474.191 -82.397 
v -79 474.103 -82.3675 
v -78.397 474.191 -82.397 
v -77.931 474.396 -82.4655 
v -77.6235 474.624 -82.5412 
v -80.2792 474.721 -82.1472 
v -79.9701 474.545 -82.0299 
v -79.5345 474.396 -81.931 
v -79 474.336 -81.8906 
v -78.4655 474.396 -81.931 
v -78.0299 474.545 -82.0299 
v -77.7208 474.721 -82.1472 
v -80.1547 474.845 -81.8453 
v -79.8528 474.721 -81.7208 
v -79.4588 474.624 -81.6235 
v -79 474.586 -81.5858 
v -78.5412 474.624 -81.6235 
v -78.1472 474.721 -81.7208 
v -77.8453 474.845 -81.8453 
v -80.1547 477.155 -84.1547 
v -79.8528 477.279 -84.2792 
v -79.4588 477.376 -84.3765 
v -79 477.414 -84.4142 
v -78.5412 477.376 -84.3765 
v -78.1472 477.279 -84.2792 
v -77.8453 477.155 -84.1547 
v -80.2792 476.853 -84.2792 
v -79.9701 476.97 -84.4552 
v -79.5345 477.069 -84.6036 
v -79 477.109 -84.6641 
v -78.4655 477.069 -84.6036 
v -78.0299 476.97 -84.4552 
v -77.7208 476.853 -84.2792 
v -80.3765 476.459 -84.3765 
v -80.069 476.535 -84.6036 
v -79.603 476.603 -84.8091 
v -79 476.632 -84.8974 
v -78.397 476.603 -84.8091 
v -77.931 476.535 -84.6036 
v -77.6235 476.459 -84.3765 
v -80.4142 476 -84.4142 
v -80.1094 476 -84.6641 
v -79.6325 476 -84.8974 
v -79 476 -85 
v -78.3675 476 -84.8974 
v -77.8906 476 -84.6641 
v -77.5858 476 -84.4142 
v -80.3765 475.541 -84.3765 
v -80.069 475.465 -84.6036 
v -79.603 475.397 -84.8091 
v -79 475.368 -84.8974 
v -78.397 475.397 -84.8091 
v -77.931 475.465 -84.6036 
v -77.6235 475.541 -84.3765 
v -80.2792 475.147 -84.2792 
v -79.9701 475.03 -84.4552 
v -79.5345 474.931 -84.6036 
v -79 474.891 -84.6641 
v -78.4655 474.931 -84.6036 
v -78.0299 475.03 -84.4552 
v -77.7208 475.147 -84.2792 
v -80.1547 474.845 -84.1547 
v -79.8528 474.721 -84.2792 
v -79.4588 474.624 -84.3765 
v -79 474.586 -84.4142 
v -78.5412 474.624 -84.3765 
v -78.1472 474.721 -84.2792 
v -77.8453 474.845 -84.1547 

vn 0.574803 0.574803 -0.574803 
vn 0.637795 0.637795 -0.425197 
vn 0.685039 0.685039 -0.228346 
vn 0.708661 0.708661 0 
vn 0.685039 0.685039 0.228346 
vn 0.637795 0.637795 0.425197 
vn 0.574803 0.574803 0.574803 
vn 0.637795 0.425197 -0.637795 
vn 0.724409 0.488189 -0.488189 
vn 0.80315 0.535433 -0.267717 
vn 0.834646 0.551181 0 
vn 0.80315 0.535433 0.267717 
vn 0.724409 0.488189 0.488189 
vn 0.637795 0.425197 0.637795 
vn 0.685039 0.228346 -0.685039 
vn 0.80315 0.267717 -0.535433 
vn 0.905512 0.299213 -0.299213 
vn 0.944882 0.314961 0 
vn 0.905512 0.299213 0.299213 
vn 0.80315 0.267717 0.535433 
vn 0.685039 0.228346 0.685039 
vn 0.708661 0 -0.708661 
vn 0.834646 0 -0.551181 
vn 0.944882 0 -0.314961 
vn 1 0 0 
vn 0.944882 0 0.314961 
vn 0.834646 0 0.551181 
vn 0.708661 0 0.708661 
vn 0.685039 -0.228346 -0.685039 
vn 0.80315 -0.267717 -0.535433 
vn 0.905512 -0.299213 -0.299213 
vn 0.944882 -0.314961 0 
vn 0.905512 -0.299213 0.299213 
vn 0.80315 -0.267717 0.535433 
vn 0.685039 -0.228346 0.685039 
vn 0.637795 -0.425197 -0.637795 
vn 0.724409 -0.488189 -0.488189 
vn 0.80315 -0.535433 -0.267717 
vn 0.834646 -0.551181 0 
vn 0.80315 -0.535433 0.267717 
vn 0.724409 -0.488189 0.488189 
vn 0.637795 -0.425197 0.637795 
vn 0.574803 -0.574803 -0.574803 
vn 0.637795 -0.637795 -0.425197 
vn 0.685039 -0.685039 -0.228346 
vn 0.708661 -0.708661 0 
vn 0.685039 -0.685039 0.228346 
vn 0.637795 -0.637795 0.425197 
vn 0.574803 -0.574803 0.574803 
vn -0.574803 0.574803 0.574803 
vn -0.425197 0.637795 0.637795 
vn -0.228346 0.685039 0.685039 
vn 0 0.708661 0.708661 
vn 0.228346 0.685039 0.685039 
vn 0.425197 0.637795 0.637795 
vn 0.574803 0.574803 0.574803 
vn -0.637795 0.637795 0.425197 
vn -0.488189 0.724409 0.488189 
vn -0.267717 0.80315 0.535433 
vn 0 0.834646 0.551181 
vn 0.267717 0.80315 0.535433 
vn 0.488189 0.724409 0.488189 
vn 0.637795 0.637795 0.425197 
vn -0.685039 0.685039 0.228346 
vn -0.535433 0.80315 0.267717 
vn -0.299213 0.905512 0.299213 
vn 0 0.944882 0.314961 
vn 0.299213 0.905512 0.299213 
vn 0.535433 0.80315 0.267717 
vn 0.685039 0.685039 0.228346 
vn -0.708661 0.708661 0 
vn -0.551181 0.834646 0 
vn -0.314961 0.944882 0 
vn 0 1 0 
vn 0.314961 0.944882 0 
vn 0.551181 0.834646 0 
vn 0.708661 0.708661 0 
vn -0.685039 0.685039 -0.228346 
vn -0.535433 0.80315 -0.267717 
vn -0.299213 0.905512 -0.299213 
vn 0 0.944882 -0.314961 
vn 0.299213 0.905512 -0.299213 
vn 0.535433 0.80315 -0.267717 
vn 0.685039 0.685039 -0.228346 
vn -0.637795 0.637795 -0.425197 
vn -0.488189 0.724409 -0.488189 
vn -0.267717 0.80315 -0.535433 
vn 0 0.834646 -0.551181 
vn 0.267717 0.80315 -0.535433 
vn 0.488189 0.724409 -0.488189 
vn 0.637795 0.637795 -0.425197 
vn -0.574803 0.574803 -0.574803 
vn -0.425197 0.637795 -0.637795 
vn -0.228346 0.685039 -0.685039 
vn 0 0.708661 -0.708661 
vn 0.228346 0.685039 -0.685039 
vn 0.425197 0.637795 -0.637795 
vn 0.574803 0.574803 -0.574803 
vn 0.574803 0.574803 0.574803 
vn 0.425197 0.637795 0.637795 
vn 0.228346 0.685039 0.685039 
vn 0 0.708661 0.708661 
vn -0.228346 0.685039 0.685039 
vn -0.425197 0.637795 0.637795 
vn -0.574803 0.574803 0.574803 
vn 0.637795 0.425197 0.637795 
vn 0.488189 0.488189 0.724409 
vn 0.267717 0.535433 0.80315 
vn 0 0.551181 0.834646 
vn -0.267717 0.535433 0.80315 
vn -0.488189 0.488189 0.724409 
vn -0.637795 0.425197 0.637795 
vn 0.685039 0.228346 0.685039 
vn 0.535433 0.267717 0.80315 
vn 0.299213 0.299213 0.905512 
vn 0 0.314961 0.944882 
vn -0.299213 0.299213 0.905512 
vn -0.535433 0.267717 0.80315 
vn -0.685039 0.228346 0.685039 
vn 0.708661 0 0.708661 
vn 0.551181 0 0.834646 
vn 0.314961 0 0.944882 
vn 0 0 1 
vn -0.314961 0 0.944882 
vn -0.551181 0 0.834646 
vn -0.708661 0 0.708661 
vn 0.685039 -0.228346 0.685039 
vn 0.535433 -0.267717 0.80315 
vn 0.299213 -0.299213 0.905512 
vn 0 -0.314961 0.944882 
vn -0.299213 -0.299213 0.905512 
vn -0.535433 -0.267717 0.80315 
vn -0.685039 -0.228346 0.685039 
vn 0.637795 -0.425197 0.637795 
vn 0.488189 -0.488189 0.724409 
vn 0.267717 -0.535433 0.80315 
vn 0 -0.551181 0.834646 
vn -0.267717 -0.535433 0.80315 
vn -0.488189 -0.488189 0.724409 
vn -0.637795 -0.425197 0.637795 
vn 0.574803 -0.574803 0.574803 
vn 0.425197 -0.637795 0.637795 
vn 0.228346 -0.685039 0.685039 
vn 0 -0.708661 0.708661 
vn -0.228346 -0.685039 0.685039 
vn -0.425197 -0.637795 0.637795 
vn -0.574803 -0.574803 0.574803 
vn -0.574803 0.574803 0.574803 
vn -0.637795 0.637795 0.425197 
vn -0.685039 0.685039 0.228346 
vn -0.708661 0.708661 0 
vn -0.685039 0.685039 -0.228346 
vn -0.637795 0.637795 -0.425197 
vn -0.574803 0.574803 -0.574803 
vn -0.637795 0.425197 0.637795 
vn -0.724409 0.488189 0.488189 
vn -0.80315 0.535433 0.267717 
vn -0.834646 0.551181 0 
vn -0.80315 0.535433 -0.267717 
vn -0.724409 0.488189 -0.488189 
vn -0.637795 0.425197 -0.637795 
vn -0.685039 0.228346 0.685039 
vn -0.80315 0.267717 0.535433 
vn -0.905512 0.299213 0.299213 
vn -0.944882 0.314961 0 
vn -0.905512 0.299213 -0.299213 
vn -0.80315 0.267717 -0.535433 
vn -0.685039 0.228346 -0.685039 
vn -0.708661 0 0.708661 
vn -0.834646 0 0.551181 
vn -0.944882 0 0.314961 
vn -1 0 0 
vn -0.944882 0 -0.314961 
vn -0.834646 0 -0.551181 
vn -0.708661 0 -0.708661 
vn -0.685039 -0.228346 0.685039 
vn -0.80315 -0.267717 0.535433 
vn -0.905512 -0.299213 0.299213 
vn -0.944882 -0.314961 0 
vn -0.905512 -0.299213 -0.299213 
vn -0.80315 -0.267717 -0.535433 
vn -0.685039 -0.228346 -0.685039 
vn -0.637795 -0.425197 0.637795 
vn -0.724409 -0.488189 0.488189 
vn -0.80315 -0.535433 0.267717 
vn -0.834646 -0.551181 0 
vn -0.80315 -0.535433 -0.267717 
vn -0.724409 -0.488189 -0.488189 
vn -0.637795 -0.425197 -0.637795 
vn -0.574803 -0.574803 0.574803 
vn -0.637795 -0.637795 0.425197 
vn -0.685039 -0.685039 0.228346 
vn -0.708661 -0.708661 0 
vn -0.685039 -0.685039 -0.228346 
vn -0.637795 -0.637795 -0.425197 
vn -0.574803 -0.574803 -0.574803 
vn -0.574803 -0.574803 -0.574803 
vn -0.425197 -0.637795 -0.637795 
vn -0.228346 -0.685039 -0.685039 
vn 0 -0.708661 -0.708661 
vn 0.228346 -0.685039 -0.685039 
vn 0.425197 -0.637795 -0.637795 
vn 0.574803 -0.574803 -0.574803 
vn -0.637795 -0.637795 -0.425197 
vn -0.488189 -0.724409 -0.488189 
vn -0.267717 -0.80315 -0.535433 
vn 0 -0.834646 -0.551181 
vn 0.267717 -0.80315 -0.535433 
vn 0.488189 -0.724409 -0.488189 
vn 0.637795 -0.637795 -0.425197 
vn -0.685039 -0.685039 -0.228346 
vn -0.535433 -0.80315 -0.267717 
vn -0.299213 -0.905512 -0.299213 
vn 0 -0.944882 -0.314961 
vn 0.299213 -0.905512 -0.299213 
vn 0.535433 -0.80315 -0.267717 
vn 0.685039 -0.685039 -0.228346 
vn -0.708661 -0.708661 0 
vn -0.551181 -0.834646 0 
vn -0.314961 -0.944882 0 
vn 0 -1 0 
vn 0.314961 -0.944882 0 
vn 0.551181 -0.834646 0 
vn 0.708661 -0.708661 0 
vn -0.685039 -0.685039 0.228346 
vn -0.535433 -0.80315 0.267717 
vn -0.299213 -0.905512 0.299213 
vn 0 -0.944882 0.314961 
vn 0.299213 -0.905512 0.299213 
vn 0.535433 -0.80315 0.267717 
vn 0.685039 -0.685039 0.228346 
vn -0.637795 -0.637795 0.425197 
vn -0.488189 -0.724409 0.488189 
vn -0.267717 -0.80315 0.535433 
vn 0 -0.834646 0.551181 
vn 0.267717 -0.80315 0.535433 
vn 0.488189 -0.724409 0.488189 
vn 0.637795 -0.637795 0.425197 
vn -0.574803 -0.574803 0.574803 
vn -0.425197 -0.637795 0.637795 
vn -0.228346 -0.685039 0.685039 
vn 0 -0.708661 0.708661 
vn 0.228346 -0.685039 0.685039 
vn 0.425197 -0.637795 0.637795 
vn 0.574803 -0.574803 0.574803 
vn -0.574803 0.574803 -0.574803 
vn -0.425197 0.637795 -0.637795 
vn -0.228346 0.685039 -0.685039 
vn 0 0.708661 -0.708661 
vn 0.228346 0.685039 -0.685039 
vn 0.425197 0.637795 -0.637795 
vn 0.574803 0.574803 -0.574803 
vn -0.637795 0.425197 -0.637795 
vn -0.488189 0.488189 -0.724409 
vn -0.267717 0.535433 -0.80315 
vn 0 0.551181 -0.834646 
vn 0.267717 0.535433 -0.80315 
vn 0.488189 0.488189 -0.724409 
vn 0.637795 0.425197 -0.637795 
vn -0.685039 0.228346 -0.685039 
vn -0.535433 0.267717 -0.80315 
vn -0.299213 0.299213 -0.905512 
vn 0 0.314961 -0.944882 
vn 0.299213 0.299213 -0.905512 
vn 0.535433 0.267717 -0.80315 
vn 0.685039 0.228346 -0.685039 
vn -0.708661 0 -0.708661 
vn -0.551181 0 -0.834646 
vn -0.314961 0 -0.944882 
vn 0 0 -1 
vn 0.314961 0 -0.944882 
vn 0.551181 0 -0.834646 
vn 0.708661 0 -0.708661 
vn -0.685039 -0.228346 -0.685039 
vn -0.535433 -0.267717 -0.80315 
vn -0.299213 -0.299213 -0.905512 
vn 0 -0.314961 -0.944882 
vn 0.299213 -0.299213 -0.905512 
vn 0.535433 -0.267717 -0.80315 
vn 0.685039 -0.228346 -0.685039 
vn -0.637795 -0.425197 -0.637795 
vn -0.488189 -0.488189 -0.724409 
vn -0.267717 -0.535433 -0.80315 
vn 0 -0.551181 -0.834646 
vn 0.267717 -0.535433 -0.80315 
vn 0.488189 -0.488189 -0.724409 
vn 0.637795 -0.425197 -0.637795 
vn -0.574803 -0.574803 -0.574803 
vn -0.425197 -0.637795 -0.637795 
vn -0.228346 -0.685039 -0.685039 
vn 0 -0.708661 -0.708661 
vn 0.228346 -0.685039 -0.685039 
vn 0.425197 -0.637795 -0.637795 
vn 0.574803 -0.574803 -0.574803 

vt 8.004 -3.8203 
vt 7.33734 -3.8203 
vt 6.67067 -3.8203 
vt 6.004 -3.8203 
vt 5.33734 -3.8203 
vt 4.67067 -3.8203 
vt 4.004 -3.8203 
vt 8.004 -4.48697 
vt 7.33734 -4.48697 
vt 6.67067 -4.48697 
vt 6.004 -4.48697 
vt 5.33734 -4.48697 
vt 4.67067 -4.48697 
vt 4.004 -4.48697 
vt 8.004 -5.15364 
vt 7.33734 -5.15364 
vt 6.67067 -5.15364 
vt 6.004 -5.15364 
vt 5.33734 -5.15364 
vt 4.67067 -5.15364 
vt 4.004 -5.15364 
vt 8.004 -5.8203 
vt 7.33734 -5.8203 
vt 6.67067 -5.8203 
vt 6.004 -5.8203 
vt 5.33734 -5.8203 
vt 4.67067 -5.8203 
vt 4.004 -5.8203 
vt 8.004 -6.48697 
vt 7.33734 -6.48697 
vt 6.67067 -6.48697 
vt 6.004 -6.48697 
vt 5.33734 -6.48697 
vt 4.67067 -6.48697 
vt 4.004 -6.48697 
vt 8.004 -7.15364 
vt 7.33734 -7.15364 
vt 6.67067 -7.15364 
vt 6.004 -7.15364 
vt 5.33734 -7.15364 
vt 4.67067 -7.15364 
vt 4.004 -7.15364 
vt 8.004 -7.8203 
vt 7.33734 -7.8203 
vt 6.67067 -7.8203 
vt 6.004 -7.8203 
vt 5.33734 -7.8203 
vt 4.67067 -7.8203 
vt 4.004 -7.8203 
vt 8.004 -3.8203 
vt 7.33734 -3.8203 
vt 6.67067 -3.8203 
vt 6.004 -3.8203 
vt 5.33734 -3.8203 
vt 4.67067 -3.8203 
vt 4.004 -3.8203 
vt 8.004 -4.48697 
vt 7.33734 -4.48697 
vt 6.67067 -4.48697 
vt 6.004 -4.48697 
vt 5.33734 -4.48697 
vt 4.67067 -4.48697 
vt 4.004 -4.48697 
vt 8.004 -5.15364 
vt 7.33734 -5.15364 
vt 6.67067 -5.15364 
vt 6.004 -5.15364 
vt 5.33734 -5.15364 
vt 4.67067 -5.15364 
vt 4.004 -5.15364 
vt 8.004 -5.8203 
vt 7.33734 -5.8203 
vt 6.67067 -5.8203 
vt 6.004 -5.8203 
vt 5.33734 -5.8203 
vt 4.67067 -5.8203 
vt 4.004 -5.8203 
vt 8.004 -6.48697 
vt 7.33734 -6.48697 
vt 6.67067 -6.48697 
vt 6.004 -6.48697 
vt 5.33734 -6.48697 
vt 4.67067 -6.48697 
vt 4.004 -6.48697 
vt 8.004 -7.15364 
vt 7.33734 -7.15364 
vt 6.67067 -7.15364 
vt 6.004 -7.15364 
vt 5.33734 -7.15364 
vt 4.67067 -7.15364 
vt 4.004 -7.15364 
vt 8.004 -7.8203 
vt 7.33734 -7.8203 
vt 6.67067 -7.8203 
vt 6.004 -7.8203 
vt 5.33734 -7.8203 
vt 4.67067 -7.8203 
vt 4.004 -7.8203 
vt 8.004 -3.8203 
vt 7.33734 -3.8203 
vt 6.67067 -3.8203 
vt 6.004 -3.8203 
vt 5.33734 -3.8203 
vt 4.67067 -3.8203 
vt 4.004 -3.8203 
vt 8.004 -4.48697 
vt 7.33734 -4.48697 
vt 6.67067 -4.48697 
vt 6.004 -4.48697 
vt 5.33734 -4.48697 
vt 4.67067 -4.48697 
vt 4.004 -4.48697 
vt 8.004 -5.15364 
vt 7.33734 -5.15364 
vt 6.67067 -5.15364 
vt 6.004 -5.15364 
vt 5.33734 -5.15364 
vt 4.67067 -5.15364 
vt 4.004 -5.15364 
vt 8.004 -5.8203 
vt 7.33734 -5.8203 
vt 6.67067 -5.8203 
vt 6.004 -5.8203 
vt 5.33734 -5.8203 
vt 4.67067 -5.8203 
vt 4.004 -5.8203 
vt 8.004 -6.48697 
vt 7.33734 -6.48697 
vt 6.67067 -6.48697 
vt 6.004 -6.48697 
vt 5.33734 -6.48697 
vt 4.67067 -6.48697 
vt 4.004 -6.48697 
vt 8.004 -7.15364 
vt 7.33734 -7.15364 
vt 6.67067 -7.15364 
vt 6.004 -7.15364 
vt 5.33734 -7.15364 
vt 4.67067 -7.15364 
vt 4.004 -7.15364 
vt 8.004 -7.8203 
vt 7.33734 -7.8203 
vt 6.67067 -7.8203 
vt 6.004 -7.8203 
vt 5.33734 -7.8203 
vt 4.67067 -7.8203 
vt 4.004 -7.8203 
vt 8.004 -3.8203 
vt 7.33734 -3.8203 
vt 6.67067 -3.8203 
vt 6.004 -3.8203 
vt 5.33734 -3.8203 
vt 4.67067 -3.8203 
vt 4.004 -3.8203 
vt 8.004 -4.48697 
vt 7.33734 -4.48697 
vt 6.67067 -4.48697 
vt 6.004 -4.48697 
vt 5.33734 -4.48697 
vt 4.67067 -4.48697 
vt 4.004 -4.48697 
vt 8.004 -5.15364 
vt 7.33734 -5.15364 
vt 6.67067 -5.15364 
vt 6.004 -5.15364 
vt 5.33734 -5.15364 
vt 4.67067 -5.15364 
vt 4.004 -5.15364 
vt 8.004 -5.8203 
vt 7.33734 -5.8203 
vt 6.67067 -5.8203 
vt 6.004 -5.8203 
vt 5.33734 -5.8203 
vt 4.67067 -5.8203 
vt 4.004 -5.8203 
vt 8.004 -6.48697 
vt 7.33734 -6.48697 
vt 6.67067 -6.48697 
vt 6.004 -6.48697 
vt 5.33734 -6.48697 
vt 4.67067 -6.48697 
vt 4.004 -6.48697 
vt 8.004 -7.15364 
vt 7.33734 -7.15364 
vt 6.67067 -7.15364 
vt 6.004 -7.15364 
vt 5.33734 -7.15364 
vt 4.67067 -7.15364 
vt 4.004 -7.15364 
vt 8.004 -7.8203 
vt 7.33734 -7.8203 
vt 6.67067 -7.8203 
vt 6.004 -7.8203 
vt 5.33734 -7.8203 
vt 4.67067 -7.8203 
vt 4.004 -7.8203 
vt 8.004 -3.8203 
vt 7.33734 -3.8203 
vt 6.67067 -3.8203 
vt 6.004 -3.8203 
vt 5.33734 -3.8203 
vt 4.67067 -3.8203 
vt 4.004 -3.8203 
vt 8.004 -4.48697 
vt 7.33734 -4.48697 
vt 6.67067 -4.48697 
vt 6.004 -4.48697 
vt 5.33734 -4.48697 
vt 4.67067 -4.48697 
vt 4.004 -4.48697 
vt 8.004 -5.15364 
vt 7.33734 -5.15364 
vt 6.67067 -5.15364 
vt 6.004 -5.15364 
vt 5.33734 -5.15364 
vt 4.67067 -5.15364 
vt 4.004 -5.15364 
vt 8.004 -5.8203 
vt 7.33734 -5.8203 
vt 6.67067 -5.8203 
vt 6.004 -5.8203 
vt 5.33734 -5.8203 
vt 4.67067 -5.8203 
vt 4.004 -5.8203 
vt 8.004 -6.48697 
vt 7.33734 -6.48697 
vt 6.67067 -6.48697 
vt 6.004 -6.48697 
vt 5.33734 -6.48697 
vt 4.67067 -6.48697 
vt 4.004 -6.48697 
vt 8.004 -7.15364 
vt 7.33734 -7.15364 
vt 6.67067 -7.15364 
vt 6.004 -7.15364 
vt 5.33734 -7.15364 
vt 4.67067 -7.15364 
vt 4.004 -7.15364 
vt 8.004 -7.8203 
vt 7.33734 -7.8203 
vt 6.67067 -7.8203 
vt 6.004 -7.8203 
vt 5.33734 -7.8203 
vt 4.67067 -7.8203 
vt 4.004 -7.8203 
vt 8.004 -3.8203 
vt 7.33734 -3.8203 
vt 6.67067 -3.8203 
vt 6.004 -3.8203 
vt 5.33734 -3.8203 
vt 4.67067 -3.8203 
vt 4.004 -3.8203 
vt 8.004 -4.48697 
vt 7.33734 -4.48697 
vt 6.67067 -4.48697 
vt 6.004 -4.48697 
vt 5.33734 -4.48697 
vt 4.67067 -4.48697 
vt 4.004 -4.48697 
vt 8.004 -5.15364 
vt 7.33734 -5.15364 
vt 6.67067 -5.15364 
vt 6.004 -5.15364 
vt 5.33734 -5.15364 
vt 4.67067 -5.15364 
vt 4.004 -5.15364 
vt 8.004 -5.8203 
vt 7.33734 -5.8203 
vt 6.67067 -5.8203 
vt 6.004 -5.8203 
vt 5.33734 -5.8203 
vt 4.67067 -5.8203 
vt 4.004 -5.8203 
vt 8.004 -6.48697 
vt 7.33734 -6.48697 
vt 6.67067 -6.48697 
vt 6.004 -6.48697 
vt 5.33734 -6.48697 
vt 4.67067 -6.48697 
vt 4.004 -6.48697 
vt 8.004 -7.15364 
vt 7.33734 -7.15364 
vt 6.67067 -7.15364 
vt 6.004 -7.15364 
vt 5.33734 -7.15364 
vt 4.67067 -7.15364 
vt 4.004 -7.15364 
vt 8.004 -7.8203 
vt 7.33734 -7.8203 
vt 6.67067 -7.8203 
vt 6.004 -7.8203 
vt 5.33734 -7.8203 
vt 4.67067 -7.8203 
vt 4.004 -7.8203 

usemtl 11Mtl

f 49/49/49 50/50/50 56/56/56 
f 56/56/56 50/50/50 57/57/57 
f 50/50/50 51/51/51 57/57/57 
f 57/57/57 51/51/51 58/58/58 
f 51/51/51 52/52/52 58/58/58 
f 58/58/58 52/52/52 59/59/59 
f 52/52/52 53/53/53 59/59/59 
f 59/59/59 53/53/53 60/60/60 
f 53/53/53 54/54/54 60/60/60 
f 60/60/60 54/54/54 61/61/61 
f 54/54/54 55/55/55 61/61/61 
f 61/61/61 55/55/55 62/62/62 
f 56/56/56 57/57/57 63/63/63 
f 63/63/63 57/57/57 64/64/64 
f 57/57/57 58/58/58 64/64/64 
f 64/64/64 58/58/58 65/65/65 
f 58/58/58 59/59/59 65/65/65 
f 65/65/65 59/59/59 66/66/66 
f 59/59/59 60/60/60 66/66/66 
f 66/66/66 60/60/60 67/67/67 
f 60/60/60 61/61/61 67/67/67 
f 67/67/67 61/61/61 68/68/68 
f 61/61/61 62/62/62 68/68/68 
f 68/68/68 62/62/62 69/69/69 
f 63/63/63 64/64/64 70/70/70 
f 70/70/70 64/64/64 71/71/71 
f 64/64/64 65/65/65 71/71/71 
f 71/71/71 65/65/65 72/72/72 
f 65/65/65 66/66/66 72/72/72 
f 72/72/72 66/66/66 73/73/73 
f 66/66/66 67/67/67 73/73/73 
f 73/73/73 67/67/67 74/74/74 
f 67/67/67 68/68/68 74/74/74 
f 74/74/74 68/68/68 75/75/75 
f 68/68/68 69/69/69 75/75/75 
f 75/75/75 69/69/69 76/76/76 
f 70/70/70 71/71/71 77/77/77 
f 77/77/77 71/71/71 78/78/78 
f 71/71/71 72/72/72 78/78/78 
f 78/78/78 72/72/72 79/79/79 
f 72/72/72 73/73/73 79/79/79 
f 79/79/79 73/73/73 80/80/80 
f 73/73/73 74/74/74 80/80/80 
f 80/80/80 74/74/74 81/81/81 
f 74/74/74 75/75/75 81/81/81 
f 81/81/81 75/75/75 82/82/82 
f 75/75/75 76/76/76 82/82/82 
f 82/82/82 76/76/76 83/83/83 
f 77/77/77 78/78/78 84/84/84 
f 84/84/84 78/78/78 85/85/85 
f 78/78/78 79/79/79 85/85/85 
f 85/85/85 79/79/79 86/86/86 
f 79/79/79 80/80/80 86/86/86 
f 86/86/86 80/80/80 87/87/87 
f 80/80/80 81/81/81 87/87/87 
f 87/87/87 81/81/81 88/88/88 
f 81/81/81 82/82/82 88/88/88 
f 88/88/88 82/82/82 89/89/89 
f 82/82/82 83/83/83 89/89/89 
f 89/89/89 83/83/83 90/90/90 
f 84/84/84 85/85/85 91/91/91 
f 91/91/91 85/85/85 92/92/92 
f 85/85/85 86/86/86 92/92/92 
f 92/92/92 86/86/86 93/93/93 
f 86/86/86 87/87/87 93/93/93 
f 93/93/93 87/87/87 94/94/94 
f 87/87/87 88/88/88 94/94/94 
f 94/94/94 88/88/88 95/95/95 
f 88/88/88 89/89/89 95/95/95 
f 95/95/95 89/89/89 96/96/96 
f 89/89/89 90/90/90 96/96/96 
f 96/96/96 90/90/90 97/97/97 
f 98/98/98 99/99/99 105/105/105 
f 105/105/105 99/99/99 106/106/106 
f 99/99/99 100/100/100 106/106/106 
f 106/106/106 100/100/100 107/107/107 
f 100/100/100 101/101/101 107/107/107 
f 107/107/107 101/101/101 108/108/108 
f 101/101/101 102/102/102 108/108/108 
f 108/108/108 102/102/102 109/109/109 
f 102/102/102 103/103/103 109/109/109 
f 109/109/109 103/103/103 110/110/110 
f 103/103/103 104/104/104 110/110/110 
f 110/110/110 104/104/104 111/111/111 
f 105/105/105 106/106/106 112/112/112 
f 112/112/112 106/106/106 113/113/113 
f 106/106/106 107/107/107 113/113/113 
f 113/113/113 107/107/107 114/114/114 
f 107/107/107 108/108/108 114/114/114 
f 114/114/114 108/108/108 115/115/115 
f 108/108/108 109/109/109 115/115/115 
f 115/115/115 109/109/109 116/116/116 
f 109/109/109 110/110/110 116/116/116 
f 116/116/116 110/110/110 117/117/117 
f 110/110/110 111/111/111 117/117/117 
f 117/117/117 111/111/111 118/118/118 
f 112/112/112 113/113/113 119/119/119 
f 119/119/119 113/113/113 120/120/120 
f 113/113/113 114/114/114 120/120/120 
f 120/120/120 114/114/114 121/121/121 
f 114/114/114 115/115/115 121/121/121 
f 121/121/121 115/115/115 122/122/122 
f 115/115/115 116/116/116 122/122/122 
f 122/122/122 116/116/116 123/123/123 
f 116/116/116 117/117/117 123/123/123 
f 123/123/123 117/117/117 124/124/124 
f 117/117/117 118/118/118 124/124/124 
f 124/124/124 118/118/118 125/125/125 
f 119/119/119 120/120/120 126/126/126 
f 126/126/126 120/120/120 127/127/127 
f 120/120/120 121/121/121 127/127/127 
f 127/127/127 121/121/121 128/128/128 
f 121/121/121 122/122/122 128/128/128 
f 128/128/128 122/122/122 129/129/129 
f 122/122/122 123/123/123 129/129/129 
f 129/129/129 123/123/123 130/130/130 
f 123/123/123 124/124/124 130/130/130 
f 130/130/130 124/124/124 131/131/131 
f 124/124/124 125/125/125 131/131/131 
f 131/131/131 125/125/125 132/132/132 
f 126/126/126 127/127/127 133/133/133 
f 133/133/133 127/127/127 134/134/134 
f 127/127/127 128/128/128 134/134/134 
f 134/134/134 128/128/128 135/135/135 
f 128/128/128 129/129/129 135/135/135 
f 135/135/135 129/129/129 136/136/136 
f 129/129/129 130/130/130 136/136/136 
f 136/136/136 130/130/130 137/137/137 
f 130/130/130 131/131/131 137/137/137 
f 137/137/137 131/131/131 138/138/138 
f 131/131/131 132/132/132 138/138/138 
f 138/138/138 132/132/132 139/139/139 
f 133/133/133 134/134/134 140/140/140 
f 140/140/140 134/134/134 141/141/141 
f 134/134/134 135/135/135 141/141/141 
f 141/141/141 135/135/135 142/142/142 
f 135/135/135 136/136/136 142/142/142 
f 142/142/142 136/136/136 143/143/143 
f 136/136/136 137/137/137 143/143/143 
f 143/143/143 137/137/137 144/144/144 
f 137/137/137 138/138/138 144/144/144 
f 144/144/144 138/138/138 145/145/145 
f 138/138/138 139/139/139 145/145/145 
f 145/145/145 139/139/139 146/146/146 
f 147/147/147 148/148/148 154/154/154 
f 154/154/154 148/148/148 155/155/155 
f 148/148/148 149/149/149 155/155/155 
f 155/155/155 149/149/149 156/156/156 
f 149/149/149 150/150/150 156/156/156 
f 156/156/156 150/150/150 157/157/157 
f 150/150/150 151/151/151 157/157/157 
f 157/157/157 151/151/151 158/158/158 
f 151/151/151 152/152/152 158/158/158 
f 158/158/158 152/152/152 159/159/159 
f 152/152/152 153/153/153 159/159/159 
f 159/159/159 153/153/153 160/160/160 
f 154/154/154 155/155/155 161/161/161 
f 161/161/161 155/155/155 162/162/162 
f 155/155/155 156/156/156 162/162/162 
f 162/162/162 156/156/156 163/163/163 
f 156/156/156 157/157/157 163/163/163 
f 163/163/163 157/157/157 164/164/164 
f 157/157/157 158/158/158 164/164/164 
f 164/164/164 158/158/158 165/165/165 
f 158/158/158 159/159/159 165/165/165 
f 165/165/165 159/159/159 166/166/166 
f 159/159/159 160/160/160 166/166/166 
f 166/166/166 160/160/160 167/167/167 
f 161/161/161 162/162/162 168/168/168 
f 168/168/168 162/162/162 169/169/169 
f 162/162/162 163/163/163 169/169/169 
f 169/169/169 163/163/163 170/170/170 
f 163/163/163 164/164/164 170/170/170 
f 170/170/170 164/164/164 171/171/171 
f 164/164/164 165/165/165 171/171/171 
f 171/171/171 165/165/165 172/172/172 
f 165/165/165 166/166/166 172/172/172 
f 172/172/172 166/166/166 173/173/173 
f 166/166/166 167/167/167 173/173/173 
f 173/173/173 167/167/167 174/174/174 
f 168/168/168 169/169/169 175/175/175 
f 175/175/175 169/169/169 176/176/176 
f 169/169/169 170/170/170 176/176/176 
f 176/176/176 170/170/170 177/177/177 
f 170/170/170 171/171/171 177/177/177 
f 177/177/177 171/171/171 178/178/178 
f 171/171/171 172/172/172 178/178/178 
f 178/178/178 172/172/172 179/179/179 
f 172/172/172 173/173/173 179/179/179 
f 179/179/179 173/173/173 180/180/180 
f 173/173/173 174/174/174 180/180/180 
f 180/180/180 174/174/174 181/181/181 
f 175/175/175 176/176/176 182/182/182 
f 182/182/182 176/176/176 183/183/183 
f 176/176/176 177/177/177 183/183/183 
f 183/183/183 177/177/177 184/184/184 
f 177/177/177 178/178/178 184/184/184 
f 184/184/184 178/178/178 185/185/185 
f 178/178/178 179/179/179 185/185/185 
f 185/185/185 179/179/179 186/186/186 
f 179/179/179 180/180/180 186/186/186 
f 186/186/186 180/180/180 187/187/187 
f 180/180/180 181/181/181 187/187/187 
f 187/187/187 181/181/181 188/188/188 
f 182/182/182 183/183/183 189/189/189 
f 189/189/189 183/183/183 190/190/190 
f 183/183/183 184/184/184 190/190/190 
f 190/190/190 184/184/184 191/191/191 
f 184/184/184 185/185/185 191/191/191 
f 191/191/191 185/185/185 192/192/192 
f 185/185/185 186/186/186 192/192/192 
f 192/192/192 186/186/186 193/193/193 
f 186/186/186 187/187/187 193/193/193 
f 193/193/193 187/187/187 194/194/194 
f 187/187/187 188/188/188 194/194/194 
f 194/194/194 188/188/188 195/195/195 
f 196/196/196 197/197/197 203/203/203 
f 203/203/203 197/197/197 204/204/204 
f 197/197/197 198/198/198 204/204/204 
f 204/204/204 198/198/198 205/205/205 
f 198/198/198 199/199/199 205/205/205 
f 205/205/205 199/199/199 206/206/206 
f 199/199/199 200/200/200 206/206/206 
f 206/206/206 200/200/200 207/207/207 
f 200/200/200 201/201/201 207/207/207 
f 207/207/207 201/201/201 208/208/208 
f 201/201/201 202/202/202 208/208/208 
f 208/208/208 202/202/202 209/209/209 
f 203/203/203 204/204/204 210/210/210 
f 210/210/210 204/204/204 211/211/211 
f 204/204/204 205/205/205 211/211/211 
f 211/211/211 205/205/205 212/212/212 
f 205/205/205 206/206/206 212/212/212 
f 212/212/212 206/206/206 213/213/213 
f 206/206/206 207/207/207 213/213/213 
f 213/213/213 207/207/207 214/214/214 
f 207/207/207 208/208/208 214/214/214 
f 214/214/214 208/208/208 215/215/215 
f 208/208/208 209/209/209 215/215/215 
f 215/215/215 209/209/209 216/216/216 
f 210/210/210 211/211/211 217/217/217 
f 217/217/217 211/211/211 218/218/218 
f 211/211/211 212/212/212 218/218/218 
f 218/218/218 212/212/212 219/219/219 
f 212/212/212 213/213/213 219/219/219 
f 219/219/219 213/213/213 220/220/220 
f 213/213/213 214/214/214 220/220/220 
f 220/220/220 214/214/214 221/221/221 
f 214/214/214 215/215/215 221/221/221 
f 221/221/221 215/215/215 222/222/222 
f 215/215/215 216/216/216 222/222/222 
f 222/222/222 216/216/216 223/223/223 
f 217/217/217 218/218/218 224/224/224 
f 224/224/224 218/218/218 225/225/225 
f 218/218/218 219/219/219 225/225/225 
f 225/225/225 219/219/219 226/226/226 
f 219/219/219 220/220/220 226/226/226 
f 226/226/226 220/220/220 227/227/227 
f 220/220/220 221/221/221 227/227/227 
f 227/227/227 221/221/221 228/228/228 
f 221/221/221 222/222/222 228/228/228 
f 228/228/228 222/222/222 229/229/229 
f 222/222/222 223/223/223 229/229/229 
f 229/229/229 223/223/223 230/230/230 
f 224/224/224 225/225/225 231/231/231 
f 231/231/231 225/225/225 232/232/232 
f 225/225/225 226/226/226 232/232/232 
f 232/232/232 226/226/226 233/233/233 
f 226/226/226 227/227/227 233/233/233 
f 233/233/233 227/227/227 234/234/234 
f 227/227/227 228/228/228 234/234/234 
f 234/234/234 228/228/228 235/235/235 
f 228/228/228 229/229/229 235/235/235 
f 235/235/235 229/229/229 236/236/236 
f 229/229/229 230/230/230 236/236/236 
f 236/236/236 230/230/230 237/237/237 
f 231/231/231 232/232/232 238/238/238 
f 238/238/238 232/232/232 239/239/239 
f 232/232/232 233/233/233 239/239/239 
f 239/239/239 233/233/233 240/240/240 
f 233/233/233 234/234/234 240/240/240 
f 240/240/240 234/234/234 241/241/241 
f 234/234/234 235/235/235 241/241/241 
f 241/241/241 235/235/235 242/242/242 
f 235/235/235 236/236/236 242/242/242 
f 242/242/242 236/236/236 243/243/243 
f 236/236/236 237/237/237 243/243/243 
f 243/243/243 237/237/237 244/244/244 
f 245/245/245 246/246/246 252/252/252 
f 252/252/252 246/246/246 253/253/253 
f 246/246/246 247/247/247 253/253/253 
f 253/253/253 247/247/247 254/254/254 
f 247/247/247 248/248/248 254/254/254 
f 254/254/254 248/248/248 255/255/255 
f 248/248/248 249/249/249 255/255/255 
f 255/255/255 249/249/249 256/256/256 
f 249/249/249 250/250/250 256/256/256 
f 256/256/256 250/250/250 257/257/257 
f 250/250/250 251/251/251 257/257/257 
f 257/257/257 251/251/251 258/258/258 
f 252/252/252 253/253/253 259/259/259 
f 259/259/259 253/253/253 260/260/260 
f 253/253/253 254/254/254 260/260/260 
f 260/260/260 254/254/254 261/261/261 
f 254/254/254 255/255/255 261/261/261 
f 261/261/261 255/255/255 262/262/262 
f 255/255/255 256/256/256 262/262/262 
f 262/262/262 256/256/256 263/263/263 
f 256/256/256 257/257/257 263/263/263 
f 263/263/263 257/257/257 264/264/264 
f 257/257/257 258/258/258 264/264/264 
f 264/264/264 258/258/258 265/265/265 
f 259/259/259 260/260/260 266/266/266 
f 266/266/266 260/260/260 267/267/267 
f 260/260/260 261/261/261 267/267/267 
f 267/267/267 261/261/261 268/268/268 
f 261/261/261 262/262/262 268/268/268 
f 268/268/268 262/262/262 269/269/269 
f 262/262/262 263/263/263 269/269/269 
f 269/269/269 263/263/263 270/270/270 
f 263/263/263 264/264/264 270/270/270 
f 270/270/270 264/264/264 271/271/271 
f 264/264/264 265/265/265 271/271/271 
f 271/271/271 265/265/265 272/272/272 
f 266/266/266 267/267/267 273/273/273 
f 273/273/273 267/267/267 274/274/274 
f 267/267/267 268/268/268 274/274/274 
f 274/274/274 268/268/268 275/275/275 
f 268/268/268 269/269/269 275/275/275 
f 275/275/275 269/269/269 276/276/276 
f 269/269/269 270/270/270 276/276/276 
f 276/276/276 270/270/270 277/277/277 
f 270/270/270 271/271/271 277/277/277 
f 277/277/277 271/271/271 278/278/278 
f 271/271/271 272/272/272 278/278/278 
f 278/278/278 272/272/272 279/279/279 
f 273/273/273 274/274/274 280/280/280 
f 280/280/280 274/274/274 281/281/281 
f 274/274/274 275/275/275 281/281/281 
f 281/281/281 275/275/275 282/282/282 
f 275/275/275 276/276/276 282/282/282 
f 282/282/282 276/276/276 283/283/283 
f 276/276/276 277/277/277 283/283/283 
f 283/283/283 277/277/277 284/284/284 
f 277/277/277 278/278/278 284/284/284 
f 284/284/284 278/278/278 285/285/285 
f 278/278/278 279/279/279 285/285/285 
f 285/285/285 279/279/279 286/286/286 
f 280/280/280 281/281/281 287/287/287 
f 287/287/287 281/281/281 288/288/288 
f 281/281/281 282/282/282 288/288/288 
f 288/288/288 282/282/282 289/289/289 
f 282/282/282 283/283/283 289/289/289 
f 289/289/289 283/283/283 290/290/290 
f 283/283/283 284/284/284 290/290/290 
f 290/290/290 284/284/284 291/291/291 
f 284/284/284 285/285/285 291/291/291 
f 291/291/291 285/285/285 292/292/292 
f 285/285/285 286/286/286 292/292/292 
f 292/292/292 286/286/286 293/293/293 
f 294/294/294 295/295/295 301/301/301 
f 301/301/301 295/295/295 302/302/302 
f 295/295/295 296/296/296 302/302/302 
f 302/302/302 296/296/296 303/303/303 
f 296/296/296 297/297/297 303/303/303 
f 303/303/303 297/297/297 304/304/304 
f 297/297/297 298/298/298 304/304/304 
f 304/304/304 298/298/298 305/305/305 
f 298/298/298 299/299/299 305/305/305 
f 305/305/305 299/299/299 306/306/306 
f 299/299/299 300/300/300 306/306/306 
f 306/306/306 300/300/300 307/307/307 
f 301/301/301 302/302/302 308/308/308 
f 308/308/308 302/302/302 309/309/309 
f 302/302/302 303/303/303 309/309/309 
f 309/309/309 303/303/303 310/310/310 
f 303/303/303 304/304/304 310/310/310 
f 310/310/310 304/304/304 311/311/311 
f 304/304/304 305/305/305 311/311/311 
f 311/311/311 305/305/305 312/312/312 
f 305/305/305 306/306/306 312/312/312 
f 312/312/312 306/306/306 313/313/313 
f 306/306/306 307/307/307 313/313/313 
f 313/313/313 307/307/307 314/314/314 
f 308/308/308 309/309/309 315/315/315 
f 315/315/315 309/309/309 316/316/316 
f 309/309/309 310/310/310 316/316/316 
f 316/316/316 310/310/310 317/317/317 
f 310/310/310 311/311/311 317/317/317 
f 317/317/317 311/311/311 318/318/318 
f 311/311/311 312/312/312 318/318/318 
f 318/318/318 312/312/312 319/319/319 
f 312/312/312 313/313/313 319/319/319 
f 319/319/319 313/313/313 320/320/320 
f 313/313/313 314/314/314 320/320/320 
f 320/320/320 314/314/314 321/321/321 
f 315/315/315 316/316/316 322/322/322 
f 322/322/322 316/316/316 323/323/323 
f 316/316/316 317/317/317 323/323/323 
f 323/323/323 317/317/317 324/324/324 
f 317/317/317 318/318/318 324/324/324 
f 324/324/324 318/318/318 325/325/325 
f 318/318/318 319/319/319 325/325/325 
f 325/325/325 319/319/319 326/326/326 
f 319/319/319 320/320/320 326/326/326 
f 326/326/326 320/320/320 327/327/327 
f 320/320/320 321/321/321 327/327/327 
f 327/327/327 321/321/321 328/328/328 
f 322/322/322 323/323/323 329/329/329 
f 329/329/329 323/323/323 330/330/330 
f 323/323/323 324/324/324 330/330/330 
f 330/330/330 324/324/324 331/331/331 
f 324/324/324 325/325/325 331/331/331 
f 331/331/331 325/325/325 332/332/332 
f 325/325/325 326/326/326 332/332/332 
f 332/332/332 326/326/326 333/333/333 
f 326/326/326 327/327/327 333/333/333 
f 333/333/333 327/327/327 334/334/334 
f 327/327/327 328/328/328 334/334/334 
f 334/334/334 328/328/328 335/335/335 
f 329/329/329 330/330/330 336/336/336 
f 336/336/336 330/330/330 337/337/337 
f 330/330/330 331/331/331 337/337/337 
f 337/337/337 331/331/331 338/338/338 
f 331/331/331 332/332/332 338/338/338 
f 338/338/338 332/332/332 339/339/339 
f 332/332/332 333/333/333 339/339/339 
f 339/339/339 333/333/333 340/340/340 
f 333/333/333 334/334/334 340/340/340 
f 340/340/340 334/334/334 341/341/341 
f 334/334/334 335/335/335 341/341/341 
f 341/341/341 335/335/335 342/342/342 

g 12

v 4.1547 491.155 -1.1547 
v 4.2792 491.279 -0.852803 
v 4.37649 491.376 -0.458831 
v 4.41421 491.414 8.42937e-08 
v 4.37649 491.376 0.458832 
v 4.2792 491.279 0.852803 
v 4.1547 491.155 1.1547 
v 4.2792 490.853 -1.2792 
v 4.45521 490.97 -0.970142 
v 4.60357 491.069 -0.534522 
v 4.6641 491.109 9.91881e-08 
v 4.60357 491.069 0.534523 
v 4.45521 490.97 0.970143 
v 4.2792 490.853 1.2792 
v 4.37649 490.459 -1.37649 
v 4.60357 490.535 -1.06904 
v 4.80907 490.603 -0.603023 
v 4.89737 490.632 1.13092e-07 
v 4.80907 490.603 0.603023 
v 4.60357 490.535 1.06905 
v 4.37649 490.459 1.37649 
v 4.41421 490 -1.41421 
v 4.6641 490 -1.1094 
v 4.89737 490 -0.632455 
v 5 490 1.19209e-07 
v 4.89737 490 0.632456 
v 4.6641 490 1.1094 
v 4.41421 490 1.41421 
v 4.37649 489.541 -1.37649 
v 4.60357 489.465 -1.06904 
v 4.80907 489.397 -0.603023 
v 4.89737 489.368 1.13092e-07 
v 4.80907 489.397 0.603023 
v 4.60357 489.465 1.06905 
v 4.37649 489.541 1.37649 
v 4.2792 489.147 -1.2792 
v 4.45521 489.03 -0.970142 
v 4.60357 488.931 -0.534522 
v 4.6641 488.891 9.91881e-08 
v 4.60357 488.931 0.534523 
v 4.45521 489.03 0.970143 
v 4.2792 489.147 1.2792 
v 4.1547 488.845 -1.1547 
v 4.2792 488.721 -0.852803 
v 4.37649 488.624 -0.458831 
v 4.41421 488.586 8.42937e-08 
v 4.37649 488.624 0.458832 
v 4.2792 488.721 0.852803 
v 4.1547 488.845 1.1547 
v 1.8453 491.155 1.1547 
v 2.1472 491.279 1.2792 
v 2.54117 491.376 1.37649 
v 3 491.414 1.41421 
v 3.45883 491.376 1.37649 
v 3.8528 491.279 1.2792 
v 4.1547 491.155 1.1547 
v 1.7208 491.279 0.852803 
v 2.02986 491.455 0.970142 
v 2.46548 491.604 1.06904 
v 3 491.664 1.1094 
v 3.53452 491.604 1.06904 
v 3.97014 491.455 0.970142 
v 4.2792 491.279 0.852803 
v 1.62351 491.376 0.458831 
v 1.93096 491.604 0.534522 
v 2.39698 491.809 0.603023 
v 3 491.897 0.632455 
v 3.60302 491.809 0.603023 
v 4.06905 491.604 0.534522 
v 4.37649 491.376 0.458831 
v 1.58579 491.414 -8.42937e-08 
v 1.8906 491.664 -9.91881e-08 
v 2.36754 491.897 -1.13092e-07 
v 3 492 -1.19209e-07 
v 3.63246 491.897 -1.13092e-07 
v 4.1094 491.664 -9.91881e-08 
v 4.41421 491.414 -8.42937e-08 
v 1.62351 491.376 -0.458832 
v 1.93096 491.604 -0.534523 
v 2.39698 491.809 -0.603023 
v 3 491.897 -0.632456 
v 3.60302 491.809 -0.603023 
v 4.06905 491.604 -0.534523 
v 4.37649 491.376 -0.458832 
v 1.7208 491.279 -0.852803 
v 2.02986 491.455 -0.970143 
v 2.46548 491.604 -1.06905 
v 3 491.664 -1.1094 
v 3.53452 491.604 -1.06905 
v 3.97014 491.455 -0.970143 
v 4.2792 491.279 -0.852803 
v 1.8453 491.155 -1.1547 
v 2.1472 491.279 -1.2792 
v 2.54117 491.376 -1.37649 
v 3 491.414 -1.41421 
v 3.45883 491.376 -1.37649 
v 3.8528 491.279 -1.2792 
v 4.1547 491.155 -1.1547 
v 4.1547 491.155 1.1547 
v 3.8528 491.279 1.2792 
v 3.45883 491.376 1.37649 
v 3 491.414 1.41421 
v 2.54117 491.376 1.37649 
v 2.1472 491.279 1.2792 
v 1.8453 491.155 1.1547 
v 4.2792 490.853 1.2792 
v 3.97014 490.97 1.45521 
v 3.53452 491.069 1.60357 
v 3 491.109 1.6641 
v 2.46548 491.069 1.60357 
v 2.02986 490.97 1.45521 
v 1.7208 490.853 1.2792 
v 4.37649 490.459 1.37649 
v 4.06905 490.535 1.60357 
v 3.60302 490.603 1.80907 
v 3 490.632 1.89737 
v 2.39698 490.603 1.80907 
v 1.93095 490.535 1.60357 
v 1.62351 490.459 1.37649 
v 4.41421 490 1.41421 
v 4.1094 490 1.6641 
v 3.63246 490 1.89737 
v 3 490 2 
v 2.36754 490 1.89737 
v 1.8906 490 1.6641 
v 1.58579 490 1.41421 
v 4.37649 489.541 1.37649 
v 4.06905 489.465 1.60357 
v 3.60302 489.397 1.80907 
v 3 489.368 1.89737 
v 2.39698 489.397 1.80907 
v 1.93095 489.465 1.60357 
v 1.62351 489.541 1.37649 
v 4.2792 489.147 1.2792 
v 3.97014 489.03 1.45521 
v 3.53452 488.931 1.60357 
v 3 488.891 1.6641 
v 2.46548 488.931 1.60357 
v 2.02986 489.03 1.45521 
v 1.7208 489.147 1.2792 
v 4.1547 488.845 1.1547 
v 3.8528 488.721 1.2792 
v 3.45883 488.624 1.37649 
v 3 488.586 1.41421 
v 2.54117 488.624 1.37649 
v 2.1472 488.721 1.2792 
v 1.8453 488.845 1.1547 
v 1.8453 491.155 1.1547 
v 1.7208 491.279 0.852803 
v 1.62351 491.376 0.458831 
v 1.58579 491.414 -8.42937e-08 
v 1.62351 491.376 -0.458832 
v 1.7208 491.279 -0.852803 
v 1.8453 491.155 -1.1547 
v 1.7208 490.853 1.2792 
v 1.54479 490.97 0.970142 
v 1.39643 491.069 0.534522 
v 1.3359 491.109 -9.91881e-08 
v 1.39643 491.069 -0.534523 
v 1.54479 490.97 -0.970143 
v 1.7208 490.853 -1.2792 
v 1.62351 490.459 1.37649 
v 1.39643 490.535 1.06904 
v 1.19093 490.603 0.603023 
v 1.10263 490.632 -1.13092e-07 
v 1.19093 490.603 -0.603023 
v 1.39643 490.535 -1.06905 
v 1.62351 490.459 -1.37649 
v 1.58579 490 1.41421 
v 1.3359 490 1.1094 
v 1.10263 490 0.632455 
v 1 490 -1.19209e-07 
v 1.10263 490 -0.632456 
v 1.3359 490 -1.1094 
v 1.58579 490 -1.41421 
v 1.62351 489.541 1.37649 
v 1.39643 489.465 1.06904 
v 1.19093 489.397 0.603023 
v 1.10263 489.368 -1.13092e-07 
v 1.19093 489.397 -0.603023 
v 1.39643 489.465 -1.06905 
v 1.62351 489.541 -1.37649 
v 1.7208 489.147 1.2792 
v 1.54479 489.03 0.970142 
v 1.39643 488.931 0.534522 
v 1.3359 488.891 -9.91881e-08 
v 1.39643 488.931 -0.534523 
v 1.54479 489.03 -0.970143 
v 1.7208 489.147 -1.2792 
v 1.8453 488.845 1.1547 
v 1.7208 488.721 0.852803 
v 1.62351 488.624 0.458831 
v 1.58579 488.586 -8.42937e-08 
v 1.62351 488.624 -0.458832 
v 1.7208 488.721 -0.852803 
v 1.8453 488.845 -1.1547 
v 1.8453 488.845 -1.1547 
v 2.1472 488.721 -1.2792 
v 2.54117 488.624 -1.37649 
v 3 488.586 -1.41421 
v 3.45883 488.624 -1.37649 
v 3.8528 488.721 -1.2792 
v 4.1547 488.845 -1.1547 
v 1.7208 488.721 -0.852803 
v 2.02986 488.545 -0.970142 
v 2.46548 488.396 -1.06904 
v 3 488.336 -1.1094 
v 3.53452 488.396 -1.06904 
v 3.97014 488.545 -0.970142 
v 4.2792 488.721 -0.852803 
v 1.62351 488.624 -0.458831 
v 1.93096 488.396 -0.534522 
v 2.39698 488.191 -0.603023 
v 3 488.103 -0.632455 
v 3.60302 488.191 -0.603023 
v 4.06905 488.396 -0.534522 
v 4.37649 488.624 -0.458831 
v 1.58579 488.586 8.42937e-08 
v 1.8906 488.336 9.91881e-08 
v 2.36754 488.103 1.13092e-07 
v 3 488 1.19209e-07 
v 3.63246 488.103 1.13092e-07 
v 4.1094 488.336 9.91881e-08 
v 4.41421 488.586 8.42937e-08 
v 1.62351 488.624 0.458832 
v 1.93096 488.396 0.534523 
v 2.39698 488.191 0.603023 
v 3 488.103 0.632456 
v 3.60302 488.191 0.603023 
v 4.06905 488.396 0.534523 
v 4.37649 488.624 0.458832 
v 1.7208 488.721 0.852803 
v 2.02986 488.545 0.970143 
v 2.46548 488.396 1.06905 
v 3 488.336 1.1094 
v 3.53452 488.396 1.06905 
v 3.97014 488.545 0.970143 
v 4.2792 488.721 0.852803 
v 1.8453 488.845 1.1547 
v 2.1472 488.721 1.2792 
v 2.54117 488.624 1.37649 
v 3 488.586 1.41421 
v 3.45883 488.624 1.37649 
v 3.8528 488.721 1.2792 
v 4.1547 488.845 1.1547 
v 1.8453 491.155 -1.1547 
v 2.1472 491.279 -1.2792 
v 2.54117 491.376 -1.37649 
v 3 491.414 -1.41421 
v 3.45883 491.376 -1.37649 
v 3.8528 491.279 -1.2792 
v 4.1547 491.155 -1.1547 
v 1.7208 490.853 -1.2792 
v 2.02986 490.97 -1.45521 
v 2.46548 491.069 -1.60357 
v 3 491.109 -1.6641 
v 3.53452 491.069 -1.60357 
v 3.97014 490.97 -1.45521 
v 4.2792 490.853 -1.2792 
v 1.62351 490.459 -1.37649 
v 1.93096 490.535 -1.60357 
v 2.39698 490.603 -1.80907 
v 3 490.632 -1.89737 
v 3.60302 490.603 -1.80907 
v 4.06905 490.535 -1.60357 
v 4.37649 490.459 -1.37649 
v 1.58579 490 -1.41421 
v 1.8906 490 -1.6641 
v 2.36754 490 -1.89737 
v 3 490 -2 
v 3.63246 490 -1.89737 
v 4.1094 490 -1.6641 
v 4.41421 490 -1.41421 
v 1.62351 489.541 -1.37649 
v 1.93096 489.465 -1.60357 
v 2.39698 489.397 -1.80907 
v 3 489.368 -1.89737 
v 3.60302 489.397 -1.80907 
v 4.06905 489.465 -1.60357 
v 4.37649 489.541 -1.37649 
v 1.7208 489.147 -1.2792 
v 2.02986 489.03 -1.45521 
v 2.46548 488.931 -1.60357 
v 3 488.891 -1.6641 
v 3.53452 488.931 -1.60357 
v 3.97014 489.03 -1.45521 
v 4.2792 489.147 -1.2792 
v 1.8453 488.845 -1.1547 
v 2.1472 488.721 -1.2792 
v 2.54117 488.624 -1.37649 
v 3 488.586 -1.41421 
v 3.45883 488.624 -1.37649 
v 3.8528 488.721 -1.2792 
v 4.1547 488.845 -1.1547 

vn 0.574803 0.574803 -0.574803 
vn 0.637795 0.637795 -0.425197 
vn 0.685039 0.685039 -0.228346 
vn 0.708661 0.708661 0 
vn 0.685039 0.685039 0.228346 
vn 0.637795 0.637795 0.425197 
vn 0.574803 0.574803 0.574803 
vn 0.637795 0.425197 -0.637795 
vn 0.724409 0.488189 -0.488189 
vn 0.80315 0.535433 -0.267717 
vn 0.834646 0.551181 0 
vn 0.80315 0.535433 0.267717 
vn 0.724409 0.488189 0.488189 
vn 0.637795 0.425197 0.637795 
vn 0.685039 0.228346 -0.685039 
vn 0.80315 0.267717 -0.535433 
vn 0.905512 0.299213 -0.299213 
vn 0.944882 0.314961 0 
vn 0.905512 0.299213 0.299213 
vn 0.80315 0.267717 0.535433 
vn 0.685039 0.228346 0.685039 
vn 0.708661 0 -0.708661 
vn 0.834646 0 -0.551181 
vn 0.944882 0 -0.314961 
vn 1 0 0 
vn 0.944882 0 0.314961 
vn 0.834646 0 0.551181 
vn 0.708661 0 0.708661 
vn 0.685039 -0.228346 -0.685039 
vn 0.80315 -0.267717 -0.535433 
vn 0.905512 -0.299213 -0.299213 
vn 0.944882 -0.314961 0 
vn 0.905512 -0.299213 0.299213 
vn 0.80315 -0.267717 0.535433 
vn 0.685039 -0.228346 0.685039 
vn 0.637795 -0.425197 -0.637795 
vn 0.724409 -0.488189 -0.488189 
vn 0.80315 -0.535433 -0.267717 
vn 0.834646 -0.551181 0 
vn 0.80315 -0.535433 0.267717 
vn 0.724409 -0.488189 0.488189 
vn 0.637795 -0.425197 0.637795 
vn 0.574803 -0.574803 -0.574803 
vn 0.637795 -0.637795 -0.425197 
vn 0.685039 -0.685039 -0.228346 
vn 0.708661 -0.708661 0 
vn 0.685039 -0.685039 0.228346 
vn 0.637795 -0.637795 0.425197 
vn 0.574803 -0.574803 0.574803 
vn -0.574803 0.574803 0.574803 
vn -0.425197 0.637795 0.637795 
vn -0.228346 0.685039 0.685039 
vn 0 0.708661 0.708661 
vn 0.228346 0.685039 0.685039 
vn 0.425197 0.637795 0.637795 
vn 0.574803 0.574803 0.574803 
vn -0.637795 0.637795 0.425197 
vn -0.488189 0.724409 0.488189 
vn -0.267717 0.80315 0.535433 
vn 0 0.834646 0.551181 
vn 0.267717 0.80315 0.535433 
vn 0.488189 0.724409 0.488189 
vn 0.637795 0.637795 0.425197 
vn -0.685039 0.685039 0.228346 
vn -0.535433 0.80315 0.267717 
vn -0.299213 0.905512 0.299213 
vn 0 0.944882 0.314961 
vn 0.299213 0.905512 0.299213 
vn 0.535433 0.80315 0.267717 
vn 0.685039 0.685039 0.228346 
vn -0.708661 0.708661 0 
vn -0.551181 0.834646 0 
vn -0.314961 0.944882 0 
vn 0 1 0 
vn 0.314961 0.944882 0 
vn 0.551181 0.834646 0 
vn 0.708661 0.708661 0 
vn -0.685039 0.685039 -0.228346 
vn -0.535433 0.80315 -0.267717 
vn -0.299213 0.905512 -0.299213 
vn 0 0.944882 -0.314961 
vn 0.299213 0.905512 -0.299213 
vn 0.535433 0.80315 -0.267717 
vn 0.685039 0.685039 -0.228346 
vn -0.637795 0.637795 -0.425197 
vn -0.488189 0.724409 -0.488189 
vn -0.267717 0.80315 -0.535433 
vn 0 0.834646 -0.551181 
vn 0.267717 0.80315 -0.535433 
vn 0.488189 0.724409 -0.488189 
vn 0.637795 0.637795 -0.425197 
vn -0.574803 0.574803 -0.574803 
vn -0.425197 0.637795 -0.637795 
vn -0.228346 0.685039 -0.685039 
vn 0 0.708661 -0.708661 
vn 0.228346 0.685039 -0.685039 
vn 0.425197 0.637795 -0.637795 
vn 0.574803 0.574803 -0.574803 
vn 0.574803 0.574803 0.574803 
vn 0.425197 0.637795 0.637795 
vn 0.228346 0.685039 0.685039 
vn 0 0.708661 0.708661 
vn -0.228346 0.685039 0.685039 
vn -0.425197 0.637795 0.637795 
vn -0.574803 0.574803 0.574803 
vn 0.637795 0.425197 0.637795 
vn 0.488189 0.488189 0.724409 
vn 0.267717 0.535433 0.80315 
vn 0 0.551181 0.834646 
vn -0.267717 0.535433 0.80315 
vn -0.488189 0.488189 0.724409 
vn -0.637795 0.425197 0.637795 
vn 0.685039 0.228346 0.685039 
vn 0.535433 0.267717 0.80315 
vn 0.299213 0.299213 0.905512 
vn 0 0.314961 0.944882 
vn -0.299213 0.299213 0.905512 
vn -0.535433 0.267717 0.80315 
vn -0.685039 0.228346 0.685039 
vn 0.708661 0 0.708661 
vn 0.551181 0 0.834646 
vn 0.314961 0 0.944882 
vn 0 0 1 
vn -0.314961 0 0.944882 
vn -0.551181 0 0.834646 
vn -0.708661 0 0.708661 
vn 0.685039 -0.228346 0.685039 
vn 0.535433 -0.267717 0.80315 
vn 0.299213 -0.299213 0.905512 
vn 0 -0.314961 0.944882 
vn -0.299213 -0.299213 0.905512 
vn -0.535433 -0.267717 0.80315 
vn -0.685039 -0.228346 0.685039 
vn 0.637795 -0.425197 0.637795 
vn 0.488189 -0.488189 0.724409 
vn 0.267717 -0.535433 0.80315 
vn 0 -0.551181 0.834646 
vn -0.267717 -0.535433 0.80315 
vn -0.488189 -0.488189 0.724409 
vn -0.637795 -0.425197 0.637795 
vn 0.574803 -0.574803 0.574803 
vn 0.425197 -0.637795 0.637795 
vn 0.228346 -0.685039 0.685039 
vn 0 -0.708661 0.708661 
vn -0.228346 -0.685039 0.685039 
vn -0.425197 -0.637795 0.637795 
vn -0.574803 -0.574803 0.574803 
vn -0.574803 0.574803 0.574803 
vn -0.637795 0.637795 0.425197 
vn -0.685039 0.685039 0.228346 
vn -0.708661 0.708661 0 
vn -0.685039 0.685039 -0.228346 
vn -0.637795 0.637795 -0.425197 
vn -0.574803 0.574803 -0.574803 
vn -0.637795 0.425197 0.637795 
vn -0.724409 0.488189 0.488189 
vn -0.80315 0.535433 0.267717 
vn -0.834646 0.551181 0 
vn -0.80315 0.535433 -0.267717 
vn -0.724409 0.488189 -0.488189 
vn -0.637795 0.425197 -0.637795 
vn -0.685039 0.228346 0.685039 
vn -0.80315 0.267717 0.535433 
vn -0.905512 0.299213 0.299213 
vn -0.944882 0.314961 0 
vn -0.905512 0.299213 -0.299213 
vn -0.80315 0.267717 -0.535433 
vn -0.685039 0.228346 -0.685039 
vn -0.708661 0 0.708661 
vn -0.834646 0 0.551181 
vn -0.944882 0 0.314961 
vn -1 0 0 
vn -0.944882 0 -0.314961 
vn -0.834646 0 -0.551181 
vn -0.708661 0 -0.708661 
vn -0.685039 -0.228346 0.685039 
vn -0.80315 -0.267717 0.535433 
vn -0.905512 -0.299213 0.299213 
vn -0.944882 -0.314961 0 
vn -0.905512 -0.299213 -0.299213 
vn -0.80315 -0.267717 -0.535433 
vn -0.685039 -0.228346 -0.685039 
vn -0.637795 -0.425197 0.637795 
vn -0.724409 -0.488189 0.488189 
vn -0.80315 -0.535433 0.267717 
vn -0.834646 -0.551181 0 
vn -0.80315 -0.535433 -0.267717 
vn -0.724409 -0.488189 -0.488189 
vn -0.637795 -0.425197 -0.637795 
vn -0.574803 -0.574803 0.574803 
vn -0.637795 -0.637795 0.425197 
vn -0.685039 -0.685039 0.228346 
vn -0.708661 -0.708661 0 
vn -0.685039 -0.685039 -0.228346 
vn -0.637795 -0.637795 -0.425197 
vn -0.574803 -0.574803 -0.574803 
vn -0.574803 -0.574803 -0.574803 
vn -0.425197 -0.637795 -0.637795 
vn -0.228346 -0.685039 -0.685039 
vn 0 -0.708661 -0.708661 
vn 0.228346 -0.685039 -0.685039 
vn 0.425197 -0.637795 -0.637795 
vn 0.574803 -0.574803 -0.574803 
vn -0.637795 -0.637795 -0.425197 
vn -0.488189 -0.724409 -0.488189 
vn -0.267717 -0.80315 -0.535433 
vn 0 -0.834646 -0.551181 
vn 0.267717 -0.80315 -0.535433 
vn 0.488189 -0.724409 -0.488189 
vn 0.637795 -0.637795 -0.425197 
vn -0.685039 -0.685039 -0.228346 
vn -0.535433 -0.80315 -0.267717 
vn -0.299213 -0.905512 -0.299213 
vn 0 -0.944882 -0.314961 
vn 0.299213 -0.905512 -0.299213 
vn 0.535433 -0.80315 -0.267717 
vn 0.685039 -0.685039 -0.228346 
vn -0.708661 -0.708661 0 
vn -0.551181 -0.834646 0 
vn -0.314961 -0.944882 0 
vn 0 -1 0 
vn 0.314961 -0.944882 0 
vn 0.551181 -0.834646 0 
vn 0.708661 -0.708661 0 
vn -0.685039 -0.685039 0.228346 
vn -0.535433 -0.80315 0.267717 
vn -0.299213 -0.905512 0.299213 
vn 0 -0.944882 0.314961 
vn 0.299213 -0.905512 0.299213 
vn 0.535433 -0.80315 0.267717 
vn 0.685039 -0.685039 0.228346 
vn -0.637795 -0.637795 0.425197 
vn -0.488189 -0.724409 0.488189 
vn -0.267717 -0.80315 0.535433 
vn 0 -0.834646 0.551181 
vn 0.267717 -0.80315 0.535433 
vn 0.488189 -0.724409 0.488189 
vn 0.637795 -0.637795 0.425197 
vn -0.574803 -0.574803 0.574803 
vn -0.425197 -0.637795 0.637795 
vn -0.228346 -0.685039 0.685039 
vn 0 -0.708661 0.708661 
vn 0.228346 -0.685039 0.685039 
vn 0.425197 -0.637795 0.637795 
vn 0.574803 -0.574803 0.574803 
vn -0.574803 0.574803 -0.574803 
vn -0.425197 0.637795 -0.637795 
vn -0.228346 0.685039 -0.685039 
vn 0 0.708661 -0.708661 
vn 0.228346 0.685039 -0.685039 
vn 0.425197 0.637795 -0.637795 
vn 0.574803 0.574803 -0.574803 
vn -0.637795 0.425197 -0.637795 
vn -0.488189 0.488189 -0.724409 
vn -0.267717 0.535433 -0.80315 
vn 0 0.551181 -0.834646 
vn 0.267717 0.535433 -0.80315 
vn 0.488189 0.488189 -0.724409 
vn 0.637795 0.425197 -0.637795 
vn -0.685039 0.228346 -0.685039 
vn -0.535433 0.267717 -0.80315 
vn -0.299213 0.299213 -0.905512 
vn 0 0.314961 -0.944882 
vn 0.299213 0.299213 -0.905512 
vn 0.535433 0.267717 -0.80315 
vn 0.685039 0.228346 -0.685039 
vn -0.708661 0 -0.708661 
vn -0.551181 0 -0.834646 
vn -0.314961 0 -0.944882 
vn 0 0 -1 
vn 0.314961 0 -0.944882 
vn 0.551181 0 -0.834646 
vn 0.708661 0 -0.708661 
vn -0.685039 -0.228346 -0.685039 
vn -0.535433 -0.267717 -0.80315 
vn -0.299213 -0.299213 -0.905512 
vn 0 -0.314961 -0.944882 
vn 0.299213 -0.299213 -0.905512 
vn 0.535433 -0.267717 -0.80315 
vn 0.685039 -0.228346 -0.685039 
vn -0.637795 -0.425197 -0.637795 
vn -0.488189 -0.488189 -0.724409 
vn -0.267717 -0.535433 -0.80315 
vn 0 -0.551181 -0.834646 
vn 0.267717 -0.535433 -0.80315 
vn 0.488189 -0.488189 -0.724409 
vn 0.637795 -0.425197 -0.637795 
vn -0.574803 -0.574803 -0.574803 
vn -0.425197 -0.637795 -0.637795 
vn -0.228346 -0.685039 -0.685039 
vn 0 -0.708661 -0.708661 
vn 0.228346 -0.685039 -0.685039 
vn 0.425197 -0.637795 -0.637795 
vn 0.574803 -0.574803 -0.574803 

vt -1.16629 -3.99118 
vt -1.83295 -3.99118 
vt -2.49962 -3.99118 
vt -3.16629 -3.99118 
vt -3.83295 -3.99118 
vt -4.49962 -3.99118 
vt -5.16629 -3.99118 
vt -1.16629 -4.65785 
vt -1.83295 -4.65785 
vt -2.49962 -4.65785 
vt -3.16629 -4.65785 
vt -3.83295 -4.65785 
vt -4.49962 -4.65785 
vt -5.16629 -4.65785 
vt -1.16629 -5.32452 
vt -1.83295 -5.32452 
vt -2.49962 -5.32452 
vt -3.16629 -5.32452 
vt -3.83295 -5.32452 
vt -4.49962 -5.32452 
vt -5.16629 -5.32452 
vt -1.16629 -5.99118 
vt -1.83295 -5.99118 
vt -2.49962 -5.99118 
vt -3.16629 -5.99118 
vt -3.83295 -5.99118 
vt -4.49962 -5.99118 
vt -5.16629 -5.99118 
vt -1.16629 -6.65785 
vt -1.83295 -6.65785 
vt -2.49962 -6.65785 
vt -3.16629 -6.65785 
vt -3.83295 -6.65785 
vt -4.49962 -6.65785 
vt -5.16629 -6.65785 
vt -1.16629 -7.32452 
vt -1.83295 -7.32452 
vt -2.49962 -7.32452 
vt -3.16629 -7.32452 
vt -3.83295 -7.32452 
vt -4.49962 -7.32452 
vt -5.16629 -7.32452 
vt -1.16629 -7.99118 
vt -1.83295 -7.99118 
vt -2.49962 -7.99118 
vt -3.16629 -7.99118 
vt -3.83295 -7.99118 
vt -4.49962 -7.99118 
vt -5.16629 -7.99118 
vt -1.16629 -3.99118 
vt -1.83295 -3.99118 
vt -2.49962 -3.99118 
vt -3.16629 -3.99118 
vt -3.83295 -3.99118 
vt -4.49962 -3.99118 
vt -5.16629 -3.99118 
vt -1.16629 -4.65785 
vt -1.83295 -4.65785 
vt -2.49962 -4.65785 
vt -3.16629 -4.65785 
vt -3.83295 -4.65785 
vt -4.49962 -4.65785 
vt -5.16629 -4.65785 
vt -1.16629 -5.32452 
vt -1.83295 -5.32452 
vt -2.49962 -5.32452 
vt -3.16629 -5.32452 
vt -3.83295 -5.32452 
vt -4.49962 -5.32452 
vt -5.16629 -5.32452 
vt -1.16629 -5.99118 
vt -1.83295 -5.99118 
vt -2.49962 -5.99118 
vt -3.16629 -5.99118 
vt -3.83295 -5.99118 
vt -4.49962 -5.99118 
vt -5.16629 -5.99118 
vt -1.16629 -6.65785 
vt -1.83295 -6.65785 
vt -2.49962 -6.65785 
vt -3.16629 -6.65785 
vt -3.83295 -6.65785 
vt -4.49962 -6.65785 
vt -5.16629 -6.65785 
vt -1.16629 -7.32452 
vt -1.83295 -7.32452 
vt -2.49962 -7.32452 
vt -3.16629 -7.32452 
vt -3.83295 -7.32452 
vt -4.49962 -7.32452 
vt -5.16629 -7.32452 
vt -1.16629 -7.99118 
vt -1.83295 -7.99118 
vt -2.49962 -7.99118 
vt -3.16629 -7.99118 
vt -3.83295 -7.99118 
vt -4.49962 -7.99118 
vt -5.16629 -7.99118 
vt -1.16629 -3.99118 
vt -1.83295 -3.99118 
vt -2.49962 -3.99118 
vt -3.16629 -3.99118 
vt -3.83295 -3.99118 
vt -4.49962 -3.99118 
vt -5.16629 -3.99118 
vt -1.16629 -4.65785 
vt -1.83295 -4.65785 
vt -2.49962 -4.65785 
vt -3.16629 -4.65785 
vt -3.83295 -4.65785 
vt -4.49962 -4.65785 
vt -5.16629 -4.65785 
vt -1.16629 -5.32452 
vt -1.83295 -5.32452 
vt -2.49962 -5.32452 
vt -3.16629 -5.32452 
vt -3.83295 -5.32452 
vt -4.49962 -5.32452 
vt -5.16629 -5.32452 
vt -1.16629 -5.99118 
vt -1.83295 -5.99118 
vt -2.49962 -5.99118 
vt -3.16629 -5.99118 
vt -3.83295 -5.99118 
vt -4.49962 -5.99118 
vt -5.16629 -5.99118 
vt -1.16629 -6.65785 
vt -1.83295 -6.65785 
vt -2.49962 -6.65785 
vt -3.16629 -6.65785 
vt -3.83295 -6.65785 
vt -4.49962 -6.65785 
vt -5.16629 -6.65785 
vt -1.16629 -7.32452 
vt -1.83295 -7.32452 
vt -2.49962 -7.32452 
vt -3.16629 -7.32452 
vt -3.83295 -7.32452 
vt -4.49962 -7.32452 
vt -5.16629 -7.32452 
vt -1.16629 -7.99118 
vt -1.83295 -7.99118 
vt -2.49962 -7.99118 
vt -3.16629 -7.99118 
vt -3.83295 -7.99118 
vt -4.49962 -7.99118 
vt -5.16629 -7.99118 
vt -1.16629 -3.99118 
vt -1.83295 -3.99118 
vt -2.49962 -3.99118 
vt -3.16629 -3.99118 
vt -3.83295 -3.99118 
vt -4.49962 -3.99118 
vt -5.16629 -3.99118 
vt -1.16629 -4.65785 
vt -1.83295 -4.65785 
vt -2.49962 -4.65785 
vt -3.16629 -4.65785 
vt -3.83295 -4.65785 
vt -4.49962 -4.65785 
vt -5.16629 -4.65785 
vt -1.16629 -5.32452 
vt -1.83295 -5.32452 
vt -2.49962 -5.32452 
vt -3.16629 -5.32452 
vt -3.83295 -5.32452 
vt -4.49962 -5.32452 
vt -5.16629 -5.32452 
vt -1.16629 -5.99118 
vt -1.83295 -5.99118 
vt -2.49962 -5.99118 
vt -3.16629 -5.99118 
vt -3.83295 -5.99118 
vt -4.49962 -5.99118 
vt -5.16629 -5.99118 
vt -1.16629 -6.65785 
vt -1.83295 -6.65785 
vt -2.49962 -6.65785 
vt -3.16629 -6.65785 
vt -3.83295 -6.65785 
vt -4.49962 -6.65785 
vt -5.16629 -6.65785 
vt -1.16629 -7.32452 
vt -1.83295 -7.32452 
vt -2.49962 -7.32452 
vt -3.16629 -7.32452 
vt -3.83295 -7.32452 
vt -4.49962 -7.32452 
vt -5.16629 -7.32452 
vt -1.16629 -7.99118 
vt -1.83295 -7.99118 
vt -2.49962 -7.99118 
vt -3.16629 -7.99118 
vt -3.83295 -7.99118 
vt -4.49962 -7.99118 
vt -5.16629 -7.99118 
vt -1.16629 -3.99118 
vt -1.83295 -3.99118 
vt -2.49962 -3.99118 
vt -3.16629 -3.99118 
vt -3.83295 -3.99118 
vt -4.49962 -3.99118 
vt -5.16629 -3.99118 
vt -1.16629 -4.65785 
vt -1.83295 -4.65785 
vt -2.49962 -4.65785 
vt -3.16629 -4.65785 
vt -3.83295 -4.65785 
vt -4.49962 -4.65785 
vt -5.16629 -4.65785 
vt -1.16629 -5.32452 
vt -1.83295 -5.32452 
vt -2.49962 -5.32452 
vt -3.16629 -5.32452 
vt -3.83295 -5.32452 
vt -4.49962 -5.32452 
vt -5.16629 -5.32452 
vt -1.16629 -5.99118 
vt -1.83295 -5.99118 
vt -2.49962 -5.99118 
vt -3.16629 -5.99118 
vt -3.83295 -5.99118 
vt -4.49962 -5.99118 
vt -5.16629 -5.99118 
vt -1.16629 -6.65785 
vt -1.83295 -6.65785 
vt -2.49962 -6.65785 
vt -3.16629 -6.65785 
vt -3.83295 -6.65785 
vt -4.49962 -6.65785 
vt -5.16629 -6.65785 
vt -1.16629 -7.32452 
vt -1.83295 -7.32452 
vt -2.49962 -7.32452 
vt -3.16629 -7.32452 
vt -3.83295 -7.32452 
vt -4.49962 -7.32452 
vt -5.16629 -7.32452 
vt -1.16629 -7.99118 
vt -1.83295 -7.99118 
vt -2.49962 -7.99118 
vt -3.16629 -7.99118 
vt -3.83295 -7.99118 
vt -4.49962 -7.99118 
vt -5.16629 -7.99118 
vt -1.16629 -3.99118 
vt -1.83295 -3.99118 
vt -2.49962 -3.99118 
vt -3.16629 -3.99118 
vt -3.83295 -3.99118 
vt -4.49962 -3.99118 
vt -5.16629 -3.99118 
vt -1.16629 -4.65785 
vt -1.83295 -4.65785 
vt -2.49962 -4.65785 
vt -3.16629 -4.65785 
vt -3.83295 -4.65785 
vt -4.49962 -4.65785 
vt -5.16629 -4.65785 
vt -1.16629 -5.32452 
vt -1.83295 -5.32452 
vt -2.49962 -5.32452 
vt -3.16629 -5.32452 
vt -3.83295 -5.32452 
vt -4.49962 -5.32452 
vt -5.16629 -5.32452 
vt -1.16629 -5.99118 
vt -1.83295 -5.99118 
vt -2.49962 -5.99118 
vt -3.16629 -5.99118 
vt -3.83295 -5.99118 
vt -4.49962 -5.99118 
vt -5.16629 -5.99118 
vt -1.16629 -6.65785 
vt -1.83295 -6.65785 
vt -2.49962 -6.65785 
vt -3.16629 -6.65785 
vt -3.83295 -6.65785 
vt -4.49962 -6.65785 
vt -5.16629 -6.65785 
vt -1.16629 -7.32452 
vt -1.83295 -7.32452 
vt -2.49962 -7.32452 
vt -3.16629 -7.32452 
vt -3.83295 -7.32452 
vt -4.49962 -7.32452 
vt -5.16629 -7.32452 
vt -1.16629 -7.99118 
vt -1.83295 -7.99118 
vt -2.49962 -7.99118 
vt -3.16629 -7.99118 
vt -3.83295 -7.99118 
vt -4.49962 -7.99118 
vt -5.16629 -7.99118 

usemtl 12Mtl

f 343/343/343 344/344/344 350/350/350 
f 350/350/350 344/344/344 351/351/351 
f 344/344/344 345/345/345 351/351/351 
f 351/351/351 345/345/345 352/352/352 
f 345/345/345 346/346/346 352/352/352 
f 352/352/352 346/346/346 353/353/353 
f 346/346/346 347/347/347 353/353/353 
f 353/353/353 347/347/347 354/354/354 
f 347/347/347 348/348/348 354/354/354 
f 354/354/354 348/348/348 355/355/355 
f 348/348/348 349/349/349 355/355/355 
f 355/355/355 349/349/349 356/356/356 
f 350/350/350 351/351/351 357/357/357 
f 357/357/357 351/351/351 358/358/358 
f 351/351/351 352/352/352 358/358/358 
f 358/358/358 352/352/352 359/359/359 
f 352/352/352 353/353/353 359/359/359 
f 359/359/359 353/353/353 360/360/360 
f 353/353/353 354/354/354 360/360/360 
f 360/360/360 354/354/354 361/361/361 
f 354/354/354 355/355/355 361/361/361 
f 361/361/361 355/355/355 362/362/362 
f 355/355/355 356/356/356 362/362/362 
f 362/362/362 356/356/356 363/363/363 
f 357/357/357 358/358/358 364/364/364 
f 364/364/364 358/358/358 365/365/365 
f 358/358/358 359/359/359 365/365/365 
f 365/365/365 359/359/359 366/366/366 
f 359/359/359 360/360/360 366/366/366 
f 366/366/366 360/360/360 367/367/367 
f 360/360/360 361/361/361 367/367/367 
f 367/367/367 361/361/361 368/368/368 
f 361/361/361 362/362/362 368/368/368 
f 368/368/368 362/362/362 369/369/369 
f 362/362/362 363/363/363 369/369/369 
f 369/369/369 363/363/363 370/370/370 
f 364/364/364 365/365/365 371/371/371 
f 371/371/371 365/365/365 372/372/372 
f 365/365/365 366/366/366 372/372/372 
f 372/372/372 366/366/366 373/373/373 
f 366/366/366 367/367/367 373/373/373 
f 373/373/373 367/367/367 374/374/374 
f 367/367/367 368/368/368 374/374/374 
f 374/374/374 368/368/368 375/375/375 
f 368/368/368 369/369/369 375/375/375 
f 375/375/375 369/369/369 376/376/376 
f 369/369/369 370/370/370 376/376/376 
f 376/376/376 370/370/370 377/377/377 
f 371/371/371 372/372/372 378/378/378 
f 378/378/378 372/372/372 379/379/379 
f 372/372/372 373/373/373 379/379/379 
f 379/379/379 373/373/373 380/380/380 
f 373/373/373 374/374/374 380/380/380 
f 380/380/380 374/374/374 381/381/381 
f 374/374/374 375/375/375 381/381/381 
f 381/381/381 375/375/375 382/382/382 
f 375/375/375 376/376/376 382/382/382 
f 382/382/382 376/376/376 383/383/383 
f 376/376/376 377/377/377 383/383/383 
f 383/383/383 377/377/377 384/384/384 
f 378/378/378 379/379/379 385/385/385 
f 385/385/385 379/379/379 386/386/386 
f 379/379/379 380/380/380 386/386/386 
f 386/386/386 380/380/380 387/387/387 
f 380/380/380 381/381/381 387/387/387 
f 387/387/387 381/381/381 388/388/388 
f 381/381/381 382/382/382 388/388/388 
f 388/388/388 382/382/382 389/389/389 
f 382/382/382 383/383/383 389/389/389 
f 389/389/389 383/383/383 390/390/390 
f 383/383/383 384/384/384 390/390/390 
f 390/390/390 384/384/384 391/391/391 
f 392/392/392 393/393/393 399/399/399 
f 399/399/399 393/393/393 400/400/400 
f 393/393/393 394/394/394 400/400/400 
f 400/400/400 394/394/394 401/401/401 
f 394/394/394 395/395/395 401/401/401 
f 401/401/401 395/395/395 402/402/402 
f 395/395/395 396/396/396 402/402/402 
f 402/402/402 396/396/396 403/403/403 
f 396/396/396 397/397/397 403/403/403 
f 403/403/403 397/397/397 404/404/404 
f 397/397/397 398/398/398 404/404/404 
f 404/404/404 398/398/398 405/405/405 
f 399/399/399 400/400/400 406/406/406 
f 406/406/406 400/400/400 407/407/407 
f 400/400/400 401/401/401 407/407/407 
f 407/407/407 401/401/401 408/408/408 
f 401/401/401 402/402/402 408/408/408 
f 408/408/408 402/402/402 409/409/409 
f 402/402/402 403/403/403 409/409/409 
f 409/409/409 403/403/403 410/410/410 
f 403/403/403 404/404/404 410/410/410 
f 410/410/410 404/404/404 411/411/411 
f 404/404/404 405/405/405 411/411/411 
f 411/411/411 405/405/405 412/412/412 
f 406/406/406 407/407/407 413/413/413 
f 413/413/413 407/407/407 414/414/414 
f 407/407/407 408/408/408 414/414/414 
f 414/414/414 408/408/408 415/415/415 
f 408/408/408 409/409/409 415/415/415 
f 415/415/415 409/409/409 416/416/416 
f 409/409/409 410/410/410 416/416/416 
f 416/416/416 410/410/410 417/417/417 
f 410/410/410 411/411/411 417/417/417 
f 417/417/417 411/411/411 418/418/418 
f 411/411/411 412/412/412 418/418/418 
f 418/418/418 412/412/412 419/419/419 
f 413/413/413 414/414/414 420/420/420 
f 420/420/420 414/414/414 421/421/421 
f 414/414/414 415/415/415 421/421/421 
f 421/421/421 415/415/415 422/422/422 
f 415/415/415 416/416/416 422/422/422 
f 422/422/422 416/416/416 423/423/423 
f 416/416/416 417/417/417 423/423/423 
f 423/423/423 417/417/417 424/424/424 
f 417/417/417 418/418/418 424/424/424 
f 424/424/424 418/418/418 425/425/425 
f 418/418/418 419/419/419 425/425/425 
f 425/425/425 419/419/419 426/426/426 
f 420/420/420 421/421/421 427/427/427 
f 427/427/427 421/421/421 428/428/428 
f 421/421/421 422/422/422 428/428/428 
f 428/428/428 422/422/422 429/429/429 
f 422/422/422 423/423/423 429/429/429 
f 429/429/429 423/423/423 430/430/430 
f 423/423/423 424/424/424 430/430/430 
f 430/430/430 424/424/424 431/431/431 
f 424/424/424 425/425/425 431/431/431 
f 431/431/431 425/425/425 432/432/432 
f 425/425/425 426/426/426 432/432/432 
f 432/432/432 426/426/426 433/433/433 
f 427/427/427 428/428/428 434/434/434 
f 434/434/434 428/428/428 435/435/435 
f 428/428/428 429/429/429 435/435/435 
f 435/435/435 429/429/429 436/436/436 
f 429/429/429 430/430/430 436/436/436 
f 436/436/436 430/430/430 437/437/437 
f 430/430/430 431/431/431 437/437/437 
f 437/437/437 431/431/431 438/438/438 
f 431/431/431 432/432/432 438/438/438 
f 438/438/438 432/432/432 439/439/439 
f 432/432/432 433/433/433 439/439/439 
f 439/439/439 433/433/433 440/440/440 
f 441/441/441 442/442/442 448/448/448 
f 448/448/448 442/442/442 449/449/449 
f 442/442/442 443/443/443 449/449/449 
f 449/449/449 443/443/443 450/450/450 
f 443/443/443 444/444/444 450/450/450 
f 450/450/450 444/444/444 451/451/451 
f 444/444/444 445/445/445 451/451/451 
f 451/451/451 445/445/445 452/452/452 
f 445/445/445 446/446/446 452/452/452 
f 452/452/452 446/446/446 453/453/453 
f 446/446/446 447/447/447 453/453/453 
f 453/453/453 447/447/447 454/454/454 
f 448/448/448 449/449/449 455/455/455 
f 455/455/455 449/449/449 456/456/456 
f 449/449/449 450/450/450 456/456/456 
f 456/456/456 450/450/450 457/457/457 
f 450/450/450 451/451/451 457/457/457 
f 457/457/457 451/451/451 458/458/458 
f 451/451/451 452/452/452 458/458/458 
f 458/458/458 452/452/452 459/459/459 
f 452/452/452 453/453/453 459/459/459 
f 459/459/459 453/453/453 460/460/460 
f 453/453/453 454/454/454 460/460/460 
f 460/460/460 454/454/454 461/461/461 
f 455/455/455 456/456/456 462/462/462 
f 462/462/462 456/456/456 463/463/463 
f 456/456/456 457/457/457 463/463/463 
f 463/463/463 457/457/457 464/464/464 
f 457/457/457 458/458/458 464/464/464 
f 464/464/464 458/458/458 465/465/465 
f 458/458/458 459/459/459 465/465/465 
f 465/465/465 459/459/459 466/466/466 
f 459/459/459 460/460/460 466/466/466 
f 466/466/466 460/460/460 467/467/467 
f 460/460/460 461/461/461 467/467/467 
f 467/467/467 461/461/461 468/468/468 
f 462/462/462 463/463/463 469/469/469 
f 469/469/469 463/463/463 470/470/470 
f 463/463/463 464/464/464 470/470/470 
f 470/470/470 464/464/464 471/471/471 
f 464/464/464 465/465/465 471/471/471 
f 471/471/471 465/465/465 472/472/472 
f 465/465/465 466/466/466 472/472/472 
f 472/472/472 466/466/466 473/473/473 
f 466/466/466 467/467/467 473/473/473 
f 473/473/473 467/467/467 474/474/474 
f 467/467/467 468/468/468 474/474/474 
f 474/474/474 468/468/468 475/475/475 
f 469/469/469 470/470/470 476/476/476 
f 476/476/476 470/470/470 477/477/477 
f 470/470/470 471/471/471 477/477/477 
f 477/477/477 471/471/471 478/478/478 
f 471/471/471 472/472/472 478/478/478 
f 478/478/478 472/472/472 479/479/479 
f 472/472/472 473/473/473 479/479/479 
f 479/479/479 473/473/473 480/480/480 
f 473/473/473 474/474/474 480/480/480 
f 480/480/480 474/474/474 481/481/481 
f 474/474/474 475/475/475 481/481/481 
f 481/481/481 475/475/475 482/482/482 
f 476/476/476 477/477/477 483/483/483 
f 483/483/483 477/477/477 484/484/484 
f 477/477/477 478/478/478 484/484/484 
f 484/484/484 478/478/478 485/485/485 
f 478/478/478 479/479/479 485/485/485 
f 485/485/485 479/479/479 486/486/486 
f 479/479/479 480/480/480 486/486/486 
f 486/486/486 480/480/480 487/487/487 
f 480/480/480 481/481/481 487/487/487 
f 487/487/487 481/481/481 488/488/488 
f 481/481/481 482/482/482 488/488/488 
f 488/488/488 482/482/482 489/489/489 
f 490/490/490 491/491/491 497/497/497 
f 497/497/497 491/491/491 498/498/498 
f 491/491/491 492/492/492 498/498/498 
f 498/498/498 492/492/492 499/499/499 
f 492/492/492 493/493/493 499/499/499 
f 499/499/499 493/493/493 500/500/500 
f 493/493/493 494/494/494 500/500/500 
f 500/500/500 494/494/494 501/501/501 
f 494/494/494 495/495/495 501/501/501 
f 501/501/501 495/495/495 502/502/502 
f 495/495/495 496/496/496 502/502/502 
f 502/502/502 496/496/496 503/503/503 
f 497/497/497 498/498/498 504/504/504 
f 504/504/504 498/498/498 505/505/505 
f 498/498/498 499/499/499 505/505/505 
f 505/505/505 499/499/499 506/506/506 
f 499/499/499 500/500/500 506/506/506 
f 506/506/506 500/500/500 507/507/507 
f 500/500/500 501/501/501 507/507/507 
f 507/507/507 501/501/501 508/508/508 
f 501/501/501 502/502/502 508/508/508 
f 508/508/508 502/502/502 509/509/509 
f 502/502/502 503/503/503 509/509/509 
f 509/509/509 503/503/503 510/510/510 
f 504/504/504 505/505/505 511/511/511 
f 511/511/511 505/505/505 512/512/512 
f 505/505/505 506/506/506 512/512/512 
f 512/512/512 506/506/506 513/513/513 
f 506/506/506 507/507/507 513/513/513 
f 513/513/513 507/507/507 514/514/514 
f 507/507/507 508/508/508 514/514/514 
f 514/514/514 508/508/508 515/515/515 
f 508/508/508 509/509/509 515/515/515 
f 515/515/515 509/509/509 516/516/516 
f 509/509/509 510/510/510 516/516/516 
f 516/516/516 510/510/510 517/517/517 
f 511/511/511 512/512/512 518/518/518 
f 518/518/518 512/512/512 519/519/519 
f 512/512/512 513/513/513 519/519/519 
f 519/519/519 513/513/513 520/520/520 
f 513/513/513 514/514/514 520/520/520 
f 520/520/520 514/514/514 521/521/521 
f 514/514/514 515/515/515 521/521/521 
f 521/521/521 515/515/515 522/522/522 
f 515/515/515 516/516/516 522/522/522 
f 522/522/522 516/516/516 523/523/523 
f 516/516/516 517/517/517 523/523/523 
f 523/523/523 517/517/517 524/524/524 
f 518/518/518 519/519/519 525/525/525 
f 525/525/525 519/519/519 526/526/526 
f 519/519/519 520/520/520 526/526/526 
f 526/526/526 520/520/520 527/527/527 
f 520/520/520 521/521/521 527/527/527 
f 527/527/527 521/521/521 528/528/528 
f 521/521/521 522/522/522 528/528/528 
f 528/528/528 522/522/522 529/529/529 
f 522/522/522 523/523/523 529/529/529 
f 529/529/529 523/523/523 530/530/530 
f 523/523/523 524/524/524 530/530/530 
f 530/530/530 524/524/524 531/531/531 
f 525/525/525 526/526/526 532/532/532 
f 532/532/532 526/526/526 533/533/533 
f 526/526/526 527/527/527 533/533/533 
f 533/533/533 527/527/527 534/534/534 
f 527/527/527 528/528/528 534/534/534 
f 534/534/534 528/528/528 535/535/535 
f 528/528/528 529/529/529 535/535/535 
f 535/535/535 529/529/529 536/536/536 
f 529/529/529 530/530/530 536/536/536 
f 536/536/536 530/530/530 537/537/537 
f 530/530/530 531/531/531 537/537/537 
f 537/537/537 531/531/531 538/538/538 
f 539/539/539 540/540/540 546/546/546 
f 546/546/546 540/540/540 547/547/547 
f 540/540/540 541/541/541 547/547/547 
f 547/547/547 541/541/541 548/548/548 
f 541/541/541 542/542/542 548/548/548 
f 548/548/548 542/542/542 549/549/549 
f 542/542/542 543/543/543 549/549/549 
f 549/549/549 543/543/543 550/550/550 
f 543/543/543 544/544/544 550/550/550 
f 550/550/550 544/544/544 551/551/551 
f 544/544/544 545/545/545 551/551/551 
f 551/551/551 545/545/545 552/552/552 
f 546/546/546 547/547/547 553/553/553 
f 553/553/553 547/547/547 554/554/554 
f 547/547/547 548/548/548 554/554/554 
f 554/554/554 548/548/548 555/555/555 
f 548/548/548 549/549/549 555/555/555 
f 555/555/555 549/549/549 556/556/556 
f 549/549/549 550/550/550 556/556/556 
f 556/556/556 550/550/550 557/557/557 
f 550/550/550 551/551/551 557/557/557 
f 557/557/557 551/551/551 558/558/558 
f 551/551/551 552/552/552 558/558/558 
f 558/558/558 552/552/552 559/559/559 
f 553/553/553 554/554/554 560/560/560 
f 560/560/560 554/554/554 561/561/561 
f 554/554/554 555/555/555 561/561/561 
f 561/561/561 555/555/555 562/562/562 
f 555/555/555 556/556/556 562/562/562 
f 562/562/562 556/556/556 563/563/563 
f 556/556/556 557/557/557 563/563/563 
f 563/563/563 557/557/557 564/564/564 
f 557/557/557 558/558/558 564/564/564 
f 564/564/564 558/558/558 565/565/565 
f 558/558/558 559/559/559 565/565/565 
f 565/565/565 559/559/559 566/566/566 
f 560/560/560 561/561/561 567/567/567 
f 567/567/567 561/561/561 568/568/568 
f 561/561/561 562/562/562 568/568/568 
f 568/568/568 562/562/562 569/569/569 
f 562/562/562 563/563/563 569/569/569 
f 569/569/569 563/563/563 570/570/570 
f 563/563/563 564/564/564 570/570/570 
f 570/570/570 564/564/564 571/571/571 
f 564/564/564 565/565/565 571/571/571 
f 571/571/571 565/565/565 572/572/572 
f 565/565/565 566/566/566 572/572/572 
f 572/572/572 566/566/566 573/573/573 
f 567/567/567 568/568/568 574/574/574 
f 574/574/574 568/568/568 575/575/575 
f 568/568/568 569/569/569 575/575/575 
f 575/575/575 569/569/569 576/576/576 
f 569/569/569 570/570/570 576/576/576 
f 576/576/576 570/570/570 577/577/577 
f 570/570/570 571/571/571 577/577/577 
f 577/577/577 571/571/571 578/578/578 
f 571/571/571 572/572/572 578/578/578 
f 578/578/578 572/572/572 579/579/579 
f 572/572/572 573/573/573 579/579/579 
f 579/579/579 573/573/573 580/580/580 
f 574/574/574 575/575/575 581/581/581 
f 581/581/581 575/575/575 582/582/582 
f 575/575/575 576/576/576 582/582/582 
f 582/582/582 576/576/576 583/583/583 
f 576/576/576 577/577/577 583/583/583 
f 583/583/583 577/577/577 584/584/584 
f 577/577/577 578/578/578 584/584/584 
f 584/584/584 578/578/578 585/585/585 
f 578/578/578 579/579/579 585/585/585 
f 585/585/585 579/579/579 586/586/586 
f 579/579/579 580/580/580 586/586/586 
f 586/586/586 580/580/580 587/587/587 
f 588/588/588 589/589/589 595/595/595 
f 595/595/595 589/589/589 596/596/596 
f 589/589/589 590/590/590 596/596/596 
f 596/596/596 590/590/590 597/597/597 
f 590/590/590 591/591/591 597/597/597 
f 597/597/597 591/591/591 598/598/598 
f 591/591/591 592/592/592 598/598/598 
f 598/598/598 592/592/592 599/599/599 
f 592/592/592 593/593/593 599/599/599 
f 599/599/599 593/593/593 600/600/600 
f 593/593/593 594/594/594 600/600/600 
f 600/600/600 594/594/594 601/601/601 
f 595/595/595 596/596/596 602/602/602 
f 602/602/602 596/596/596 603/603/603 
f 596/596/596 597/597/597 603/603/603 
f 603/603/603 597/597/597 604/604/604 
f 597/597/597 598/598/598 604/604/604 
f 604/604/604 598/598/598 605/605/605 
f 598/598/598 599/599/599 605/605/605 
f 605/605/605 599/599/599 606/606/606 
f 599/599/599 600/600/600 606/606/606 
f 606/606/606 600/600/600 607/607/607 
f 600/600/600 601/601/601 607/607/607 
f 607/607/607 601/601/601 608/608/608 
f 602/602/602 603/603/603 609/609/609 
f 609/609/609 603/603/603 610/610/610 
f 603/603/603 604/604/604 610/610/610 
f 610/610/610 604/604/604 611/611/611 
f 604/604/604 605/605/605 611/611/611 
f 611/611/611 605/605/605 612/612/612 
f 605/605/605 606/606/606 612/612/612 
f 612/612/612 606/606/606 613/613/613 
f 606/606/606 607/607/607 613/613/613 
f 613/613/613 607/607/607 614/614/614 
f 607/607/607 608/608/608 614/614/614 
f 614/614/614 608/608/608 615/615/615 
f 609/609/609 610/610/610 616/616/616 
f 616/616/616 610/610/610 617/617/617 
f 610/610/610 611/611/611 617/617/617 
f 617/617/617 611/611/611 618/618/618 
f 611/611/611 612/612/612 618/618/618 
f 618/618/618 612/612/612 619/619/619 
f 612/612/612 613/613/613 619/619/619 
f 619/619/619 613/613/613 620/620/620 
f 613/613/613 614/614/614 620/620/620 
f 620/620/620 614/614/614 621/621/621 
f 614/614/614 615/615/615 621/621/621 
f 621/621/621 615/615/615 622/622/622 
f 616/616/616 617/617/617 623/623/623 
f 623/623/623 617/617/617 624/624/624 
f 617/617/617 618/618/618 624/624/624 
f 624/624/624 618/618/618 625/625/625 
f 618/618/618 619/619/619 625/625/625 
f 625/625/625 619/619/619 626/626/626 
f 619/619/619 620/620/620 626/626/626 
f 626/626/626 620/620/620 627/627/627 
f 620/620/620 621/621/621 627/627/627 
f 627/627/627 621/621/621 628/628/628 
f 621/621/621 622/622/622 628/628/628 
f 628/628/628 622/622/622 629/629/629 
f 623/623/623 624/624/624 630/630/630 
f 630/630/630 624/624/624 631/631/631 
f 624/624/624 625/625/625 631/631/631 
f 631/631/631 625/625/625 632/632/632 
f 625/625/625 626/626/626 632/632/632 
f 632/632/632 626/626/626 633/633/633 
f 626/626/626 627/627/627 633/633/633 
f 633/633/633 627/627/627 634/634/634 
f 627/627/627 628/628/628 634/634/634 
f 634/634/634 628/628/628 635/635/635 
f 628/628/628 629/629/629 635/635/635 
f 635/635/635 629/629/629 636/636/636 

g 13

v -77.8453 477.155 -84.1547 
v -77.7208 477.279 -83.8528 
v -77.6235 477.376 -83.4588 
v -77.5858 477.414 -83 
v -77.6235 477.376 -82.5412 
v -77.7208 477.279 -82.1472 
v -77.8453 477.155 -81.8453 
v -77.7208 476.853 -84.2792 
v -77.5448 476.97 -83.9701 
v -77.3964 477.069 -83.5345 
v -77.3359 477.109 -83 
v -77.3964 477.069 -82.4655 
v -77.5448 476.97 -82.0299 
v -77.7208 476.853 -81.7208 
v -77.6235 476.459 -84.3765 
v -77.3964 476.535 -84.069 
v -77.1909 476.603 -83.603 
v -77.1026 476.632 -83 
v -77.1909 476.603 -82.397 
v -77.3964 476.535 -81.931 
v -77.6235 476.459 -81.6235 
v -77.5858 476 -84.4142 
v -77.3359 476 -84.1094 
v -77.1026 476 -83.6325 
v -77 476 -83 
v -77.1026 476 -82.3675 
v -77.3359 476 -81.8906 
v -77.5858 476 -81.5858 
v -77.6235 475.541 -84.3765 
v -77.3964 475.465 -84.069 
v -77.1909 475.397 -83.603 
v -77.1026 475.368 -83 
v -77.1909 475.397 -82.397 
v -77.3964 475.465 -81.931 
v -77.6235 475.541 -81.6235 
v -77.7208 475.147 -84.2792 
v -77.5448 475.03 -83.9701 
v -77.3964 474.931 -83.5345 
v -77.3359 474.891 -83 
v -77.3964 474.931 -82.4655 
v -77.5448 475.03 -82.0299 
v -77.7208 475.147 -81.7208 
v -77.8453 474.845 -84.1547 
v -77.7208 474.721 -83.8528 
v -77.6235 474.624 -83.4588 
v -77.5858 474.586 -83 
v -77.6235 474.624 -82.5412 
v -77.7208 474.721 -82.1472 
v -77.8453 474.845 -81.8453 
v -80.1547 477.155 -81.8453 
v -79.8528 477.279 -81.7208 
v -79.4588 477.376 -81.6235 
v -79 477.414 -81.5858 
v -78.5412 477.376 -81.6235 
v -78.1472 477.279 -81.7208 
v -77.8453 477.155 -81.8453 
v -80.2792 477.279 -82.1472 
v -79.9701 477.455 -82.0299 
v -79.5345 477.604 -81.931 
v -79 477.664 -81.8906 
v -78.4655 477.604 -81.931 
v -78.0299 477.455 -82.0299 
v -77.7208 477.279 -82.1472 
v -80.3765 477.376 -82.5412 
v -80.069 477.604 -82.4655 
v -79.603 477.809 -82.397 
v -79 477.897 -82.3675 
v -78.397 477.809 -82.397 
v -77.931 477.604 -82.4655 
v -77.6235 477.376 -82.5412 
v -80.4142 477.414 -83 
v -80.1094 477.664 -83 
v -79.6325 477.897 -83 
v -79 478 -83 
v -78.3675 477.897 -83 
v -77.8906 477.664 -83 
v -77.5858 477.414 -83 
v -80.3765 477.376 -83.4588 
v -80.069 477.604 -83.5345 
v -79.603 477.809 -83.603 
v -79 477.897 -83.6325 
v -78.397 477.809 -83.603 
v -77.931 477.604 -83.5345 
v -77.6235 477.376 -83.4588 
v -80.2792 477.279 -83.8528 
v -79.9701 477.455 -83.9701 
v -79.5345 477.604 -84.069 
v -79 477.664 -84.1094 
v -78.4655 477.604 -84.069 
v -78.0299 477.455 -83.9701 
v -77.7208 477.279 -83.8528 
v -80.1547 477.155 -84.1547 
v -79.8528 477.279 -84.2792 
v -79.4588 477.376 -84.3765 
v -79 477.414 -84.4142 
v -78.5412 477.376 -84.3765 
v -78.1472 477.279 -84.2792 
v -77.8453 477.155 -84.1547 
v -77.8453 477.155 -81.8453 
v -78.1472 477.279 -81.7208 
v -78.5412 477.376 -81.6235 
v -79 477.414 -81.5858 
v -79.4588 477.376 -81.6235 
v -79.8528 477.279 -81.7208 
v -80.1547 477.155 -81.8453 
v -77.7208 476.853 -81.7208 
v -78.0299 476.97 -81.5448 
v -78.4655 477.069 -81.3964 
v -79 477.109 -81.3359 
v -79.5345 477.069 -81.3964 
v -79.9701 476.97 -81.5448 
v -80.2792 476.853 -81.7208 
v -77.6235 476.459 -81.6235 
v -77.931 476.535 -81.3964 
v -78.397 476.603 -81.1909 
v -79 476.632 -81.1026 
v -79.603 476.603 -81.1909 
v -80.069 476.535 -81.3964 
v -80.3765 476.459 -81.6235 
v -77.5858 476 -81.5858 
v -77.8906 476 -81.3359 
v -78.3675 476 -81.1026 
v -79 476 -81 
v -79.6325 476 -81.1026 
v -80.1094 476 -81.3359 
v -80.4142 476 -81.5858 
v -77.6235 475.541 -81.6235 
v -77.931 475.465 -81.3964 
v -78.397 475.397 -81.1909 
v -79 475.368 -81.1026 
v -79.603 475.397 -81.1909 
v -80.069 475.465 -81.3964 
v -80.3765 475.541 -81.6235 
v -77.7208 475.147 -81.7208 
v -78.0299 475.03 -81.5448 
v -78.4655 474.931 -81.3964 
v -79 474.891 -81.3359 
v -79.5345 474.931 -81.3964 
v -79.9701 475.03 -81.5448 
v -80.2792 475.147 -81.7208 
v -77.8453 474.845 -81.8453 
v -78.1472 474.721 -81.7208 
v -78.5412 474.624 -81.6235 
v -79 474.586 -81.5858 
v -79.4588 474.624 -81.6235 
v -79.8528 474.721 -81.7208 
v -80.1547 474.845 -81.8453 
v -80.1547 477.155 -81.8453 
v -80.2792 477.279 -82.1472 
v -80.3765 477.376 -82.5412 
v -80.4142 477.414 -83 
v -80.3765 477.376 -83.4588 
v -80.2792 477.279 -83.8528 
v -80.1547 477.155 -84.1547 
v -80.2792 476.853 -81.7208 
v -80.4552 476.97 -82.0299 
v -80.6036 477.069 -82.4655 
v -80.6641 477.109 -83 
v -80.6036 477.069 -83.5345 
v -80.4552 476.97 -83.9701 
v -80.2792 476.853 -84.2792 
v -80.3765 476.459 -81.6235 
v -80.6036 476.535 -81.931 
v -80.8091 476.603 -82.397 
v -80.8974 476.632 -83 
v -80.8091 476.603 -83.603 
v -80.6036 476.535 -84.069 
v -80.3765 476.459 -84.3765 
v -80.4142 476 -81.5858 
v -80.6641 476 -81.8906 
v -80.8974 476 -82.3675 
v -81 476 -83 
v -80.8974 476 -83.6325 
v -80.6641 476 -84.1094 
v -80.4142 476 -84.4142 
v -80.3765 475.541 -81.6235 
v -80.6036 475.465 -81.931 
v -80.8091 475.397 -82.397 
v -80.8974 475.368 -83 
v -80.8091 475.397 -83.603 
v -80.6036 475.465 -84.069 
v -80.3765 475.541 -84.3765 
v -80.2792 475.147 -81.7208 
v -80.4552 475.03 -82.0299 
v -80.6036 474.931 -82.4655 
v -80.6641 474.891 -83 
v -80.6036 474.931 -83.5345 
v -80.4552 475.03 -83.9701 
v -80.2792 475.147 -84.2792 
v -80.1547 474.845 -81.8453 
v -80.2792 474.721 -82.1472 
v -80.3765 474.624 -82.5412 
v -80.4142 474.586 -83 
v -80.3765 474.624 -83.4588 
v -80.2792 474.721 -83.8528 
v -80.1547 474.845 -84.1547 
v -80.1547 474.845 -84.1547 
v -79.8528 474.721 -84.2792 
v -79.4588 474.624 -84.3765 
v -79 474.586 -84.4142 
v -78.5412 474.624 -84.3765 
v -78.1472 474.721 -84.2792 
v -77.8453 474.845 -84.1547 
v -80.2792 474.721 -83.8528 
v -79.9701 474.545 -83.9701 
v -79.5345 474.396 -84.069 
v -79 474.336 -84.1094 
v -78.4655 474.396 -84.069 
v -78.0299 474.545 -83.9701 
v -77.7208 474.721 -83.8528 
v -80.3765 474.624 -83.4588 
v -80.069 474.396 -83.5345 
v -79.603 474.191 -83.603 
v -79 474.103 -83.6325 
v -78.397 474.191 -83.603 
v -77.931 474.396 -83.5345 
v -77.6235 474.624 -83.4588 
v -80.4142 474.586 -83 
v -80.1094 474.336 -83 
v -79.6325 474.103 -83 
v -79 474 -83 
v -78.3675 474.103 -83 
v -77.8906 474.336 -83 
v -77.5858 474.586 -83 
v -80.3765 474.624 -82.5412 
v -80.069 474.396 -82.4655 
v -79.603 474.191 -82.397 
v -79 474.103 -82.3675 
v -78.397 474.191 -82.397 
v -77.931 474.396 -82.4655 
v -77.6235 474.624 -82.5412 
v -80.2792 474.721 -82.1472 
v -79.9701 474.545 -82.0299 
v -79.5345 474.396 -81.931 
v -79 474.336 -81.8906 
v -78.4655 474.396 -81.931 
v -78.0299 474.545 -82.0299 
v -77.7208 474.721 -82.1472 
v -80.1547 474.845 -81.8453 
v -79.8528 474.721 -81.7208 
v -79.4588 474.624 -81.6235 
v -79 474.586 -81.5858 
v -78.5412 474.624 -81.6235 
v -78.1472 474.721 -81.7208 
v -77.8453 474.845 -81.8453 
v -80.1547 477.155 -84.1547 
v -79.8528 477.279 -84.2792 
v -79.4588 477.376 -84.3765 
v -79 477.414 -84.4142 
v -78.5412 477.376 -84.3765 
v -78.1472 477.279 -84.2792 
v -77.8453 477.155 -84.1547 
v -80.2792 476.853 -84.2792 
v -79.9701 476.97 -84.4552 
v -79.5345 477.069 -84.6036 
v -79 477.109 -84.6641 
v -78.4655 477.069 -84.6036 
v -78.0299 476.97 -84.4552 
v -77.7208 476.853 -84.2792 
v -80.3765 476.459 -84.3765 
v -80.069 476.535 -84.6036 
v -79.603 476.603 -84.8091 
v -79 476.632 -84.8974 
v -78.397 476.603 -84.8091 
v -77.931 476.535 -84.6036 
v -77.6235 476.459 -84.3765 
v -80.4142 476 -84.4142 
v -80.1094 476 -84.6641 
v -79.6325 476 -84.8974 
v -79 476 -85 
v -78.3675 476 -84.8974 
v -77.8906 476 -84.6641 
v -77.5858 476 -84.4142 
v -80.3765 475.541 -84.3765 
v -80.069 475.465 -84.6036 
v -79.603 475.397 -84.8091 
v -79 475.368 -84.8974 
v -78.397 475.397 -84.8091 
v -77.931 475.465 -84.6036 
v -77.6235 475.541 -84.3765 
v -80.2792 475.147 -84.2792 
v -79.9701 475.03 -84.4552 
v -79.5345 474.931 -84.6036 
v -79 474.891 -84.6641 
v -78.4655 474.931 -84.6036 
v -78.0299 475.03 -84.4552 
v -77.7208 475.147 -84.2792 
v -80.1547 474.845 -84.1547 
v -79.8528 474.721 -84.2792 
v -79.4588 474.624 -84.3765 
v -79 474.586 -84.4142 
v -78.5412 474.624 -84.3765 
v -78.1472 474.721 -84.2792 
v -77.8453 474.845 -84.1547 

vn 0.574803 0.574803 -0.574803 
vn 0.637795 0.637795 -0.425197 
vn 0.685039 0.685039 -0.228346 
vn 0.708661 0.708661 0 
vn 0.685039 0.685039 0.228346 
vn 0.637795 0.637795 0.425197 
vn 0.574803 0.574803 0.574803 
vn 0.637795 0.425197 -0.637795 
vn 0.724409 0.488189 -0.488189 
vn 0.80315 0.535433 -0.267717 
vn 0.834646 0.551181 0 
vn 0.80315 0.535433 0.267717 
vn 0.724409 0.488189 0.488189 
vn 0.637795 0.425197 0.637795 
vn 0.685039 0.228346 -0.685039 
vn 0.80315 0.267717 -0.535433 
vn 0.905512 0.299213 -0.299213 
vn 0.944882 0.314961 0 
vn 0.905512 0.299213 0.299213 
vn 0.80315 0.267717 0.535433 
vn 0.685039 0.228346 0.685039 
vn 0.708661 0 -0.708661 
vn 0.834646 0 -0.551181 
vn 0.944882 0 -0.314961 
vn 1 0 0 
vn 0.944882 0 0.314961 
vn 0.834646 0 0.551181 
vn 0.708661 0 0.708661 
vn 0.685039 -0.228346 -0.685039 
vn 0.80315 -0.267717 -0.535433 
vn 0.905512 -0.299213 -0.299213 
vn 0.944882 -0.314961 0 
vn 0.905512 -0.299213 0.299213 
vn 0.80315 -0.267717 0.535433 
vn 0.685039 -0.228346 0.685039 
vn 0.637795 -0.425197 -0.637795 
vn 0.724409 -0.488189 -0.488189 
vn 0.80315 -0.535433 -0.267717 
vn 0.834646 -0.551181 0 
vn 0.80315 -0.535433 0.267717 
vn 0.724409 -0.488189 0.488189 
vn 0.637795 -0.425197 0.637795 
vn 0.574803 -0.574803 -0.574803 
vn 0.637795 -0.637795 -0.425197 
vn 0.685039 -0.685039 -0.228346 
vn 0.708661 -0.708661 0 
vn 0.685039 -0.685039 0.228346 
vn 0.637795 -0.637795 0.425197 
vn 0.574803 -0.574803 0.574803 
vn -0.574803 0.574803 0.574803 
vn -0.425197 0.637795 0.637795 
vn -0.228346 0.685039 0.685039 
vn 0 0.708661 0.708661 
vn 0.228346 0.685039 0.685039 
vn 0.425197 0.637795 0.637795 
vn 0.574803 0.574803 0.574803 
vn -0.637795 0.637795 0.425197 
vn -0.488189 0.724409 0.488189 
vn -0.267717 0.80315 0.535433 
vn 0 0.834646 0.551181 
vn 0.267717 0.80315 0.535433 
vn 0.488189 0.724409 0.488189 
vn 0.637795 0.637795 0.425197 
vn -0.685039 0.685039 0.228346 
vn -0.535433 0.80315 0.267717 
vn -0.299213 0.905512 0.299213 
vn 0 0.944882 0.314961 
vn 0.299213 0.905512 0.299213 
vn 0.535433 0.80315 0.267717 
vn 0.685039 0.685039 0.228346 
vn -0.708661 0.708661 0 
vn -0.551181 0.834646 0 
vn -0.314961 0.944882 0 
vn 0 1 0 
vn 0.314961 0.944882 0 
vn 0.551181 0.834646 0 
vn 0.708661 0.708661 0 
vn -0.685039 0.685039 -0.228346 
vn -0.535433 0.80315 -0.267717 
vn -0.299213 0.905512 -0.299213 
vn 0 0.944882 -0.314961 
vn 0.299213 0.905512 -0.299213 
vn 0.535433 0.80315 -0.267717 
vn 0.685039 0.685039 -0.228346 
vn -0.637795 0.637795 -0.425197 
vn -0.488189 0.724409 -0.488189 
vn -0.267717 0.80315 -0.535433 
vn 0 0.834646 -0.551181 
vn 0.267717 0.80315 -0.535433 
vn 0.488189 0.724409 -0.488189 
vn 0.637795 0.637795 -0.425197 
vn -0.574803 0.574803 -0.574803 
vn -0.425197 0.637795 -0.637795 
vn -0.228346 0.685039 -0.685039 
vn 0 0.708661 -0.708661 
vn 0.228346 0.685039 -0.685039 
vn 0.425197 0.637795 -0.637795 
vn 0.574803 0.574803 -0.574803 
vn 0.574803 0.574803 0.574803 
vn 0.425197 0.637795 0.637795 
vn 0.228346 0.685039 0.685039 
vn 0 0.708661 0.708661 
vn -0.228346 0.685039 0.685039 
vn -0.425197 0.637795 0.637795 
vn -0.574803 0.574803 0.574803 
vn 0.637795 0.425197 0.637795 
vn 0.488189 0.488189 0.724409 
vn 0.267717 0.535433 0.80315 
vn 0 0.551181 0.834646 
vn -0.267717 0.535433 0.80315 
vn -0.488189 0.488189 0.724409 
vn -0.637795 0.425197 0.637795 
vn 0.685039 0.228346 0.685039 
vn 0.535433 0.267717 0.80315 
vn 0.299213 0.299213 0.905512 
vn 0 0.314961 0.944882 
vn -0.299213 0.299213 0.905512 
vn -0.535433 0.267717 0.80315 
vn -0.685039 0.228346 0.685039 
vn 0.708661 0 0.708661 
vn 0.551181 0 0.834646 
vn 0.314961 0 0.944882 
vn 0 0 1 
vn -0.314961 0 0.944882 
vn -0.551181 0 0.834646 
vn -0.708661 0 0.708661 
vn 0.685039 -0.228346 0.685039 
vn 0.535433 -0.267717 0.80315 
vn 0.299213 -0.299213 0.905512 
vn 0 -0.314961 0.944882 
vn -0.299213 -0.299213 0.905512 
vn -0.535433 -0.267717 0.80315 
vn -0.685039 -0.228346 0.685039 
vn 0.637795 -0.425197 0.637795 
vn 0.488189 -0.488189 0.724409 
vn 0.267717 -0.535433 0.80315 
vn 0 -0.551181 0.834646 
vn -0.267717 -0.535433 0.80315 
vn -0.488189 -0.488189 0.724409 
vn -0.637795 -0.425197 0.637795 
vn 0.574803 -0.574803 0.574803 
vn 0.425197 -0.637795 0.637795 
vn 0.228346 -0.685039 0.685039 
vn 0 -0.708661 0.708661 
vn -0.228346 -0.685039 0.685039 
vn -0.425197 -0.637795 0.637795 
vn -0.574803 -0.574803 0.574803 
vn -0.574803 0.574803 0.574803 
vn -0.637795 0.637795 0.425197 
vn -0.685039 0.685039 0.228346 
vn -0.708661 0.708661 0 
vn -0.685039 0.685039 -0.228346 
vn -0.637795 0.637795 -0.425197 
vn -0.574803 0.574803 -0.574803 
vn -0.637795 0.425197 0.637795 
vn -0.724409 0.488189 0.488189 
vn -0.80315 0.535433 0.267717 
vn -0.834646 0.551181 0 
vn -0.80315 0.535433 -0.267717 
vn -0.724409 0.488189 -0.488189 
vn -0.637795 0.425197 -0.637795 
vn -0.685039 0.228346 0.685039 
vn -0.80315 0.267717 0.535433 
vn -0.905512 0.299213 0.299213 
vn -0.944882 0.314961 0 
vn -0.905512 0.299213 -0.299213 
vn -0.80315 0.267717 -0.535433 
vn -0.685039 0.228346 -0.685039 
vn -0.708661 0 0.708661 
vn -0.834646 0 0.551181 
vn -0.944882 0 0.314961 
vn -1 0 0 
vn -0.944882 0 -0.314961 
vn -0.834646 0 -0.551181 
vn -0.708661 0 -0.708661 
vn -0.685039 -0.228346 0.685039 
vn -0.80315 -0.267717 0.535433 
vn -0.905512 -0.299213 0.299213 
vn -0.944882 -0.314961 0 
vn -0.905512 -0.299213 -0.299213 
vn -0.80315 -0.267717 -0.535433 
vn -0.685039 -0.228346 -0.685039 
vn -0.637795 -0.425197 0.637795 
vn -0.724409 -0.488189 0.488189 
vn -0.80315 -0.535433 0.267717 
vn -0.834646 -0.551181 0 
vn -0.80315 -0.535433 -0.267717 
vn -0.724409 -0.488189 -0.488189 
vn -0.637795 -0.425197 -0.637795 
vn -0.574803 -0.574803 0.574803 
vn -0.637795 -0.637795 0.425197 
vn -0.685039 -0.685039 0.228346 
vn -0.708661 -0.708661 0 
vn -0.685039 -0.685039 -0.228346 
vn -0.637795 -0.637795 -0.425197 
vn -0.574803 -0.574803 -0.574803 
vn -0.574803 -0.574803 -0.574803 
vn -0.425197 -0.637795 -0.637795 
vn -0.228346 -0.685039 -0.685039 
vn 0 -0.708661 -0.708661 
vn 0.228346 -0.685039 -0.685039 
vn 0.425197 -0.637795 -0.637795 
vn 0.574803 -0.574803 -0.574803 
vn -0.637795 -0.637795 -0.425197 
vn -0.488189 -0.724409 -0.488189 
vn -0.267717 -0.80315 -0.535433 
vn 0 -0.834646 -0.551181 
vn 0.267717 -0.80315 -0.535433 
vn 0.488189 -0.724409 -0.488189 
vn 0.637795 -0.637795 -0.425197 
vn -0.685039 -0.685039 -0.228346 
vn -0.535433 -0.80315 -0.267717 
vn -0.299213 -0.905512 -0.299213 
vn 0 -0.944882 -0.314961 
vn 0.299213 -0.905512 -0.299213 
vn 0.535433 -0.80315 -0.267717 
vn 0.685039 -0.685039 -0.228346 
vn -0.708661 -0.708661 0 
vn -0.551181 -0.834646 0 
vn -0.314961 -0.944882 0 
vn 0 -1 0 
vn 0.314961 -0.944882 0 
vn 0.551181 -0.834646 0 
vn 0.708661 -0.708661 0 
vn -0.685039 -0.685039 0.228346 
vn -0.535433 -0.80315 0.267717 
vn -0.299213 -0.905512 0.299213 
vn 0 -0.944882 0.314961 
vn 0.299213 -0.905512 0.299213 
vn 0.535433 -0.80315 0.267717 
vn 0.685039 -0.685039 0.228346 
vn -0.637795 -0.637795 0.425197 
vn -0.488189 -0.724409 0.488189 
vn -0.267717 -0.80315 0.535433 
vn 0 -0.834646 0.551181 
vn 0.267717 -0.80315 0.535433 
vn 0.488189 -0.724409 0.488189 
vn 0.637795 -0.637795 0.425197 
vn -0.574803 -0.574803 0.574803 
vn -0.425197 -0.637795 0.637795 
vn -0.228346 -0.685039 0.685039 
vn 0 -0.708661 0.708661 
vn 0.228346 -0.685039 0.685039 
vn 0.425197 -0.637795 0.637795 
vn 0.574803 -0.574803 0.574803 
vn -0.574803 0.574803 -0.574803 
vn -0.425197 0.637795 -0.637795 
vn -0.228346 0.685039 -0.685039 
vn 0 0.708661 -0.708661 
vn 0.228346 0.685039 -0.685039 
vn 0.425197 0.637795 -0.637795 
vn 0.574803 0.574803 -0.574803 
vn -0.637795 0.425197 -0.637795 
vn -0.488189 0.488189 -0.724409 
vn -0.267717 0.535433 -0.80315 
vn 0 0.551181 -0.834646 
vn 0.267717 0.535433 -0.80315 
vn 0.488189 0.488189 -0.724409 
vn 0.637795 0.425197 -0.637795 
vn -0.685039 0.228346 -0.685039 
vn -0.535433 0.267717 -0.80315 
vn -0.299213 0.299213 -0.905512 
vn 0 0.314961 -0.944882 
vn 0.299213 0.299213 -0.905512 
vn 0.535433 0.267717 -0.80315 
vn 0.685039 0.228346 -0.685039 
vn -0.708661 0 -0.708661 
vn -0.551181 0 -0.834646 
vn -0.314961 0 -0.944882 
vn 0 0 -1 
vn 0.314961 0 -0.944882 
vn 0.551181 0 -0.834646 
vn 0.708661 0 -0.708661 
vn -0.685039 -0.228346 -0.685039 
vn -0.535433 -0.267717 -0.80315 
vn -0.299213 -0.299213 -0.905512 
vn 0 -0.314961 -0.944882 
vn 0.299213 -0.299213 -0.905512 
vn 0.535433 -0.267717 -0.80315 
vn 0.685039 -0.228346 -0.685039 
vn -0.637795 -0.425197 -0.637795 
vn -0.488189 -0.488189 -0.724409 
vn -0.267717 -0.535433 -0.80315 
vn 0 -0.551181 -0.834646 
vn 0.267717 -0.535433 -0.80315 
vn 0.488189 -0.488189 -0.724409 
vn 0.637795 -0.425197 -0.637795 
vn -0.574803 -0.574803 -0.574803 
vn -0.425197 -0.637795 -0.637795 
vn -0.228346 -0.685039 -0.685039 
vn 0 -0.708661 -0.708661 
vn 0.228346 -0.685039 -0.685039 
vn 0.425197 -0.637795 -0.637795 
vn 0.574803 -0.574803 -0.574803 

vt 8.25899 -1.46985 
vt 7.59233 -1.46985 
vt 6.92566 -1.46985 
vt 6.25899 -1.46985 
vt 5.59232 -1.46985 
vt 4.92566 -1.46985 
vt 4.25899 -1.46985 
vt 8.25899 -2.13652 
vt 7.59233 -2.13652 
vt 6.92566 -2.13652 
vt 6.25899 -2.13652 
vt 5.59232 -2.13652 
vt 4.92566 -2.13652 
vt 4.25899 -2.13652 
vt 8.25899 -2.80318 
vt 7.59233 -2.80318 
vt 6.92566 -2.80318 
vt 6.25899 -2.80318 
vt 5.59232 -2.80318 
vt 4.92566 -2.80318 
vt 4.25899 -2.80318 
vt 8.25899 -3.46985 
vt 7.59233 -3.46985 
vt 6.92566 -3.46985 
vt 6.25899 -3.46985 
vt 5.59232 -3.46985 
vt 4.92566 -3.46985 
vt 4.25899 -3.46985 
vt 8.25899 -4.13652 
vt 7.59233 -4.13652 
vt 6.92566 -4.13652 
vt 6.25899 -4.13652 
vt 5.59232 -4.13652 
vt 4.92566 -4.13652 
vt 4.25899 -4.13652 
vt 8.25899 -4.80319 
vt 7.59233 -4.80319 
vt 6.92566 -4.80319 
vt 6.25899 -4.80319 
vt 5.59232 -4.80319 
vt 4.92566 -4.80319 
vt 4.25899 -4.80319 
vt 8.25899 -5.46985 
vt 7.59233 -5.46985 
vt 6.92566 -5.46985 
vt 6.25899 -5.46985 
vt 5.59232 -5.46985 
vt 4.92566 -5.46985 
vt 4.25899 -5.46985 
vt 8.25899 -1.46985 
vt 7.59233 -1.46985 
vt 6.92566 -1.46985 
vt 6.25899 -1.46985 
vt 5.59232 -1.46985 
vt 4.92566 -1.46985 
vt 4.25899 -1.46985 
vt 8.25899 -2.13652 
vt 7.59233 -2.13652 
vt 6.92566 -2.13652 
vt 6.25899 -2.13652 
vt 5.59232 -2.13652 
vt 4.92566 -2.13652 
vt 4.25899 -2.13652 
vt 8.25899 -2.80318 
vt 7.59233 -2.80318 
vt 6.92566 -2.80318 
vt 6.25899 -2.80318 
vt 5.59232 -2.80318 
vt 4.92566 -2.80318 
vt 4.25899 -2.80318 
vt 8.25899 -3.46985 
vt 7.59233 -3.46985 
vt 6.92566 -3.46985 
vt 6.25899 -3.46985 
vt 5.59232 -3.46985 
vt 4.92566 -3.46985 
vt 4.25899 -3.46985 
vt 8.25899 -4.13652 
vt 7.59233 -4.13652 
vt 6.92566 -4.13652 
vt 6.25899 -4.13652 
vt 5.59232 -4.13652 
vt 4.92566 -4.13652 
vt 4.25899 -4.13652 
vt 8.25899 -4.80319 
vt 7.59233 -4.80319 
vt 6.92566 -4.80319 
vt 6.25899 -4.80319 
vt 5.59232 -4.80319 
vt 4.92566 -4.80319 
vt 4.25899 -4.80319 
vt 8.25899 -5.46985 
vt 7.59233 -5.46985 
vt 6.92566 -5.46985 
vt 6.25899 -5.46985 
vt 5.59232 -5.46985 
vt 4.92566 -5.46985 
vt 4.25899 -5.46985 
vt 8.25899 -1.46985 
vt 7.59233 -1.46985 
vt 6.92566 -1.46985 
vt 6.25899 -1.46985 
vt 5.59232 -1.46985 
vt 4.92566 -1.46985 
vt 4.25899 -1.46985 
vt 8.25899 -2.13652 
vt 7.59233 -2.13652 
vt 6.92566 -2.13652 
vt 6.25899 -2.13652 
vt 5.59232 -2.13652 
vt 4.92566 -2.13652 
vt 4.25899 -2.13652 
vt 8.25899 -2.80318 
vt 7.59233 -2.80318 
vt 6.92566 -2.80318 
vt 6.25899 -2.80318 
vt 5.59232 -2.80318 
vt 4.92566 -2.80318 
vt 4.25899 -2.80318 
vt 8.25899 -3.46985 
vt 7.59233 -3.46985 
vt 6.92566 -3.46985 
vt 6.25899 -3.46985 
vt 5.59232 -3.46985 
vt 4.92566 -3.46985 
vt 4.25899 -3.46985 
vt 8.25899 -4.13652 
vt 7.59233 -4.13652 
vt 6.92566 -4.13652 
vt 6.25899 -4.13652 
vt 5.59232 -4.13652 
vt 4.92566 -4.13652 
vt 4.25899 -4.13652 
vt 8.25899 -4.80319 
vt 7.59233 -4.80319 
vt 6.92566 -4.80319 
vt 6.25899 -4.80319 
vt 5.59232 -4.80319 
vt 4.92566 -4.80319 
vt 4.25899 -4.80319 
vt 8.25899 -5.46985 
vt 7.59233 -5.46985 
vt 6.92566 -5.46985 
vt 6.25899 -5.46985 
vt 5.59232 -5.46985 
vt 4.92566 -5.46985 
vt 4.25899 -5.46985 
vt 8.25899 -1.46985 
vt 7.59233 -1.46985 
vt 6.92566 -1.46985 
vt 6.25899 -1.46985 
vt 5.59232 -1.46985 
vt 4.92566 -1.46985 
vt 4.25899 -1.46985 
vt 8.25899 -2.13652 
vt 7.59233 -2.13652 
vt 6.92566 -2.13652 
vt 6.25899 -2.13652 
vt 5.59232 -2.13652 
vt 4.92566 -2.13652 
vt 4.25899 -2.13652 
vt 8.25899 -2.80318 
vt 7.59233 -2.80318 
vt 6.92566 -2.80318 
vt 6.25899 -2.80318 
vt 5.59232 -2.80318 
vt 4.92566 -2.80318 
vt 4.25899 -2.80318 
vt 8.25899 -3.46985 
vt 7.59233 -3.46985 
vt 6.92566 -3.46985 
vt 6.25899 -3.46985 
vt 5.59232 -3.46985 
vt 4.92566 -3.46985 
vt 4.25899 -3.46985 
vt 8.25899 -4.13652 
vt 7.59233 -4.13652 
vt 6.92566 -4.13652 
vt 6.25899 -4.13652 
vt 5.59232 -4.13652 
vt 4.92566 -4.13652 
vt 4.25899 -4.13652 
vt 8.25899 -4.80319 
vt 7.59233 -4.80319 
vt 6.92566 -4.80319 
vt 6.25899 -4.80319 
vt 5.59232 -4.80319 
vt 4.92566 -4.80319 
vt 4.25899 -4.80319 
vt 8.25899 -5.46985 
vt 7.59233 -5.46985 
vt 6.92566 -5.46985 
vt 6.25899 -5.46985 
vt 5.59232 -5.46985 
vt 4.92566 -5.46985 
vt 4.25899 -5.46985 
vt 8.25899 -1.46985 
vt 7.59233 -1.46985 
vt 6.92566 -1.46985 
vt 6.25899 -1.46985 
vt 5.59232 -1.46985 
vt 4.92566 -1.46985 
vt 4.25899 -1.46985 
vt 8.25899 -2.13652 
vt 7.59233 -2.13652 
vt 6.92566 -2.13652 
vt 6.25899 -2.13652 
vt 5.59232 -2.13652 
vt 4.92566 -2.13652 
vt 4.25899 -2.13652 
vt 8.25899 -2.80318 
vt 7.59233 -2.80318 
vt 6.92566 -2.80318 
vt 6.25899 -2.80318 
vt 5.59232 -2.80318 
vt 4.92566 -2.80318 
vt 4.25899 -2.80318 
vt 8.25899 -3.46985 
vt 7.59233 -3.46985 
vt 6.92566 -3.46985 
vt 6.25899 -3.46985 
vt 5.59232 -3.46985 
vt 4.92566 -3.46985 
vt 4.25899 -3.46985 
vt 8.25899 -4.13652 
vt 7.59233 -4.13652 
vt 6.92566 -4.13652 
vt 6.25899 -4.13652 
vt 5.59232 -4.13652 
vt 4.92566 -4.13652 
vt 4.25899 -4.13652 
vt 8.25899 -4.80319 
vt 7.59233 -4.80319 
vt 6.92566 -4.80319 
vt 6.25899 -4.80319 
vt 5.59232 -4.80319 
vt 4.92566 -4.80319 
vt 4.25899 -4.80319 
vt 8.25899 -5.46985 
vt 7.59233 -5.46985 
vt 6.92566 -5.46985 
vt 6.25899 -5.46985 
vt 5.59232 -5.46985 
vt 4.92566 -5.46985 
vt 4.25899 -5.46985 
vt 8.25899 -1.46985 
vt 7.59233 -1.46985 
vt 6.92566 -1.46985 
vt 6.25899 -1.46985 
vt 5.59232 -1.46985 
vt 4.92566 -1.46985 
vt 4.25899 -1.46985 
vt 8.25899 -2.13652 
vt 7.59233 -2.13652 
vt 6.92566 -2.13652 
vt 6.25899 -2.13652 
vt 5.59232 -2.13652 
vt 4.92566 -2.13652 
vt 4.25899 -2.13652 
vt 8.25899 -2.80318 
vt 7.59233 -2.80318 
vt 6.92566 -2.80318 
vt 6.25899 -2.80318 
vt 5.59232 -2.80318 
vt 4.92566 -2.80318 
vt 4.25899 -2.80318 
vt 8.25899 -3.46985 
vt 7.59233 -3.46985 
vt 6.92566 -3.46985 
vt 6.25899 -3.46985 
vt 5.59232 -3.46985 
vt 4.92566 -3.46985 
vt 4.25899 -3.46985 
vt 8.25899 -4.13652 
vt 7.59233 -4.13652 
vt 6.92566 -4.13652 
vt 6.25899 -4.13652 
vt 5.59232 -4.13652 
vt 4.92566 -4.13652 
vt 4.25899 -4.13652 
vt 8.25899 -4.80319 
vt 7.59233 -4.80319 
vt 6.92566 -4.80319 
vt 6.25899 -4.80319 
vt 5.59232 -4.80319 
vt 4.92566 -4.80319 
vt 4.25899 -4.80319 
vt 8.25899 -5.46985 
vt 7.59233 -5.46985 
vt 6.92566 -5.46985 
vt 6.25899 -5.46985 
vt 5.59232 -5.46985 
vt 4.92566 -5.46985 
vt 4.25899 -5.46985 

usemtl 11Mtl

f 637/637/637 638/638/638 644/644/644 
f 644/644/644 638/638/638 645/645/645 
f 638/638/638 639/639/639 645/645/645 
f 645/645/645 639/639/639 646/646/646 
f 639/639/639 640/640/640 646/646/646 
f 646/646/646 640/640/640 647/647/647 
f 640/640/640 641/641/641 647/647/647 
f 647/647/647 641/641/641 648/648/648 
f 641/641/641 642/642/642 648/648/648 
f 648/648/648 642/642/642 649/649/649 
f 642/642/642 643/643/643 649/649/649 
f 649/649/649 643/643/643 650/650/650 
f 644/644/644 645/645/645 651/651/651 
f 651/651/651 645/645/645 652/652/652 
f 645/645/645 646/646/646 652/652/652 
f 652/652/652 646/646/646 653/653/653 
f 646/646/646 647/647/647 653/653/653 
f 653/653/653 647/647/647 654/654/654 
f 647/647/647 648/648/648 654/654/654 
f 654/654/654 648/648/648 655/655/655 
f 648/648/648 649/649/649 655/655/655 
f 655/655/655 649/649/649 656/656/656 
f 649/649/649 650/650/650 656/656/656 
f 656/656/656 650/650/650 657/657/657 
f 651/651/651 652/652/652 658/658/658 
f 658/658/658 652/652/652 659/659/659 
f 652/652/652 653/653/653 659/659/659 
f 659/659/659 653/653/653 660/660/660 
f 653/653/653 654/654/654 660/660/660 
f 660/660/660 654/654/654 661/661/661 
f 654/654/654 655/655/655 661/661/661 
f 661/661/661 655/655/655 662/662/662 
f 655/655/655 656/656/656 662/662/662 
f 662/662/662 656/656/656 663/663/663 
f 656/656/656 657/657/657 663/663/663 
f 663/663/663 657/657/657 664/664/664 
f 658/658/658 659/659/659 665/665/665 
f 665/665/665 659/659/659 666/666/666 
f 659/659/659 660/660/660 666/666/666 
f 666/666/666 660/660/660 667/667/667 
f 660/660/660 661/661/661 667/667/667 
f 667/667/667 661/661/661 668/668/668 
f 661/661/661 662/662/662 668/668/668 
f 668/668/668 662/662/662 669/669/669 
f 662/662/662 663/663/663 669/669/669 
f 669/669/669 663/663/663 670/670/670 
f 663/663/663 664/664/664 670/670/670 
f 670/670/670 664/664/664 671/671/671 
f 665/665/665 666/666/666 672/672/672 
f 672/672/672 666/666/666 673/673/673 
f 666/666/666 667/667/667 673/673/673 
f 673/673/673 667/667/667 674/674/674 
f 667/667/667 668/668/668 674/674/674 
f 674/674/674 668/668/668 675/675/675 
f 668/668/668 669/669/669 675/675/675 
f 675/675/675 669/669/669 676/676/676 
f 669/669/669 670/670/670 676/676/676 
f 676/676/676 670/670/670 677/677/677 
f 670/670/670 671/671/671 677/677/677 
f 677/677/677 671/671/671 678/678/678 
f 672/672/672 673/673/673 679/679/679 
f 679/679/679 673/673/673 680/680/680 
f 673/673/673 674/674/674 680/680/680 
f 680/680/680 674/674/674 681/681/681 
f 674/674/674 675/675/675 681/681/681 
f 681/681/681 675/675/675 682/682/682 
f 675/675/675 676/676/676 682/682/682 
f 682/682/682 676/676/676 683/683/683 
f 676/676/676 677/677/677 683/683/683 
f 683/683/683 677/677/677 684/684/684 
f 677/677/677 678/678/678 684/684/684 
f 684/684/684 678/678/678 685/685/685 
f 686/686/686 687/687/687 693/693/693 
f 693/693/693 687/687/687 694/694/694 
f 687/687/687 688/688/688 694/694/694 
f 694/694/694 688/688/688 695/695/695 
f 688/688/688 689/689/689 695/695/695 
f 695/695/695 689/689/689 696/696/696 
f 689/689/689 690/690/690 696/696/696 
f 696/696/696 690/690/690 697/697/697 
f 690/690/690 691/691/691 697/697/697 
f 697/697/697 691/691/691 698/698/698 
f 691/691/691 692/692/692 698/698/698 
f 698/698/698 692/692/692 699/699/699 
f 693/693/693 694/694/694 700/700/700 
f 700/700/700 694/694/694 701/701/701 
f 694/694/694 695/695/695 701/701/701 
f 701/701/701 695/695/695 702/702/702 
f 695/695/695 696/696/696 702/702/702 
f 702/702/702 696/696/696 703/703/703 
f 696/696/696 697/697/697 703/703/703 
f 703/703/703 697/697/697 704/704/704 
f 697/697/697 698/698/698 704/704/704 
f 704/704/704 698/698/698 705/705/705 
f 698/698/698 699/699/699 705/705/705 
f 705/705/705 699/699/699 706/706/706 
f 700/700/700 701/701/701 707/707/707 
f 707/707/707 701/701/701 708/708/708 
f 701/701/701 702/702/702 708/708/708 
f 708/708/708 702/702/702 709/709/709 
f 702/702/702 703/703/703 709/709/709 
f 709/709/709 703/703/703 710/710/710 
f 703/703/703 704/704/704 710/710/710 
f 710/710/710 704/704/704 711/711/711 
f 704/704/704 705/705/705 711/711/711 
f 711/711/711 705/705/705 712/712/712 
f 705/705/705 706/706/706 712/712/712 
f 712/712/712 706/706/706 713/713/713 
f 707/707/707 708/708/708 714/714/714 
f 714/714/714 708/708/708 715/715/715 
f 708/708/708 709/709/709 715/715/715 
f 715/715/715 709/709/709 716/716/716 
f 709/709/709 710/710/710 716/716/716 
f 716/716/716 710/710/710 717/717/717 
f 710/710/710 711/711/711 717/717/717 
f 717/717/717 711/711/711 718/718/718 
f 711/711/711 712/712/712 718/718/718 
f 718/718/718 712/712/712 719/719/719 
f 712/712/712 713/713/713 719/719/719 
f 719/719/719 713/713/713 720/720/720 
f 714/714/714 715/715/715 721/721/721 
f 721/721/721 715/715/715 722/722/722 
f 715/715/715 716/716/716 722/722/722 
f 722/722/722 716/716/716 723/723/723 
f 716/716/716 717/717/717 723/723/723 
f 723/723/723 717/717/717 724/724/724 
f 717/717/717 718/718/718 724/724/724 
f 724/724/724 718/718/718 725/725/725 
f 718/718/718 719/719/719 725/725/725 
f 725/725/725 719/719/719 726/726/726 
f 719/719/719 720/720/720 726/726/726 
f 726/726/726 720/720/720 727/727/727 
f 721/721/721 722/722/722 728/728/728 
f 728/728/728 722/722/722 729/729/729 
f 722/722/722 723/723/723 729/729/729 
f 729/729/729 723/723/723 730/730/730 
f 723/723/723 724/724/724 730/730/730 
f 730/730/730 724/724/724 731/731/731 
f 724/724/724 725/725/725 731/731/731 
f 731/731/731 725/725/725 732/732/732 
f 725/725/725 726/726/726 732/732/732 
f 732/732/732 726/726/726 733/733/733 
f 726/726/726 727/727/727 733/733/733 
f 733/733/733 727/727/727 734/734/734 
f 735/735/735 736/736/736 742/742/742 
f 742/742/742 736/736/736 743/743/743 
f 736/736/736 737/737/737 743/743/743 
f 743/743/743 737/737/737 744/744/744 
f 737/737/737 738/738/738 744/744/744 
f 744/744/744 738/738/738 745/745/745 
f 738/738/738 739/739/739 745/745/745 
f 745/745/745 739/739/739 746/746/746 
f 739/739/739 740/740/740 746/746/746 
f 746/746/746 740/740/740 747/747/747 
f 740/740/740 741/741/741 747/747/747 
f 747/747/747 741/741/741 748/748/748 
f 742/742/742 743/743/743 749/749/749 
f 749/749/749 743/743/743 750/750/750 
f 743/743/743 744/744/744 750/750/750 
f 750/750/750 744/744/744 751/751/751 
f 744/744/744 745/745/745 751/751/751 
f 751/751/751 745/745/745 752/752/752 
f 745/745/745 746/746/746 752/752/752 
f 752/752/752 746/746/746 753/753/753 
f 746/746/746 747/747/747 753/753/753 
f 753/753/753 747/747/747 754/754/754 
f 747/747/747 748/748/748 754/754/754 
f 754/754/754 748/748/748 755/755/755 
f 749/749/749 750/750/750 756/756/756 
f 756/756/756 750/750/750 757/757/757 
f 750/750/750 751/751/751 757/757/757 
f 757/757/757 751/751/751 758/758/758 
f 751/751/751 752/752/752 758/758/758 
f 758/758/758 752/752/752 759/759/759 
f 752/752/752 753/753/753 759/759/759 
f 759/759/759 753/753/753 760/760/760 
f 753/753/753 754/754/754 760/760/760 
f 760/760/760 754/754/754 761/761/761 
f 754/754/754 755/755/755 761/761/761 
f 761/761/761 755/755/755 762/762/762 
f 756/756/756 757/757/757 763/763/763 
f 763/763/763 757/757/757 764/764/764 
f 757/757/757 758/758/758 764/764/764 
f 764/764/764 758/758/758 765/765/765 
f 758/758/758 759/759/759 765/765/765 
f 765/765/765 759/759/759 766/766/766 
f 759/759/759 760/760/760 766/766/766 
f 766/766/766 760/760/760 767/767/767 
f 760/760/760 761/761/761 767/767/767 
f 767/767/767 761/761/761 768/768/768 
f 761/761/761 762/762/762 768/768/768 
f 768/768/768 762/762/762 769/769/769 
f 763/763/763 764/764/764 770/770/770 
f 770/770/770 764/764/764 771/771/771 
f 764/764/764 765/765/765 771/771/771 
f 771/771/771 765/765/765 772/772/772 
f 765/765/765 766/766/766 772/772/772 
f 772/772/772 766/766/766 773/773/773 
f 766/766/766 767/767/767 773/773/773 
f 773/773/773 767/767/767 774/774/774 
f 767/767/767 768/768/768 774/774/774 
f 774/774/774 768/768/768 775/775/775 
f 768/768/768 769/769/769 775/775/775 
f 775/775/775 769/769/769 776/776/776 
f 770/770/770 771/771/771 777/777/777 
f 777/777/777 771/771/771 778/778/778 
f 771/771/771 772/772/772 778/778/778 
f 778/778/778 772/772/772 779/779/779 
f 772/772/772 773/773/773 779/779/779 
f 779/779/779 773/773/773 780/780/780 
f 773/773/773 774/774/774 780/780/780 
f 780/780/780 774/774/774 781/781/781 
f 774/774/774 775/775/775 781/781/781 
f 781/781/781 775/775/775 782/782/782 
f 775/775/775 776/776/776 782/782/782 
f 782/782/782 776/776/776 783/783/783 
f 784/784/784 785/785/785 791/791/791 
f 791/791/791 785/785/785 792/792/792 
f 785/785/785 786/786/786 792/792/792 
f 792/792/792 786/786/786 793/793/793 
f 786/786/786 787/787/787 793/793/793 
f 793/793/793 787/787/787 794/794/794 
f 787/787/787 788/788/788 794/794/794 
f 794/794/794 788/788/788 795/795/795 
f 788/788/788 789/789/789 795/795/795 
f 795/795/795 789/789/789 796/796/796 
f 789/789/789 790/790/790 796/796/796 
f 796/796/796 790/790/790 797/797/797 
f 791/791/791 792/792/792 798/798/798 
f 798/798/798 792/792/792 799/799/799 
f 792/792/792 793/793/793 799/799/799 
f 799/799/799 793/793/793 800/800/800 
f 793/793/793 794/794/794 800/800/800 
f 800/800/800 794/794/794 801/801/801 
f 794/794/794 795/795/795 801/801/801 
f 801/801/801 795/795/795 802/802/802 
f 795/795/795 796/796/796 802/802/802 
f 802/802/802 796/796/796 803/803/803 
f 796/796/796 797/797/797 803/803/803 
f 803/803/803 797/797/797 804/804/804 
f 798/798/798 799/799/799 805/805/805 
f 805/805/805 799/799/799 806/806/806 
f 799/799/799 800/800/800 806/806/806 
f 806/806/806 800/800/800 807/807/807 
f 800/800/800 801/801/801 807/807/807 
f 807/807/807 801/801/801 808/808/808 
f 801/801/801 802/802/802 808/808/808 
f 808/808/808 802/802/802 809/809/809 
f 802/802/802 803/803/803 809/809/809 
f 809/809/809 803/803/803 810/810/810 
f 803/803/803 804/804/804 810/810/810 
f 810/810/810 804/804/804 811/811/811 
f 805/805/805 806/806/806 812/812/812 
f 812/812/812 806/806/806 813/813/813 
f 806/806/806 807/807/807 813/813/813 
f 813/813/813 807/807/807 814/814/814 
f 807/807/807 808/808/808 814/814/814 
f 814/814/814 808/808/808 815/815/815 
f 808/808/808 809/809/809 815/815/815 
f 815/815/815 809/809/809 816/816/816 
f 809/809/809 810/810/810 816/816/816 
f 816/816/816 810/810/810 817/817/817 
f 810/810/810 811/811/811 817/817/817 
f 817/817/817 811/811/811 818/818/818 
f 812/812/812 813/813/813 819/819/819 
f 819/819/819 813/813/813 820/820/820 
f 813/813/813 814/814/814 820/820/820 
f 820/820/820 814/814/814 821/821/821 
f 814/814/814 815/815/815 821/821/821 
f 821/821/821 815/815/815 822/822/822 
f 815/815/815 816/816/816 822/822/822 
f 822/822/822 816/816/816 823/823/823 
f 816/816/816 817/817/817 823/823/823 
f 823/823/823 817/817/817 824/824/824 
f 817/817/817 818/818/818 824/824/824 
f 824/824/824 818/818/818 825/825/825 
f 819/819/819 820/820/820 826/826/826 
f 826/826/826 820/820/820 827/827/827 
f 820/820/820 821/821/821 827/827/827 
f 827/827/827 821/821/821 828/828/828 
f 821/821/821 822/822/822 828/828/828 
f 828/828/828 822/822/822 829/829/829 
f 822/822/822 823/823/823 829/829/829 
f 829/829/829 823/823/823 830/830/830 
f 823/823/823 824/824/824 830/830/830 
f 830/830/830 824/824/824 831/831/831 
f 824/824/824 825/825/825 831/831/831 
f 831/831/831 825/825/825 832/832/832 
f 833/833/833 834/834/834 840/840/840 
f 840/840/840 834/834/834 841/841/841 
f 834/834/834 835/835/835 841/841/841 
f 841/841/841 835/835/835 842/842/842 
f 835/835/835 836/836/836 842/842/842 
f 842/842/842 836/836/836 843/843/843 
f 836/836/836 837/837/837 843/843/843 
f 843/843/843 837/837/837 844/844/844 
f 837/837/837 838/838/838 844/844/844 
f 844/844/844 838/838/838 845/845/845 
f 838/838/838 839/839/839 845/845/845 
f 845/845/845 839/839/839 846/846/846 
f 840/840/840 841/841/841 847/847/847 
f 847/847/847 841/841/841 848/848/848 
f 841/841/841 842/842/842 848/848/848 
f 848/848/848 842/842/842 849/849/849 
f 842/842/842 843/843/843 849/849/849 
f 849/849/849 843/843/843 850/850/850 
f 843/843/843 844/844/844 850/850/850 
f 850/850/850 844/844/844 851/851/851 
f 844/844/844 845/845/845 851/851/851 
f 851/851/851 845/845/845 852/852/852 
f 845/845/845 846/846/846 852/852/852 
f 852/852/852 846/846/846 853/853/853 
f 847/847/847 848/848/848 854/854/854 
f 854/854/854 848/848/848 855/855/855 
f 848/848/848 849/849/849 855/855/855 
f 855/855/855 849/849/849 856/856/856 
f 849/849/849 850/850/850 856/856/856 
f 856/856/856 850/850/850 857/857/857 
f 850/850/850 851/851/851 857/857/857 
f 857/857/857 851/851/851 858/858/858 
f 851/851/851 852/852/852 858/858/858 
f 858/858/858 852/852/852 859/859/859 
f 852/852/852 853/853/853 859/859/859 
f 859/859/859 853/853/853 860/860/860 
f 854/854/854 855/855/855 861/861/861 
f 861/861/861 855/855/855 862/862/862 
f 855/855/855 856/856/856 862/862/862 
f 862/862/862 856/856/856 863/863/863 
f 856/856/856 857/857/857 863/863/863 
f 863/863/863 857/857/857 864/864/864 
f 857/857/857 858/858/858 864/864/864 
f 864/864/864 858/858/858 865/865/865 
f 858/858/858 859/859/859 865/865/865 
f 865/865/865 859/859/859 866/866/866 
f 859/859/859 860/860/860 866/866/866 
f 866/866/866 860/860/860 867/867/867 
f 861/861/861 862/862/862 868/868/868 
f 868/868/868 862/862/862 869/869/869 
f 862/862/862 863/863/863 869/869/869 
f 869/869/869 863/863/863 870/870/870 
f 863/863/863 864/864/864 870/870/870 
f 870/870/870 864/864/864 871/871/871 
f 864/864/864 865/865/865 871/871/871 
f 871/871/871 865/865/865 872/872/872 
f 865/865/865 866/866/866 872/872/872 
f 872/872/872 866/866/866 873/873/873 
f 866/866/866 867/867/867 873/873/873 
f 873/873/873 867/867/867 874/874/874 
f 868/868/868 869/869/869 875/875/875 
f 875/875/875 869/869/869 876/876/876 
f 869/869/869 870/870/870 876/876/876 
f 876/876/876 870/870/870 877/877/877 
f 870/870/870 871/871/871 877/877/877 
f 877/877/877 871/871/871 878/878/878 
f 871/871/871 872/872/872 878/878/878 
f 878/878/878 872/872/872 879/879/879 
f 872/872/872 873/873/873 879/879/879 
f 879/879/879 873/873/873 880/880/880 
f 873/873/873 874/874/874 880/880/880 
f 880/880/880 874/874/874 881/881/881 
f 882/882/882 883/883/883 889/889/889 
f 889/889/889 883/883/883 890/890/890 
f 883/883/883 884/884/884 890/890/890 
f 890/890/890 884/884/884 891/891/891 
f 884/884/884 885/885/885 891/891/891 
f 891/891/891 885/885/885 892/892/892 
f 885/885/885 886/886/886 892/892/892 
f 892/892/892 886/886/886 893/893/893 
f 886/886/886 887/887/887 893/893/893 
f 893/893/893 887/887/887 894/894/894 
f 887/887/887 888/888/888 894/894/894 
f 894/894/894 888/888/888 895/895/895 
f 889/889/889 890/890/890 896/896/896 
f 896/896/896 890/890/890 897/897/897 
f 890/890/890 891/891/891 897/897/897 
f 897/897/897 891/891/891 898/898/898 
f 891/891/891 892/892/892 898/898/898 
f 898/898/898 892/892/892 899/899/899 
f 892/892/892 893/893/893 899/899/899 
f 899/899/899 893/893/893 900/900/900 
f 893/893/893 894/894/894 900/900/900 
f 900/900/900 894/894/894 901/901/901 
f 894/894/894 895/895/895 901/901/901 
f 901/901/901 895/895/895 902/902/902 
f 896/896/896 897/897/897 903/903/903 
f 903/903/903 897/897/897 904/904/904 
f 897/897/897 898/898/898 904/904/904 
f 904/904/904 898/898/898 905/905/905 
f 898/898/898 899/899/899 905/905/905 
f 905/905/905 899/899/899 906/906/906 
f 899/899/899 900/900/900 906/906/906 
f 906/906/906 900/900/900 907/907/907 
f 900/900/900 901/901/901 907/907/907 
f 907/907/907 901/901/901 908/908/908 
f 901/901/901 902/902/902 908/908/908 
f 908/908/908 902/902/902 909/909/909 
f 903/903/903 904/904/904 910/910/910 
f 910/910/910 904/904/904 911/911/911 
f 904/904/904 905/905/905 911/911/911 
f 911/911/911 905/905/905 912/912/912 
f 905/905/905 906/906/906 912/912/912 
f 912/912/912 906/906/906 913/913/913 
f 906/906/906 907/907/907 913/913/913 
f 913/913/913 907/907/907 914/914/914 
f 907/907/907 908/908/908 914/914/914 
f 914/914/914 908/908/908 915/915/915 
f 908/908/908 909/909/909 915/915/915 
f 915/915/915 909/909/909 916/916/916 
f 910/910/910 911/911/911 917/917/917 
f 917/917/917 911/911/911 918/918/918 
f 911/911/911 912/912/912 918/918/918 
f 918/918/918 912/912/912 919/919/919 
f 912/912/912 913/913/913 919/919/919 
f 919/919/919 913/913/913 920/920/920 
f 913/913/913 914/914/914 920/920/920 
f 920/920/920 914/914/914 921/921/921 
f 914/914/914 915/915/915 921/921/921 
f 921/921/921 915/915/915 922/922/922 
f 915/915/915 916/916/916 922/922/922 
f 922/922/922 916/916/916 923/923/923 
f 917/917/917 918/918/918 924/924/924 
f 924/924/924 918/918/918 925/925/925 
f 918/918/918 919/919/919 925/925/925 
f 925/925/925 919/919/919 926/926/926 
f 919/919/919 920/920/920 926/926/926 
f 926/926/926 920/920/920 927/927/927 
f 920/920/920 921/921/921 927/927/927 
f 927/927/927 921/921/921 928/928/928 
f 921/921/921 922/922/922 928/928/928 
f 928/928/928 922/922/922 929/929/929 
f 922/922/922 923/923/923 929/929/929 
f 929/929/929 923/923/923 930/930/930 

g 14

v 4.1547 491.155 -1.1547 
v 4.2792 491.279 -0.852803 
v 4.37649 491.376 -0.458831 
v 4.41421 491.414 8.42937e-08 
v 4.37649 491.376 0.458832 
v 4.2792 491.279 0.852803 
v 4.1547 491.155 1.1547 
v 4.2792 490.853 -1.2792 
v 4.45521 490.97 -0.970142 
v 4.60357 491.069 -0.534522 
v 4.6641 491.109 9.91881e-08 
v 4.60357 491.069 0.534523 
v 4.45521 490.97 0.970143 
v 4.2792 490.853 1.2792 
v 4.37649 490.459 -1.37649 
v 4.60357 490.535 -1.06904 
v 4.80907 490.603 -0.603023 
v 4.89737 490.632 1.13092e-07 
v 4.80907 490.603 0.603023 
v 4.60357 490.535 1.06905 
v 4.37649 490.459 1.37649 
v 4.41421 490 -1.41421 
v 4.6641 490 -1.1094 
v 4.89737 490 -0.632455 
v 5 490 1.19209e-07 
v 4.89737 490 0.632456 
v 4.6641 490 1.1094 
v 4.41421 490 1.41421 
v 4.37649 489.541 -1.37649 
v 4.60357 489.465 -1.06904 
v 4.80907 489.397 -0.603023 
v 4.89737 489.368 1.13092e-07 
v 4.80907 489.397 0.603023 
v 4.60357 489.465 1.06905 
v 4.37649 489.541 1.37649 
v 4.2792 489.147 -1.2792 
v 4.45521 489.03 -0.970142 
v 4.60357 488.931 -0.534522 
v 4.6641 488.891 9.91881e-08 
v 4.60357 488.931 0.534523 
v 4.45521 489.03 0.970143 
v 4.2792 489.147 1.2792 
v 4.1547 488.845 -1.1547 
v 4.2792 488.721 -0.852803 
v 4.37649 488.624 -0.458831 
v 4.41421 488.586 8.42937e-08 
v 4.37649 488.624 0.458832 
v 4.2792 488.721 0.852803 
v 4.1547 488.845 1.1547 
v 1.8453 491.155 1.1547 
v 2.1472 491.279 1.2792 
v 2.54117 491.376 1.37649 
v 3 491.414 1.41421 
v 3.45883 491.376 1.37649 
v 3.8528 491.279 1.2792 
v 4.1547 491.155 1.1547 
v 1.7208 491.279 0.852803 
v 2.02986 491.455 0.970142 
v 2.46548 491.604 1.06904 
v 3 491.664 1.1094 
v 3.53452 491.604 1.06904 
v 3.97014 491.455 0.970142 
v 4.2792 491.279 0.852803 
v 1.62351 491.376 0.458831 
v 1.93096 491.604 0.534522 
v 2.39698 491.809 0.603023 
v 3 491.897 0.632455 
v 3.60302 491.809 0.603023 
v 4.06905 491.604 0.534522 
v 4.37649 491.376 0.458831 
v 1.58579 491.414 -8.42937e-08 
v 1.8906 491.664 -9.91881e-08 
v 2.36754 491.897 -1.13092e-07 
v 3 492 -1.19209e-07 
v 3.63246 491.897 -1.13092e-07 
v 4.1094 491.664 -9.91881e-08 
v 4.41421 491.414 -8.42937e-08 
v 1.62351 491.376 -0.458832 
v 1.93096 491.604 -0.534523 
v 2.39698 491.809 -0.603023 
v 3 491.897 -0.632456 
v 3.60302 491.809 -0.603023 
v 4.06905 491.604 -0.534523 
v 4.37649 491.376 -0.458832 
v 1.7208 491.279 -0.852803 
v 2.02986 491.455 -0.970143 
v 2.46548 491.604 -1.06905 
v 3 491.664 -1.1094 
v 3.53452 491.604 -1.06905 
v 3.97014 491.455 -0.970143 
v 4.2792 491.279 -0.852803 
v 1.8453 491.155 -1.1547 
v 2.1472 491.279 -1.2792 
v 2.54117 491.376 -1.37649 
v 3 491.414 -1.41421 
v 3.45883 491.376 -1.37649 
v 3.8528 491.279 -1.2792 
v 4.1547 491.155 -1.1547 
v 4.1547 491.155 1.1547 
v 3.8528 491.279 1.2792 
v 3.45883 491.376 1.37649 
v 3 491.414 1.41421 
v 2.54117 491.376 1.37649 
v 2.1472 491.279 1.2792 
v 1.8453 491.155 1.1547 
v 4.2792 490.853 1.2792 
v 3.97014 490.97 1.45521 
v 3.53452 491.069 1.60357 
v 3 491.109 1.6641 
v 2.46548 491.069 1.60357 
v 2.02986 490.97 1.45521 
v 1.7208 490.853 1.2792 
v 4.37649 490.459 1.37649 
v 4.06905 490.535 1.60357 
v 3.60302 490.603 1.80907 
v 3 490.632 1.89737 
v 2.39698 490.603 1.80907 
v 1.93095 490.535 1.60357 
v 1.62351 490.459 1.37649 
v 4.41421 490 1.41421 
v 4.1094 490 1.6641 
v 3.63246 490 1.89737 
v 3 490 2 
v 2.36754 490 1.89737 
v 1.8906 490 1.6641 
v 1.58579 490 1.41421 
v 4.37649 489.541 1.37649 
v 4.06905 489.465 1.60357 
v 3.60302 489.397 1.80907 
v 3 489.368 1.89737 
v 2.39698 489.397 1.80907 
v 1.93095 489.465 1.60357 
v 1.62351 489.541 1.37649 
v 4.2792 489.147 1.2792 
v 3.97014 489.03 1.45521 
v 3.53452 488.931 1.60357 
v 3 488.891 1.6641 
v 2.46548 488.931 1.60357 
v 2.02986 489.03 1.45521 
v 1.7208 489.147 1.2792 
v 4.1547 488.845 1.1547 
v 3.8528 488.721 1.2792 
v 3.45883 488.624 1.37649 
v 3 488.586 1.41421 
v 2.54117 488.624 1.37649 
v 2.1472 488.721 1.2792 
v 1.8453 488.845 1.1547 
v 1.8453 491.155 1.1547 
v 1.7208 491.279 0.852803 
v 1.62351 491.376 0.458831 
v 1.58579 491.414 -8.42937e-08 
v 1.62351 491.376 -0.458832 
v 1.7208 491.279 -0.852803 
v 1.8453 491.155 -1.1547 
v 1.7208 490.853 1.2792 
v 1.54479 490.97 0.970142 
v 1.39643 491.069 0.534522 
v 1.3359 491.109 -9.91881e-08 
v 1.39643 491.069 -0.534523 
v 1.54479 490.97 -0.970143 
v 1.7208 490.853 -1.2792 
v 1.62351 490.459 1.37649 
v 1.39643 490.535 1.06904 
v 1.19093 490.603 0.603023 
v 1.10263 490.632 -1.13092e-07 
v 1.19093 490.603 -0.603023 
v 1.39643 490.535 -1.06905 
v 1.62351 490.459 -1.37649 
v 1.58579 490 1.41421 
v 1.3359 490 1.1094 
v 1.10263 490 0.632455 
v 1 490 -1.19209e-07 
v 1.10263 490 -0.632456 
v 1.3359 490 -1.1094 
v 1.58579 490 -1.41421 
v 1.62351 489.541 1.37649 
v 1.39643 489.465 1.06904 
v 1.19093 489.397 0.603023 
v 1.10263 489.368 -1.13092e-07 
v 1.19093 489.397 -0.603023 
v 1.39643 489.465 -1.06905 
v 1.62351 489.541 -1.37649 
v 1.7208 489.147 1.2792 
v 1.54479 489.03 0.970142 
v 1.39643 488.931 0.534522 
v 1.3359 488.891 -9.91881e-08 
v 1.39643 488.931 -0.534523 
v 1.54479 489.03 -0.970143 
v 1.7208 489.147 -1.2792 
v 1.8453 488.845 1.1547 
v 1.7208 488.721 0.852803 
v 1.62351 488.624 0.458831 
v 1.58579 488.586 -8.42937e-08 
v 1.62351 488.624 -0.458832 
v 1.7208 488.721 -0.852803 
v 1.8453 488.845 -1.1547 
v 1.8453 488.845 -1.1547 
v 2.1472 488.721 -1.2792 
v 2.54117 488.624 -1.37649 
v 3 488.586 -1.41421 
v 3.45883 488.624 -1.37649 
v 3.8528 488.721 -1.2792 
v 4.1547 488.845 -1.1547 
v 1.7208 488.721 -0.852803 
v 2.02986 488.545 -0.970142 
v 2.46548 488.396 -1.06904 
v 3 488.336 -1.1094 
v 3.53452 488.396 -1.06904 
v 3.97014 488.545 -0.970142 
v 4.2792 488.721 -0.852803 
v 1.62351 488.624 -0.458831 
v 1.93096 488.396 -0.534522 
v 2.39698 488.191 -0.603023 
v 3 488.103 -0.632455 
v 3.60302 488.191 -0.603023 
v 4.06905 488.396 -0.534522 
v 4.37649 488.624 -0.458831 
v 1.58579 488.586 8.42937e-08 
v 1.8906 488.336 9.91881e-08 
v 2.36754 488.103 1.13092e-07 
v 3 488 1.19209e-07 
v 3.63246 488.103 1.13092e-07 
v 4.1094 488.336 9.91881e-08 
v 4.41421 488.586 8.42937e-08 
v 1.62351 488.624 0.458832 
v 1.93096 488.396 0.534523 
v 2.39698 488.191 0.603023 
v 3 488.103 0.632456 
v 3.60302 488.191 0.603023 
v 4.06905 488.396 0.534523 
v 4.37649 488.624 0.458832 
v 1.7208 488.721 0.852803 
v 2.02986 488.545 0.970143 
v 2.46548 488.396 1.06905 
v 3 488.336 1.1094 
v 3.53452 488.396 1.06905 
v 3.97014 488.545 0.970143 
v 4.2792 488.721 0.852803 
v 1.8453 488.845 1.1547 
v 2.1472 488.721 1.2792 
v 2.54117 488.624 1.37649 
v 3 488.586 1.41421 
v 3.45883 488.624 1.37649 
v 3.8528 488.721 1.2792 
v 4.1547 488.845 1.1547 
v 1.8453 491.155 -1.1547 
v 2.1472 491.279 -1.2792 
v 2.54117 491.376 -1.37649 
v 3 491.414 -1.41421 
v 3.45883 491.376 -1.37649 
v 3.8528 491.279 -1.2792 
v 4.1547 491.155 -1.1547 
v 1.7208 490.853 -1.2792 
v 2.02986 490.97 -1.45521 
v 2.46548 491.069 -1.60357 
v 3 491.109 -1.6641 
v 3.53452 491.069 -1.60357 
v 3.97014 490.97 -1.45521 
v 4.2792 490.853 -1.2792 
v 1.62351 490.459 -1.37649 
v 1.93096 490.535 -1.60357 
v 2.39698 490.603 -1.80907 
v 3 490.632 -1.89737 
v 3.60302 490.603 -1.80907 
v 4.06905 490.535 -1.60357 
v 4.37649 490.459 -1.37649 
v 1.58579 490 -1.41421 
v 1.8906 490 -1.6641 
v 2.36754 490 -1.89737 
v 3 490 -2 
v 3.63246 490 -1.89737 
v 4.1094 490 -1.6641 
v 4.41421 490 -1.41421 
v 1.62351 489.541 -1.37649 
v 1.93096 489.465 -1.60357 
v 2.39698 489.397 -1.80907 
v 3 489.368 -1.89737 
v 3.60302 489.397 -1.80907 
v 4.06905 489.465 -1.60357 
v 4.37649 489.541 -1.37649 
v 1.7208 489.147 -1.2792 
v 2.02986 489.03 -1.45521 
v 2.46548 488.931 -1.60357 
v 3 488.891 -1.6641 
v 3.53452 488.931 -1.60357 
v 3.97014 489.03 -1.45521 
v 4.2792 489.147 -1.2792 
v 1.8453 488.845 -1.1547 
v 2.1472 488.721 -1.2792 
v 2.54117 488.624 -1.37649 
v 3 488.586 -1.41421 
v 3.45883 488.624 -1.37649 
v 3.8528 488.721 -1.2792 
v 4.1547 488.845 -1.1547 

vn 0.574803 0.574803 -0.574803 
vn 0.637795 0.637795 -0.425197 
vn 0.685039 0.685039 -0.228346 
vn 0.708661 0.708661 0 
vn 0.685039 0.685039 0.228346 
vn 0.637795 0.637795 0.425197 
vn 0.574803 0.574803 0.574803 
vn 0.637795 0.425197 -0.637795 
vn 0.724409 0.488189 -0.488189 
vn 0.80315 0.535433 -0.267717 
vn 0.834646 0.551181 0 
vn 0.80315 0.535433 0.267717 
vn 0.724409 0.488189 0.488189 
vn 0.637795 0.425197 0.637795 
vn 0.685039 0.228346 -0.685039 
vn 0.80315 0.267717 -0.535433 
vn 0.905512 0.299213 -0.299213 
vn 0.944882 0.314961 0 
vn 0.905512 0.299213 0.299213 
vn 0.80315 0.267717 0.535433 
vn 0.685039 0.228346 0.685039 
vn 0.708661 0 -0.708661 
vn 0.834646 0 -0.551181 
vn 0.944882 0 -0.314961 
vn 1 0 0 
vn 0.944882 0 0.314961 
vn 0.834646 0 0.551181 
vn 0.708661 0 0.708661 
vn 0.685039 -0.228346 -0.685039 
vn 0.80315 -0.267717 -0.535433 
vn 0.905512 -0.299213 -0.299213 
vn 0.944882 -0.314961 0 
vn 0.905512 -0.299213 0.299213 
vn 0.80315 -0.267717 0.535433 
vn 0.685039 -0.228346 0.685039 
vn 0.637795 -0.425197 -0.637795 
vn 0.724409 -0.488189 -0.488189 
vn 0.80315 -0.535433 -0.267717 
vn 0.834646 -0.551181 0 
vn 0.80315 -0.535433 0.267717 
vn 0.724409 -0.488189 0.488189 
vn 0.637795 -0.425197 0.637795 
vn 0.574803 -0.574803 -0.574803 
vn 0.637795 -0.637795 -0.425197 
vn 0.685039 -0.685039 -0.228346 
vn 0.708661 -0.708661 0 
vn 0.685039 -0.685039 0.228346 
vn 0.637795 -0.637795 0.425197 
vn 0.574803 -0.574803 0.574803 
vn -0.574803 0.574803 0.574803 
vn -0.425197 0.637795 0.637795 
vn -0.228346 0.685039 0.685039 
vn 0 0.708661 0.708661 
vn 0.228346 0.685039 0.685039 
vn 0.425197 0.637795 0.637795 
vn 0.574803 0.574803 0.574803 
vn -0.637795 0.637795 0.425197 
vn -0.488189 0.724409 0.488189 
vn -0.267717 0.80315 0.535433 
vn 0 0.834646 0.551181 
vn 0.267717 0.80315 0.535433 
vn 0.488189 0.724409 0.488189 
vn 0.637795 0.637795 0.425197 
vn -0.685039 0.685039 0.228346 
vn -0.535433 0.80315 0.267717 
vn -0.299213 0.905512 0.299213 
vn 0 0.944882 0.314961 
vn 0.299213 0.905512 0.299213 
vn 0.535433 0.80315 0.267717 
vn 0.685039 0.685039 0.228346 
vn -0.708661 0.708661 0 
vn -0.551181 0.834646 0 
vn -0.314961 0.944882 0 
vn 0 1 0 
vn 0.314961 0.944882 0 
vn 0.551181 0.834646 0 
vn 0.708661 0.708661 0 
vn -0.685039 0.685039 -0.228346 
vn -0.535433 0.80315 -0.267717 
vn -0.299213 0.905512 -0.299213 
vn 0 0.944882 -0.314961 
vn 0.299213 0.905512 -0.299213 
vn 0.535433 0.80315 -0.267717 
vn 0.685039 0.685039 -0.228346 
vn -0.637795 0.637795 -0.425197 
vn -0.488189 0.724409 -0.488189 
vn -0.267717 0.80315 -0.535433 
vn 0 0.834646 -0.551181 
vn 0.267717 0.80315 -0.535433 
vn 0.488189 0.724409 -0.488189 
vn 0.637795 0.637795 -0.425197 
vn -0.574803 0.574803 -0.574803 
vn -0.425197 0.637795 -0.637795 
vn -0.228346 0.685039 -0.685039 
vn 0 0.708661 -0.708661 
vn 0.228346 0.685039 -0.685039 
vn 0.425197 0.637795 -0.637795 
vn 0.574803 0.574803 -0.574803 
vn 0.574803 0.574803 0.574803 
vn 0.425197 0.637795 0.637795 
vn 0.228346 0.685039 0.685039 
vn 0 0.708661 0.708661 
vn -0.228346 0.685039 0.685039 
vn -0.425197 0.637795 0.637795 
vn -0.574803 0.574803 0.574803 
vn 0.637795 0.425197 0.637795 
vn 0.488189 0.488189 0.724409 
vn 0.267717 0.535433 0.80315 
vn 0 0.551181 0.834646 
vn -0.267717 0.535433 0.80315 
vn -0.488189 0.488189 0.724409 
vn -0.637795 0.425197 0.637795 
vn 0.685039 0.228346 0.685039 
vn 0.535433 0.267717 0.80315 
vn 0.299213 0.299213 0.905512 
vn 0 0.314961 0.944882 
vn -0.299213 0.299213 0.905512 
vn -0.535433 0.267717 0.80315 
vn -0.685039 0.228346 0.685039 
vn 0.708661 0 0.708661 
vn 0.551181 0 0.834646 
vn 0.314961 0 0.944882 
vn 0 0 1 
vn -0.314961 0 0.944882 
vn -0.551181 0 0.834646 
vn -0.708661 0 0.708661 
vn 0.685039 -0.228346 0.685039 
vn 0.535433 -0.267717 0.80315 
vn 0.299213 -0.299213 0.905512 
vn 0 -0.314961 0.944882 
vn -0.299213 -0.299213 0.905512 
vn -0.535433 -0.267717 0.80315 
vn -0.685039 -0.228346 0.685039 
vn 0.637795 -0.425197 0.637795 
vn 0.488189 -0.488189 0.724409 
vn 0.267717 -0.535433 0.80315 
vn 0 -0.551181 0.834646 
vn -0.267717 -0.535433 0.80315 
vn -0.488189 -0.488189 0.724409 
vn -0.637795 -0.425197 0.637795 
vn 0.574803 -0.574803 0.574803 
vn 0.425197 -0.637795 0.637795 
vn 0.228346 -0.685039 0.685039 
vn 0 -0.708661 0.708661 
vn -0.228346 -0.685039 0.685039 
vn -0.425197 -0.637795 0.637795 
vn -0.574803 -0.574803 0.574803 
vn -0.574803 0.574803 0.574803 
vn -0.637795 0.637795 0.425197 
vn -0.685039 0.685039 0.228346 
vn -0.708661 0.708661 0 
vn -0.685039 0.685039 -0.228346 
vn -0.637795 0.637795 -0.425197 
vn -0.574803 0.574803 -0.574803 
vn -0.637795 0.425197 0.637795 
vn -0.724409 0.488189 0.488189 
vn -0.80315 0.535433 0.267717 
vn -0.834646 0.551181 0 
vn -0.80315 0.535433 -0.267717 
vn -0.724409 0.488189 -0.488189 
vn -0.637795 0.425197 -0.637795 
vn -0.685039 0.228346 0.685039 
vn -0.80315 0.267717 0.535433 
vn -0.905512 0.299213 0.299213 
vn -0.944882 0.314961 0 
vn -0.905512 0.299213 -0.299213 
vn -0.80315 0.267717 -0.535433 
vn -0.685039 0.228346 -0.685039 
vn -0.708661 0 0.708661 
vn -0.834646 0 0.551181 
vn -0.944882 0 0.314961 
vn -1 0 0 
vn -0.944882 0 -0.314961 
vn -0.834646 0 -0.551181 
vn -0.708661 0 -0.708661 
vn -0.685039 -0.228346 0.685039 
vn -0.80315 -0.267717 0.535433 
vn -0.905512 -0.299213 0.299213 
vn -0.944882 -0.314961 0 
vn -0.905512 -0.299213 -0.299213 
vn -0.80315 -0.267717 -0.535433 
vn -0.685039 -0.228346 -0.685039 
vn -0.637795 -0.425197 0.637795 
vn -0.724409 -0.488189 0.488189 
vn -0.80315 -0.535433 0.267717 
vn -0.834646 -0.551181 0 
vn -0.80315 -0.535433 -0.267717 
vn -0.724409 -0.488189 -0.488189 
vn -0.637795 -0.425197 -0.637795 
vn -0.574803 -0.574803 0.574803 
vn -0.637795 -0.637795 0.425197 
vn -0.685039 -0.685039 0.228346 
vn -0.708661 -0.708661 0 
vn -0.685039 -0.685039 -0.228346 
vn -0.637795 -0.637795 -0.425197 
vn -0.574803 -0.574803 -0.574803 
vn -0.574803 -0.574803 -0.574803 
vn -0.425197 -0.637795 -0.637795 
vn -0.228346 -0.685039 -0.685039 
vn 0 -0.708661 -0.708661 
vn 0.228346 -0.685039 -0.685039 
vn 0.425197 -0.637795 -0.637795 
vn 0.574803 -0.574803 -0.574803 
vn -0.637795 -0.637795 -0.425197 
vn -0.488189 -0.724409 -0.488189 
vn -0.267717 -0.80315 -0.535433 
vn 0 -0.834646 -0.551181 
vn 0.267717 -0.80315 -0.535433 
vn 0.488189 -0.724409 -0.488189 
vn 0.637795 -0.637795 -0.425197 
vn -0.685039 -0.685039 -0.228346 
vn -0.535433 -0.80315 -0.267717 
vn -0.299213 -0.905512 -0.299213 
vn 0 -0.944882 -0.314961 
vn 0.299213 -0.905512 -0.299213 
vn 0.535433 -0.80315 -0.267717 
vn 0.685039 -0.685039 -0.228346 
vn -0.708661 -0.708661 0 
vn -0.551181 -0.834646 0 
vn -0.314961 -0.944882 0 
vn 0 -1 0 
vn 0.314961 -0.944882 0 
vn 0.551181 -0.834646 0 
vn 0.708661 -0.708661 0 
vn -0.685039 -0.685039 0.228346 
vn -0.535433 -0.80315 0.267717 
vn -0.299213 -0.905512 0.299213 
vn 0 -0.944882 0.314961 
vn 0.299213 -0.905512 0.299213 
vn 0.535433 -0.80315 0.267717 
vn 0.685039 -0.685039 0.228346 
vn -0.637795 -0.637795 0.425197 
vn -0.488189 -0.724409 0.488189 
vn -0.267717 -0.80315 0.535433 
vn 0 -0.834646 0.551181 
vn 0.267717 -0.80315 0.535433 
vn 0.488189 -0.724409 0.488189 
vn 0.637795 -0.637795 0.425197 
vn -0.574803 -0.574803 0.574803 
vn -0.425197 -0.637795 0.637795 
vn -0.228346 -0.685039 0.685039 
vn 0 -0.708661 0.708661 
vn 0.228346 -0.685039 0.685039 
vn 0.425197 -0.637795 0.637795 
vn 0.574803 -0.574803 0.574803 
vn -0.574803 0.574803 -0.574803 
vn -0.425197 0.637795 -0.637795 
vn -0.228346 0.685039 -0.685039 
vn 0 0.708661 -0.708661 
vn 0.228346 0.685039 -0.685039 
vn 0.425197 0.637795 -0.637795 
vn 0.574803 0.574803 -0.574803 
vn -0.637795 0.425197 -0.637795 
vn -0.488189 0.488189 -0.724409 
vn -0.267717 0.535433 -0.80315 
vn 0 0.551181 -0.834646 
vn 0.267717 0.535433 -0.80315 
vn 0.488189 0.488189 -0.724409 
vn 0.637795 0.425197 -0.637795 
vn -0.685039 0.228346 -0.685039 
vn -0.535433 0.267717 -0.80315 
vn -0.299213 0.299213 -0.905512 
vn 0 0.314961 -0.944882 
vn 0.299213 0.299213 -0.905512 
vn 0.535433 0.267717 -0.80315 
vn 0.685039 0.228346 -0.685039 
vn -0.708661 0 -0.708661 
vn -0.551181 0 -0.834646 
vn -0.314961 0 -0.944882 
vn 0 0 -1 
vn 0.314961 0 -0.944882 
vn 0.551181 0 -0.834646 
vn 0.708661 0 -0.708661 
vn -0.685039 -0.228346 -0.685039 
vn -0.535433 -0.267717 -0.80315 
vn -0.299213 -0.299213 -0.905512 
vn 0 -0.314961 -0.944882 
vn 0.299213 -0.299213 -0.905512 
vn 0.535433 -0.267717 -0.80315 
vn 0.685039 -0.228346 -0.685039 
vn -0.637795 -0.425197 -0.637795 
vn -0.488189 -0.488189 -0.724409 
vn -0.267717 -0.535433 -0.80315 
vn 0 -0.551181 -0.834646 
vn 0.267717 -0.535433 -0.80315 
vn 0.488189 -0.488189 -0.724409 
vn 0.637795 -0.425197 -0.637795 
vn -0.574803 -0.574803 -0.574803 
vn -0.425197 -0.637795 -0.637795 
vn -0.228346 -0.685039 -0.685039 
vn 0 -0.708661 -0.708661 
vn 0.228346 -0.685039 -0.685039 
vn 0.425197 -0.637795 -0.637795 
vn 0.574803 -0.574803 -0.574803 

vt 9.63692 -1.30624 
vt 8.97025 -1.30624 
vt 8.30358 -1.30624 
vt 7.63692 -1.30624 
vt 6.97025 -1.30624 
vt 6.30358 -1.30624 
vt 5.63692 -1.30624 
vt 9.63692 -1.97291 
vt 8.97025 -1.97291 
vt 8.30358 -1.97291 
vt 7.63692 -1.97291 
vt 6.97025 -1.97291 
vt 6.30358 -1.97291 
vt 5.63692 -1.97291 
vt 9.63692 -2.63958 
vt 8.97025 -2.63958 
vt 8.30358 -2.63958 
vt 7.63692 -2.63958 
vt 6.97025 -2.63958 
vt 6.30358 -2.63958 
vt 5.63692 -2.63958 
vt 9.63692 -3.30624 
vt 8.97025 -3.30624 
vt 8.30358 -3.30624 
vt 7.63692 -3.30624 
vt 6.97025 -3.30624 
vt 6.30358 -3.30624 
vt 5.63692 -3.30624 
vt 9.63692 -3.97291 
vt 8.97025 -3.97291 
vt 8.30358 -3.97291 
vt 7.63692 -3.97291 
vt 6.97025 -3.97291 
vt 6.30358 -3.97291 
vt 5.63692 -3.97291 
vt 9.63692 -4.63958 
vt 8.97025 -4.63958 
vt 8.30358 -4.63958 
vt 7.63692 -4.63958 
vt 6.97025 -4.63958 
vt 6.30358 -4.63958 
vt 5.63692 -4.63958 
vt 9.63692 -5.30624 
vt 8.97025 -5.30624 
vt 8.30358 -5.30624 
vt 7.63692 -5.30624 
vt 6.97025 -5.30624 
vt 6.30358 -5.30624 
vt 5.63692 -5.30624 
vt 9.63692 -1.30624 
vt 8.97025 -1.30624 
vt 8.30358 -1.30624 
vt 7.63692 -1.30624 
vt 6.97025 -1.30624 
vt 6.30358 -1.30624 
vt 5.63692 -1.30624 
vt 9.63692 -1.97291 
vt 8.97025 -1.97291 
vt 8.30358 -1.97291 
vt 7.63692 -1.97291 
vt 6.97025 -1.97291 
vt 6.30358 -1.97291 
vt 5.63692 -1.97291 
vt 9.63692 -2.63958 
vt 8.97025 -2.63958 
vt 8.30358 -2.63958 
vt 7.63692 -2.63958 
vt 6.97025 -2.63958 
vt 6.30358 -2.63958 
vt 5.63692 -2.63958 
vt 9.63692 -3.30624 
vt 8.97025 -3.30624 
vt 8.30358 -3.30624 
vt 7.63692 -3.30624 
vt 6.97025 -3.30624 
vt 6.30358 -3.30624 
vt 5.63692 -3.30624 
vt 9.63692 -3.97291 
vt 8.97025 -3.97291 
vt 8.30358 -3.97291 
vt 7.63692 -3.97291 
vt 6.97025 -3.97291 
vt 6.30358 -3.97291 
vt 5.63692 -3.97291 
vt 9.63692 -4.63958 
vt 8.97025 -4.63958 
vt 8.30358 -4.63958 
vt 7.63692 -4.63958 
vt 6.97025 -4.63958 
vt 6.30358 -4.63958 
vt 5.63692 -4.63958 
vt 9.63692 -5.30624 
vt 8.97025 -5.30624 
vt 8.30358 -5.30624 
vt 7.63692 -5.30624 
vt 6.97025 -5.30624 
vt 6.30358 -5.30624 
vt 5.63692 -5.30624 
vt 9.63692 -1.30624 
vt 8.97025 -1.30624 
vt 8.30358 -1.30624 
vt 7.63692 -1.30624 
vt 6.97025 -1.30624 
vt 6.30358 -1.30624 
vt 5.63692 -1.30624 
vt 9.63692 -1.97291 
vt 8.97025 -1.97291 
vt 8.30358 -1.97291 
vt 7.63692 -1.97291 
vt 6.97025 -1.97291 
vt 6.30358 -1.97291 
vt 5.63692 -1.97291 
vt 9.63692 -2.63958 
vt 8.97025 -2.63958 
vt 8.30358 -2.63958 
vt 7.63692 -2.63958 
vt 6.97025 -2.63958 
vt 6.30358 -2.63958 
vt 5.63692 -2.63958 
vt 9.63692 -3.30624 
vt 8.97025 -3.30624 
vt 8.30358 -3.30624 
vt 7.63692 -3.30624 
vt 6.97025 -3.30624 
vt 6.30358 -3.30624 
vt 5.63692 -3.30624 
vt 9.63692 -3.97291 
vt 8.97025 -3.97291 
vt 8.30358 -3.97291 
vt 7.63692 -3.97291 
vt 6.97025 -3.97291 
vt 6.30358 -3.97291 
vt 5.63692 -3.97291 
vt 9.63692 -4.63958 
vt 8.97025 -4.63958 
vt 8.30358 -4.63958 
vt 7.63692 -4.63958 
vt 6.97025 -4.63958 
vt 6.30358 -4.63958 
vt 5.63692 -4.63958 
vt 9.63692 -5.30624 
vt 8.97025 -5.30624 
vt 8.30358 -5.30624 
vt 7.63692 -5.30624 
vt 6.97025 -5.30624 
vt 6.30358 -5.30624 
vt 5.63692 -5.30624 
vt 9.63692 -1.30624 
vt 8.97025 -1.30624 
vt 8.30358 -1.30624 
vt 7.63692 -1.30624 
vt 6.97025 -1.30624 
vt 6.30358 -1.30624 
vt 5.63692 -1.30624 
vt 9.63692 -1.97291 
vt 8.97025 -1.97291 
vt 8.30358 -1.97291 
vt 7.63692 -1.97291 
vt 6.97025 -1.97291 
vt 6.30358 -1.97291 
vt 5.63692 -1.97291 
vt 9.63692 -2.63958 
vt 8.97025 -2.63958 
vt 8.30358 -2.63958 
vt 7.63692 -2.63958 
vt 6.97025 -2.63958 
vt 6.30358 -2.63958 
vt 5.63692 -2.63958 
vt 9.63692 -3.30624 
vt 8.97025 -3.30624 
vt 8.30358 -3.30624 
vt 7.63692 -3.30624 
vt 6.97025 -3.30624 
vt 6.30358 -3.30624 
vt 5.63692 -3.30624 
vt 9.63692 -3.97291 
vt 8.97025 -3.97291 
vt 8.30358 -3.97291 
vt 7.63692 -3.97291 
vt 6.97025 -3.97291 
vt 6.30358 -3.97291 
vt 5.63692 -3.97291 
vt 9.63692 -4.63958 
vt 8.97025 -4.63958 
vt 8.30358 -4.63958 
vt 7.63692 -4.63958 
vt 6.97025 -4.63958 
vt 6.30358 -4.63958 
vt 5.63692 -4.63958 
vt 9.63692 -5.30624 
vt 8.97025 -5.30624 
vt 8.30358 -5.30624 
vt 7.63692 -5.30624 
vt 6.97025 -5.30624 
vt 6.30358 -5.30624 
vt 5.63692 -5.30624 
vt 9.63692 -1.30624 
vt 8.97025 -1.30624 
vt 8.30358 -1.30624 
vt 7.63692 -1.30624 
vt 6.97025 -1.30624 
vt 6.30358 -1.30624 
vt 5.63692 -1.30624 
vt 9.63692 -1.97291 
vt 8.97025 -1.97291 
vt 8.30358 -1.97291 
vt 7.63692 -1.97291 
vt 6.97025 -1.97291 
vt 6.30358 -1.97291 
vt 5.63692 -1.97291 
vt 9.63692 -2.63958 
vt 8.97025 -2.63958 
vt 8.30358 -2.63958 
vt 7.63692 -2.63958 
vt 6.97025 -2.63958 
vt 6.30358 -2.63958 
vt 5.63692 -2.63958 
vt 9.63692 -3.30624 
vt 8.97025 -3.30624 
vt 8.30358 -3.30624 
vt 7.63692 -3.30624 
vt 6.97025 -3.30624 
vt 6.30358 -3.30624 
vt 5.63692 -3.30624 
vt 9.63692 -3.97291 
vt 8.97025 -3.97291 
vt 8.30358 -3.97291 
vt 7.63692 -3.97291 
vt 6.97025 -3.97291 
vt 6.30358 -3.97291 
vt 5.63692 -3.97291 
vt 9.63692 -4.63958 
vt 8.97025 -4.63958 
vt 8.30358 -4.63958 
vt 7.63692 -4.63958 
vt 6.97025 -4.63958 
vt 6.30358 -4.63958 
vt 5.63692 -4.63958 
vt 9.63692 -5.30624 
vt 8.97025 -5.30624 
vt 8.30358 -5.30624 
vt 7.63692 -5.30624 
vt 6.97025 -5.30624 
vt 6.30358 -5.30624 
vt 5.63692 -5.30624 
vt 9.63692 -1.30624 
vt 8.97025 -1.30624 
vt 8.30358 -1.30624 
vt 7.63692 -1.30624 
vt 6.97025 -1.30624 
vt 6.30358 -1.30624 
vt 5.63692 -1.30624 
vt 9.63692 -1.97291 
vt 8.97025 -1.97291 
vt 8.30358 -1.97291 
vt 7.63692 -1.97291 
vt 6.97025 -1.97291 
vt 6.30358 -1.97291 
vt 5.63692 -1.97291 
vt 9.63692 -2.63958 
vt 8.97025 -2.63958 
vt 8.30358 -2.63958 
vt 7.63692 -2.63958 
vt 6.97025 -2.63958 
vt 6.30358 -2.63958 
vt 5.63692 -2.63958 
vt 9.63692 -3.30624 
vt 8.97025 -3.30624 
vt 8.30358 -3.30624 
vt 7.63692 -3.30624 
vt 6.97025 -3.30624 
vt 6.30358 -3.30624 
vt 5.63692 -3.30624 
vt 9.63692 -3.97291 
vt 8.97025 -3.97291 
vt 8.30358 -3.97291 
vt 7.63692 -3.97291 
vt 6.97025 -3.97291 
vt 6.30358 -3.97291 
vt 5.63692 -3.97291 
vt 9.63692 -4.63958 
vt 8.97025 -4.63958 
vt 8.30358 -4.63958 
vt 7.63692 -4.63958 
vt 6.97025 -4.63958 
vt 6.30358 -4.63958 
vt 5.63692 -4.63958 
vt 9.63692 -5.30624 
vt 8.97025 -5.30624 
vt 8.30358 -5.30624 
vt 7.63692 -5.30624 
vt 6.97025 -5.30624 
vt 6.30358 -5.30624 
vt 5.63692 -5.30624 

usemtl 12Mtl

f 931/931/931 932/932/932 938/938/938 
f 938/938/938 932/932/932 939/939/939 
f 932/932/932 933/933/933 939/939/939 
f 939/939/939 933/933/933 940/940/940 
f 933/933/933 934/934/934 940/940/940 
f 940/940/940 934/934/934 941/941/941 
f 934/934/934 935/935/935 941/941/941 
f 941/941/941 935/935/935 942/942/942 
f 935/935/935 936/936/936 942/942/942 
f 942/942/942 936/936/936 943/943/943 
f 936/936/936 937/937/937 943/943/943 
f 943/943/943 937/937/937 944/944/944 
f 938/938/938 939/939/939 945/945/945 
f 945/945/945 939/939/939 946/946/946 
f 939/939/939 940/940/940 946/946/946 
f 946/946/946 940/940/940 947/947/947 
f 940/940/940 941/941/941 947/947/947 
f 947/947/947 941/941/941 948/948/948 
f 941/941/941 942/942/942 948/948/948 
f 948/948/948 942/942/942 949/949/949 
f 942/942/942 943/943/943 949/949/949 
f 949/949/949 943/943/943 950/950/950 
f 943/943/943 944/944/944 950/950/950 
f 950/950/950 944/944/944 951/951/951 
f 945/945/945 946/946/946 952/952/952 
f 952/952/952 946/946/946 953/953/953 
f 946/946/946 947/947/947 953/953/953 
f 953/953/953 947/947/947 954/954/954 
f 947/947/947 948/948/948 954/954/954 
f 954/954/954 948/948/948 955/955/955 
f 948/948/948 949/949/949 955/955/955 
f 955/955/955 949/949/949 956/956/956 
f 949/949/949 950/950/950 956/956/956 
f 956/956/956 950/950/950 957/957/957 
f 950/950/950 951/951/951 957/957/957 
f 957/957/957 951/951/951 958/958/958 
f 952/952/952 953/953/953 959/959/959 
f 959/959/959 953/953/953 960/960/960 
f 953/953/953 954/954/954 960/960/960 
f 960/960/960 954/954/954 961/961/961 
f 954/954/954 955/955/955 961/961/961 
f 961/961/961 955/955/955 962/962/962 
f 955/955/955 956/956/956 962/962/962 
f 962/962/962 956/956/956 963/963/963 
f 956/956/956 957/957/957 963/963/963 
f 963/963/963 957/957/957 964/964/964 
f 957/957/957 958/958/958 964/964/964 
f 964/964/964 958/958/958 965/965/965 
f 959/959/959 960/960/960 966/966/966 
f 966/966/966 960/960/960 967/967/967 
f 960/960/960 961/961/961 967/967/967 
f 967/967/967 961/961/961 968/968/968 
f 961/961/961 962/962/962 968/968/968 
f 968/968/968 962/962/962 969/969/969 
f 962/962/962 963/963/963 969/969/969 
f 969/969/969 963/963/963 970/970/970 
f 963/963/963 964/964/964 970/970/970 
f 970/970/970 964/964/964 971/971/971 
f 964/964/964 965/965/965 971/971/971 
f 971/971/971 965/965/965 972/972/972 
f 966/966/966 967/967/967 973/973/973 
f 973/973/973 967/967/967 974/974/974 
f 967/967/967 968/968/968 974/974/974 
f 974/974/974 968/968/968 975/975/975 
f 968/968/968 969/969/969 975/975/975 
f 975/975/975 969/969/969 976/976/976 
f 969/969/969 970/970/970 976/976/976 
f 976/976/976 970/970/970 977/977/977 
f 970/970/970 971/971/971 977/977/977 
f 977/977/977 971/971/971 978/978/978 
f 971/971/971 972/972/972 978/978/978 
f 978/978/978 972/972/972 979/979/979 
f 980/980/980 981/981/981 987/987/987 
f 987/987/987 981/981/981 988/988/988 
f 981/981/981 982/982/982 988/988/988 
f 988/988/988 982/982/982 989/989/989 
f 982/982/982 983/983/983 989/989/989 
f 989/989/989 983/983/983 990/990/990 
f 983/983/983 984/984/984 990/990/990 
f 990/990/990 984/984/984 991/991/991 
f 984/984/984 985/985/985 991/991/991 
f 991/991/991 985/985/985 992/992/992 
f 985/985/985 986/986/986 992/992/992 
f 992/992/992 986/986/986 993/993/993 
f 987/987/987 988/988/988 994/994/994 
f 994/994/994 988/988/988 995/995/995 
f 988/988/988 989/989/989 995/995/995 
f 995/995/995 989/989/989 996/996/996 
f 989/989/989 990/990/990 996/996/996 
f 996/996/996 990/990/990 997/997/997 
f 990/990/990 991/991/991 997/997/997 
f 997/997/997 991/991/991 998/998/998 
f 991/991/991 992/992/992 998/998/998 
f 998/998/998 992/992/992 999/999/999 
f 992/992/992 993/993/993 999/999/999 
f 999/999/999 993/993/993 1000/1000/1000 
f 994/994/994 995/995/995 1001/1001/1001 
f 1001/1001/1001 995/995/995 1002/1002/1002 
f 995/995/995 996/996/996 1002/1002/1002 
f 1002/1002/1002 996/996/996 1003/1003/1003 
f 996/996/996 997/997/997 1003/1003/1003 
f 1003/1003/1003 997/997/997 1004/1004/1004 
f 997/997/997 998/998/998 1004/1004/1004 
f 1004/1004/1004 998/998/998 1005/1005/1005 
f 998/998/998 999/999/999 1005/1005/1005 
f 1005/1005/1005 999/999/999 1006/1006/1006 
f 999/999/999 1000/1000/1000 1006/1006/1006 
f 1006/1006/1006 1000/1000/1000 1007/1007/1007 
f 1001/1001/1001 1002/1002/1002 1008/1008/1008 
f 1008/1008/1008 1002/1002/1002 1009/1009/1009 
f 1002/1002/1002 1003/1003/1003 1009/1009/1009 
f 1009/1009/1009 1003/1003/1003 1010/1010/1010 
f 1003/1003/1003 1004/1004/1004 1010/1010/1010 
f 1010/1010/1010 1004/1004/1004 1011/1011/1011 
f 1004/1004/1004 1005/1005/1005 1011/1011/1011 
f 1011/1011/1011 1005/1005/1005 1012/1012/1012 
f 1005/1005/1005 1006/1006/1006 1012/1012/1012 
f 1012/1012/1012 1006/1006/1006 1013/1013/1013 
f 1006/1006/1006 1007/1007/1007 1013/1013/1013 
f 1013/1013/1013 1007/1007/1007 1014/1014/1014 
f 1008/1008/1008 1009/1009/1009 1015/1015/1015 
f 1015/1015/1015 1009/1009/1009 1016/1016/1016 
f 1009/1009/1009 1010/1010/1010 1016/1016/1016 
f 1016/1016/1016 1010/1010/1010 1017/1017/1017 
f 1010/1010/1010 1011/1011/1011 1017/1017/1017 
f 1017/1017/1017 1011/1011/1011 1018/1018/1018 
f 1011/1011/1011 1012/1012/1012 1018/1018/1018 
f 1018/1018/1018 1012/1012/1012 1019/1019/1019 
f 1012/1012/1012 1013/1013/1013 1019/1019/1019 
f 1019/1019/1019 1013/1013/1013 1020/1020/1020 
f 1013/1013/1013 1014/1014/1014 1020/1020/1020 
f 1020/1020/1020 1014/1014/1014 1021/1021/1021 
f 1015/1015/1015 1016/1016/1016 1022/1022/1022 
f 1022/1022/1022 1016/1016/1016 1023/1023/1023 
f 1016/1016/1016 1017/1017/1017 1023/1023/1023 
f 1023/1023/1023 1017/1017/1017 1024/1024/1024 
f 1017/1017/1017 1018/1018/1018 1024/1024/1024 
f 1024/1024/1024 1018/1018/1018 1025/1025/1025 
f 1018/1018/1018 1019/1019/1019 1025/1025/1025 
f 1025/1025/1025 1019/1019/1019 1026/1026/1026 
f 1019/1019/1019 1020/1020/1020 1026/1026/1026 
f 1026/1026/1026 1020/1020/1020 1027/1027/1027 
f 1020/1020/1020 1021/1021/1021 1027/1027/1027 
f 1027/1027/1027 1021/1021/1021 1028/1028/1028 
f 1029/1029/1029 1030/1030/1030 1036/1036/1036 
f 1036/1036/1036 1030/1030/1030 1037/1037/1037 
f 1030/1030/1030 1031/1031/1031 1037/1037/1037 
f 1037/1037/1037 1031/1031/1031 1038/1038/1038 
f 1031/1031/1031 1032/1032/1032 1038/1038/1038 
f 1038/1038/1038 1032/1032/1032 1039/1039/1039 
f 1032/1032/1032 1033/1033/1033 1039/1039/1039 
f 1039/1039/1039 1033/1033/1033 1040/1040/1040 
f 1033/1033/1033 1034/1034/1034 1040/1040/1040 
f 1040/1040/1040 1034/1034/1034 1041/1041/1041 
f 1034/1034/1034 1035/1035/1035 1041/1041/1041 
f 1041/1041/1041 1035/1035/1035 1042/1042/1042 
f 1036/1036/1036 1037/1037/1037 1043/1043/1043 
f 1043/1043/1043 1037/1037/1037 1044/1044/1044 
f 1037/1037/1037 1038/1038/1038 1044/1044/1044 
f 1044/1044/1044 1038/1038/1038 1045/1045/1045 
f 1038/1038/1038 1039/1039/1039 1045/1045/1045 
f 1045/1045/1045 1039/1039/1039 1046/1046/1046 
f 1039/1039/1039 1040/1040/1040 1046/1046/1046 
f 1046/1046/1046 1040/1040/1040 1047/1047/1047 
f 1040/1040/1040 1041/1041/1041 1047/1047/1047 
f 1047/1047/1047 1041/1041/1041 1048/1048/1048 
f 1041/1041/1041 1042/1042/1042 1048/1048/1048 
f 1048/1048/1048 1042/1042/1042 1049/1049/1049 
f 1043/1043/1043 1044/1044/1044 1050/1050/1050 
f 1050/1050/1050 1044/1044/1044 1051/1051/1051 
f 1044/1044/1044 1045/1045/1045 1051/1051/1051 
f 1051/1051/1051 1045/1045/1045 1052/1052/1052 
f 1045/1045/1045 1046/1046/1046 1052/1052/1052 
f 1052/1052/1052 1046/1046/1046 1053/1053/1053 
f 1046/1046/1046 1047/1047/1047 1053/1053/1053 
f 1053/1053/1053 1047/1047/1047 1054/1054/1054 
f 1047/1047/1047 1048/1048/1048 1054/1054/1054 
f 1054/1054/1054 1048/1048/1048 1055/1055/1055 
f 1048/1048/1048 1049/1049/1049 1055/1055/1055 
f 1055/1055/1055 1049/1049/1049 1056/1056/1056 
f 1050/1050/1050 1051/1051/1051 1057/1057/1057 
f 1057/1057/1057 1051/1051/1051 1058/1058/1058 
f 1051/1051/1051 1052/1052/1052 1058/1058/1058 
f 1058/1058/1058 1052/1052/1052 1059/1059/1059 
f 1052/1052/1052 1053/1053/1053 1059/1059/1059 
f 1059/1059/1059 1053/1053/1053 1060/1060/1060 
f 1053/1053/1053 1054/1054/1054 1060/1060/1060 
f 1060/1060/1060 1054/1054/1054 1061/1061/1061 
f 1054/1054/1054 1055/1055/1055 1061/1061/1061 
f 1061/1061/1061 1055/1055/1055 1062/1062/1062 
f 1055/1055/1055 1056/1056/1056 1062/1062/1062 
f 1062/1062/1062 1056/1056/1056 1063/1063/1063 
f 1057/1057/1057 1058/1058/1058 1064/1064/1064 
f 1064/1064/1064 1058/1058/1058 1065/1065/1065 
f 1058/1058/1058 1059/1059/1059 1065/1065/1065 
f 1065/1065/1065 1059/1059/1059 1066/1066/1066 
f 1059/1059/1059 1060/1060/1060 1066/1066/1066 
f 1066/1066/1066 1060/1060/1060 1067/1067/1067 
f 1060/1060/1060 1061/1061/1061 1067/1067/1067 
f 1067/1067/1067 1061/1061/1061 1068/1068/1068 
f 1061/1061/1061 1062/1062/1062 1068/1068/1068 
f 1068/1068/1068 1062/1062/1062 1069/1069/1069 
f 1062/1062/1062 1063/1063/1063 1069/1069/1069 
f 1069/1069/1069 1063/1063/1063 1070/1070/1070 
f 1064/1064/1064 1065/1065/1065 1071/1071/1071 
f 1071/1071/1071 1065/1065/1065 1072/1072/1072 
f 1065/1065/1065 1066/1066/1066 1072/1072/1072 
f 1072/1072/1072 1066/1066/1066 1073/1073/1073 
f 1066/1066/1066 1067/1067/1067 1073/1073/1073 
f 1073/1073/1073 1067/1067/1067 1074/1074/1074 
f 1067/1067/1067 1068/1068/1068 1074/1074/1074 
f 1074/1074/1074 1068/1068/1068 1075/1075/1075 
f 1068/1068/1068 1069/1069/1069 1075/1075/1075 
f 1075/1075/1075 1069/1069/1069 1076/1076/1076 
f 1069/1069/1069 1070/1070/1070 1076/1076/1076 
f 1076/1076/1076 1070/1070/1070 1077/1077/1077 
f 1078/1078/1078 1079/1079/1079 1085/1085/1085 
f 1085/1085/1085 1079/1079/1079 1086/1086/1086 
f 1079/1079/1079 1080/1080/1080 1086/1086/1086 
f 1086/1086/1086 1080/1080/1080 1087/1087/1087 
f 1080/1080/1080 1081/1081/1081 1087/1087/1087 
f 1087/1087/1087 1081/1081/1081 1088/1088/1088 
f 1081/1081/1081 1082/1082/1082 1088/1088/1088 
f 1088/1088/1088 1082/1082/1082 1089/1089/1089 
f 1082/1082/1082 1083/1083/1083 1089/1089/1089 
f 1089/1089/1089 1083/1083/1083 1090/1090/1090 
f 1083/1083/1083 1084/1084/1084 1090/1090/1090 
f 1090/1090/1090 1084/1084/1084 1091/1091/1091 
f 1085/1085/1085 1086/1086/1086 1092/1092/1092 
f 1092/1092/1092 1086/1086/1086 1093/1093/1093 
f 1086/1086/1086 1087/1087/1087 1093/1093/1093 
f 1093/1093/1093 1087/1087/1087 1094/1094/1094 
f 1087/1087/1087 1088/1088/1088 1094/1094/1094 
f 1094/1094/1094 1088/1088/1088 1095/1095/1095 
f 1088/1088/1088 1089/1089/1089 1095/1095/1095 
f 1095/1095/1095 1089/1089/1089 1096/1096/1096 
f 1089/1089/1089 1090/1090/1090 1096/1096/1096 
f 1096/1096/1096 1090/1090/1090 1097/1097/1097 
f 1090/1090/1090 1091/1091/1091 1097/1097/1097 
f 1097/1097/1097 1091/1091/1091 1098/1098/1098 
f 1092/1092/1092 1093/1093/1093 1099/1099/1099 
f 1099/1099/1099 1093/1093/1093 1100/1100/1100 
f 1093/1093/1093 1094/1094/1094 1100/1100/1100 
f 1100/1100/1100 1094/1094/1094 1101/1101/1101 
f 1094/1094/1094 1095/1095/1095 1101/1101/1101 
f 1101/1101/1101 1095/1095/1095 1102/1102/1102 
f 1095/1095/1095 1096/1096/1096 1102/1102/1102 
f 1102/1102/1102 1096/1096/1096 1103/1103/1103 
f 1096/1096/1096 1097/1097/1097 1103/1103/1103 
f 1103/1103/1103 1097/1097/1097 1104/1104/1104 
f 1097/1097/1097 1098/1098/1098 1104/1104/1104 
f 1104/1104/1104 1098/1098/1098 1105/1105/1105 
f 1099/1099/1099 1100/1100/1100 1106/1106/1106 
f 1106/1106/1106 1100/1100/1100 1107/1107/1107 
f 1100/1100/1100 1101/1101/1101 1107/1107/1107 
f 1107/1107/1107 1101/1101/1101 1108/1108/1108 
f 1101/1101/1101 1102/1102/1102 1108/1108/1108 
f 1108/1108/1108 1102/1102/1102 1109/1109/1109 
f 1102/1102/1102 1103/1103/1103 1109/1109/1109 
f 1109/1109/1109 1103/1103/1103 1110/1110/1110 
f 1103/1103/1103 1104/1104/1104 1110/1110/1110 
f 1110/1110/1110 1104/1104/1104 1111/1111/1111 
f 1104/1104/1104 1105/1105/1105 1111/1111/1111 
f 1111/1111/1111 1105/1105/1105 1112/1112/1112 
f 1106/1106/1106 1107/1107/1107 1113/1113/1113 
f 1113/1113/1113 1107/1107/1107 1114/1114/1114 
f 1107/1107/1107 1108/1108/1108 1114/1114/1114 
f 1114/1114/1114 1108/1108/1108 1115/1115/1115 
f 1108/1108/1108 1109/1109/1109 1115/1115/1115 
f 1115/1115/1115 1109/1109/1109 1116/1116/1116 
f 1109/1109/1109 1110/1110/1110 1116/1116/1116 
f 1116/1116/1116 1110/1110/1110 1117/1117/1117 
f 1110/1110/1110 1111/1111/1111 1117/1117/1117 
f 1117/1117/1117 1111/1111/1111 1118/1118/1118 
f 1111/1111/1111 1112/1112/1112 1118/1118/1118 
f 1118/1118/1118 1112/1112/1112 1119/1119/1119 
f 1113/1113/1113 1114/1114/1114 1120/1120/1120 
f 1120/1120/1120 1114/1114/1114 1121/1121/1121 
f 1114/1114/1114 1115/1115/1115 1121/1121/1121 
f 1121/1121/1121 1115/1115/1115 1122/1122/1122 
f 1115/1115/1115 1116/1116/1116 1122/1122/1122 
f 1122/1122/1122 1116/1116/1116 1123/1123/1123 
f 1116/1116/1116 1117/1117/1117 1123/1123/1123 
f 1123/1123/1123 1117/1117/1117 1124/1124/1124 
f 1117/1117/1117 1118/1118/1118 1124/1124/1124 
f 1124/1124/1124 1118/1118/1118 1125/1125/1125 
f 1118/1118/1118 1119/1119/1119 1125/1125/1125 
f 1125/1125/1125 1119/1119/1119 1126/1126/1126 
f 1127/1127/1127 1128/1128/1128 1134/1134/1134 
f 1134/1134/1134 1128/1128/1128 1135/1135/1135 
f 1128/1128/1128 1129/1129/1129 1135/1135/1135 
f 1135/1135/1135 1129/1129/1129 1136/1136/1136 
f 1129/1129/1129 1130/1130/1130 1136/1136/1136 
f 1136/1136/1136 1130/1130/1130 1137/1137/1137 
f 1130/1130/1130 1131/1131/1131 1137/1137/1137 
f 1137/1137/1137 1131/1131/1131 1138/1138/1138 
f 1131/1131/1131 1132/1132/1132 1138/1138/1138 
f 1138/1138/1138 1132/1132/1132 1139/1139/1139 
f 1132/1132/1132 1133/1133/1133 1139/1139/1139 
f 1139/1139/1139 1133/1133/1133 1140/1140/1140 
f 1134/1134/1134 1135/1135/1135 1141/1141/1141 
f 1141/1141/1141 1135/1135/1135 1142/1142/1142 
f 1135/1135/1135 1136/1136/1136 1142/1142/1142 
f 1142/1142/1142 1136/1136/1136 1143/1143/1143 
f 1136/1136/1136 1137/1137/1137 1143/1143/1143 
f 1143/1143/1143 1137/1137/1137 1144/1144/1144 
f 1137/1137/1137 1138/1138/1138 1144/1144/1144 
f 1144/1144/1144 1138/1138/1138 1145/1145/1145 
f 1138/1138/1138 1139/1139/1139 1145/1145/1145 
f 1145/1145/1145 1139/1139/1139 1146/1146/1146 
f 1139/1139/1139 1140/1140/1140 1146/1146/1146 
f 1146/1146/1146 1140/1140/1140 1147/1147/1147 
f 1141/1141/1141 1142/1142/1142 1148/1148/1148 
f 1148/1148/1148 1142/1142/1142 1149/1149/1149 
f 1142/1142/1142 1143/1143/1143 1149/1149/1149 
f 1149/1149/1149 1143/1143/1143 1150/1150/1150 
f 1143/1143/1143 1144/1144/1144 1150/1150/1150 
f 1150/1150/1150 1144/1144/1144 1151/1151/1151 
f 1144/1144/1144 1145/1145/1145 1151/1151/1151 
f 1151/1151/1151 1145/1145/1145 1152/1152/1152 
f 1145/1145/1145 1146/1146/1146 1152/1152/1152 
f 1152/1152/1152 1146/1146/1146 1153/1153/1153 
f 1146/1146/1146 1147/1147/1147 1153/1153/1153 
f 1153/1153/1153 1147/1147/1147 1154/1154/1154 
f 1148/1148/1148 1149/1149/1149 1155/1155/1155 
f 1155/1155/1155 1149/1149/1149 1156/1156/1156 
f 1149/1149/1149 1150/1150/1150 1156/1156/1156 
f 1156/1156/1156 1150/1150/1150 1157/1157/1157 
f 1150/1150/1150 1151/1151/1151 1157/1157/1157 
f 1157/1157/1157 1151/1151/1151 1158/1158/1158 
f 1151/1151/1151 1152/1152/1152 1158/1158/1158 
f 1158/1158/1158 1152/1152/1152 1159/1159/1159 
f 1152/1152/1152 1153/1153/1153 1159/1159/1159 
f 1159/1159/1159 1153/1153/1153 1160/1160/1160 
f 1153/1153/1153 1154/1154/1154 1160/1160/1160 
f 1160/1160/1160 1154/1154/1154 1161/1161/1161 
f 1155/1155/1155 1156/1156/1156 1162/1162/1162 
f 1162/1162/1162 1156/1156/1156 1163/1163/1163 
f 1156/1156/1156 1157/1157/1157 1163/1163/1163 
f 1163/1163/1163 1157/1157/1157 1164/1164/1164 
f 1157/1157/1157 1158/1158/1158 1164/1164/1164 
f 1164/1164/1164 1158/1158/1158 1165/1165/1165 
f 1158/1158/1158 1159/1159/1159 1165/1165/1165 
f 1165/1165/1165 1159/1159/1159 1166/1166/1166 
f 1159/1159/1159 1160/1160/1160 1166/1166/1166 
f 1166/1166/1166 1160/1160/1160 1167/1167/1167 
f 1160/1160/1160 1161/1161/1161 1167/1167/1167 
f 1167/1167/1167 1161/1161/1161 1168/1168/1168 
f 1162/1162/1162 1163/1163/1163 1169/1169/1169 
f 1169/1169/1169 1163/1163/1163 1170/1170/1170 
f 1163/1163/1163 1164/1164/1164 1170/1170/1170 
f 1170/1170/1170 1164/1164/1164 1171/1171/1171 
f 1164/1164/1164 1165/1165/1165 1171/1171/1171 
f 1171/1171/1171 1165/1165/1165 1172/1172/1172 
f 1165/1165/1165 1166/1166/1166 1172/1172/1172 
f 1172/1172/1172 1166/1166/1166 1173/1173/1173 
f 1166/1166/1166 1167/1167/1167 1173/1173/1173 
f 1173/1173/1173 1167/1167/1167 1174/1174/1174 
f 1167/1167/1167 1168/1168/1168 1174/1174/1174 
f 1174/1174/1174 1168/1168/1168 1175/1175/1175 
f 1176/1176/1176 1177/1177/1177 1183/1183/1183 
f 1183/1183/1183 1177/1177/1177 1184/1184/1184 
f 1177/1177/1177 1178/1178/1178 1184/1184/1184 
f 1184/1184/1184 1178/1178/1178 1185/1185/1185 
f 1178/1178/1178 1179/1179/1179 1185/1185/1185 
f 1185/1185/1185 1179/1179/1179 1186/1186/1186 
f 1179/1179/1179 1180/1180/1180 1186/1186/1186 
f 1186/1186/1186 1180/1180/1180 1187/1187/1187 
f 1180/1180/1180 1181/1181/1181 1187/1187/1187 
f 1187/1187/1187 1181/1181/1181 1188/1188/1188 
f 1181/1181/1181 1182/1182/1182 1188/1188/1188 
f 1188/1188/1188 1182/1182/1182 1189/1189/1189 
f 1183/1183/1183 1184/1184/1184 1190/1190/1190 
f 1190/1190/1190 1184/1184/1184 1191/1191/1191 
f 1184/1184/1184 1185/1185/1185 1191/1191/1191 
f 1191/1191/1191 1185/1185/1185 1192/1192/1192 
f 1185/1185/1185 1186/1186/1186 1192/1192/1192 
f 1192/1192/1192 1186/1186/1186 1193/1193/1193 
f 1186/1186/1186 1187/1187/1187 1193/1193/1193 
f 1193/1193/1193 1187/1187/1187 1194/1194/1194 
f 1187/1187/1187 1188/1188/1188 1194/1194/1194 
f 1194/1194/1194 1188/1188/1188 1195/1195/1195 
f 1188/1188/1188 1189/1189/1189 1195/1195/1195 
f 1195/1195/1195 1189/1189/1189 1196/1196/1196 
f 1190/1190/1190 1191/1191/1191 1197/1197/1197 
f 1197/1197/1197 1191/1191/1191 1198/1198/1198 
f 1191/1191/1191 1192/1192/1192 1198/1198/1198 
f 1198/1198/1198 1192/1192/1192 1199/1199/1199 
f 1192/1192/1192 1193/1193/1193 1199/1199/1199 
f 1199/1199/1199 1193/1193/1193 1200/1200/1200 
f 1193/1193/1193 1194/1194/1194 1200/1200/1200 
f 1200/1200/1200 1194/1194/1194 1201/1201/1201 
f 1194/1194/1194 1195/1195/1195 1201/1201/1201 
f 1201/1201/1201 1195/1195/1195 1202/1202/1202 
f 1195/1195/1195 1196/1196/1196 1202/1202/1202 
f 1202/1202/1202 1196/1196/1196 1203/1203/1203 
f 1197/1197/1197 1198/1198/1198 1204/1204/1204 
f 1204/1204/1204 1198/1198/1198 1205/1205/1205 
f 1198/1198/1198 1199/1199/1199 1205/1205/1205 
f 1205/1205/1205 1199/1199/1199 1206/1206/1206 
f 1199/1199/1199 1200/1200/1200 1206/1206/1206 
f 1206/1206/1206 1200/1200/1200 1207/1207/1207 
f 1200/1200/1200 1201/1201/1201 1207/1207/1207 
f 1207/1207/1207 1201/1201/1201 1208/1208/1208 
f 1201/1201/1201 1202/1202/1202 1208/1208/1208 
f 1208/1208/1208 1202/1202/1202 1209/1209/1209 
f 1202/1202/1202 1203/1203/1203 1209/1209/1209 
f 1209/1209/1209 1203/1203/1203 1210/1210/1210 
f 1204/1204/1204 1205/1205/1205 1211/1211/1211 
f 1211/1211/1211 1205/1205/1205 1212/1212/1212 
f 1205/1205/1205 1206/1206/1206 1212/1212/1212 
f 1212/1212/1212 1206/1206/1206 1213/1213/1213 
f 1206/1206/1206 1207/1207/1207 1213/1213/1213 
f 1213/1213/1213 1207/1207/1207 1214/1214/1214 
f 1207/1207/1207 1208/1208/1208 1214/1214/1214 
f 1214/1214/1214 1208/1208/1208 1215/1215/1215 
f 1208/1208/1208 1209/1209/1209 1215/1215/1215 
f 1215/1215/1215 1209/1209/1209 1216/1216/1216 
f 1209/1209/1209 1210/1210/1210 1216/1216/1216 
f 1216/1216/1216 1210/1210/1210 1217/1217/1217 
f 1211/1211/1211 1212/1212/1212 1218/1218/1218 
f 1218/1218/1218 1212/1212/1212 1219/1219/1219 
f 1212/1212/1212 1213/1213/1213 1219/1219/1219 
f 1219/1219/1219 1213/1213/1213 1220/1220/1220 
f 1213/1213/1213 1214/1214/1214 1220/1220/1220 
f 1220/1220/1220 1214/1214/1214 1221/1221/1221 
f 1214/1214/1214 1215/1215/1215 1221/1221/1221 
f 1221/1221/1221 1215/1215/1215 1222/1222/1222 
f 1215/1215/1215 1216/1216/1216 1222/1222/1222 
f 1222/1222/1222 1216/1216/1216 1223/1223/1223 
f 1216/1216/1216 1217/1217/1217 1223/1223/1223 
f 1223/1223/1223 1217/1217/1217 1224/1224/1224 

g 21

v -107.845 477.155 -64.1547 
v -107.721 477.279 -63.8528 
v -107.624 477.376 -63.4588 
v -107.586 477.414 -63 
v -107.624 477.376 -62.5412 
v -107.721 477.279 -62.1472 
v -107.845 477.155 -61.8453 
v -107.721 476.853 -64.2792 
v -107.545 476.97 -63.9701 
v -107.396 477.069 -63.5345 
v -107.336 477.109 -63 
v -107.396 477.069 -62.4655 
v -107.545 476.97 -62.0299 
v -107.721 476.853 -61.7208 
v -107.624 476.459 -64.3765 
v -107.396 476.535 -64.069 
v -107.191 476.603 -63.603 
v -107.103 476.632 -63 
v -107.191 476.603 -62.397 
v -107.396 476.535 -61.931 
v -107.624 476.459 -61.6235 
v -107.586 476 -64.4142 
v -107.336 476 -64.1094 
v -107.103 476 -63.6325 
v -107 476 -63 
v -107.103 476 -62.3675 
v -107.336 476 -61.8906 
v -107.586 476 -61.5858 
v -107.624 475.541 -64.3765 
v -107.396 475.465 -64.069 
v -107.191 475.397 -63.603 
v -107.103 475.368 -63 
v -107.191 475.397 -62.397 
v -107.396 475.465 -61.931 
v -107.624 475.541 -61.6235 
v -107.721 475.147 -64.2792 
v -107.545 475.03 -63.9701 
v -107.396 474.931 -63.5345 
v -107.336 474.891 -63 
v -107.396 474.931 -62.4655 
v -107.545 475.03 -62.0299 
v -107.721 475.147 -61.7208 
v -107.845 474.845 -64.1547 
v -107.721 474.721 -63.8528 
v -107.624 474.624 -63.4588 
v -107.586 474.586 -63 
v -107.624 474.624 -62.5412 
v -107.721 474.721 -62.1472 
v -107.845 474.845 -61.8453 
v -110.155 477.155 -61.8453 
v -109.853 477.279 -61.7208 
v -109.459 477.376 -61.6235 
v -109 477.414 -61.5858 
v -108.541 477.376 -61.6235 
v -108.147 477.279 -61.7208 
v -107.845 477.155 -61.8453 
v -110.279 477.279 -62.1472 
v -109.97 477.455 -62.0299 
v -109.535 477.604 -61.931 
v -109 477.664 -61.8906 
v -108.465 477.604 -61.931 
v -108.03 477.455 -62.0299 
v -107.721 477.279 -62.1472 
v -110.376 477.376 -62.5412 
v -110.069 477.604 -62.4655 
v -109.603 477.809 -62.397 
v -109 477.897 -62.3675 
v -108.397 477.809 -62.397 
v -107.931 477.604 -62.4655 
v -107.624 477.376 -62.5412 
v -110.414 477.414 -63 
v -110.109 477.664 -63 
v -109.632 477.897 -63 
v -109 478 -63 
v -108.368 477.897 -63 
v -107.891 477.664 -63 
v -107.586 477.414 -63 
v -110.376 477.376 -63.4588 
v -110.069 477.604 -63.5345 
v -109.603 477.809 -63.603 
v -109 477.897 -63.6325 
v -108.397 477.809 -63.603 
v -107.931 477.604 -63.5345 
v -107.624 477.376 -63.4588 
v -110.279 477.279 -63.8528 
v -109.97 477.455 -63.9701 
v -109.535 477.604 -64.069 
v -109 477.664 -64.1094 
v -108.465 477.604 -64.069 
v -108.03 477.455 -63.9701 
v -107.721 477.279 -63.8528 
v -110.155 477.155 -64.1547 
v -109.853 477.279 -64.2792 
v -109.459 477.376 -64.3765 
v -109 477.414 -64.4142 
v -108.541 477.376 -64.3765 
v -108.147 477.279 -64.2792 
v -107.845 477.155 -64.1547 
v -107.845 477.155 -61.8453 
v -108.147 477.279 -61.7208 
v -108.541 477.376 -61.6235 
v -109 477.414 -61.5858 
v -109.459 477.376 -61.6235 
v -109.853 477.279 -61.7208 
v -110.155 477.155 -61.8453 
v -107.721 476.853 -61.7208 
v -108.03 476.97 -61.5448 
v -108.465 477.069 -61.3964 
v -109 477.109 -61.3359 
v -109.535 477.069 -61.3964 
v -109.97 476.97 -61.5448 
v -110.279 476.853 -61.7208 
v -107.624 476.459 -61.6235 
v -107.931 476.535 -61.3964 
v -108.397 476.603 -61.1909 
v -109 476.632 -61.1026 
v -109.603 476.603 -61.1909 
v -110.069 476.535 -61.3964 
v -110.376 476.459 -61.6235 
v -107.586 476 -61.5858 
v -107.891 476 -61.3359 
v -108.368 476 -61.1026 
v -109 476 -61 
v -109.632 476 -61.1026 
v -110.109 476 -61.3359 
v -110.414 476 -61.5858 
v -107.624 475.541 -61.6235 
v -107.931 475.465 -61.3964 
v -108.397 475.397 -61.1909 
v -109 475.368 -61.1026 
v -109.603 475.397 -61.1909 
v -110.069 475.465 -61.3964 
v -110.376 475.541 -61.6235 
v -107.721 475.147 -61.7208 
v -108.03 475.03 -61.5448 
v -108.465 474.931 -61.3964 
v -109 474.891 -61.3359 
v -109.535 474.931 -61.3964 
v -109.97 475.03 -61.5448 
v -110.279 475.147 -61.7208 
v -107.845 474.845 -61.8453 
v -108.147 474.721 -61.7208 
v -108.541 474.624 -61.6235 
v -109 474.586 -61.5858 
v -109.459 474.624 -61.6235 
v -109.853 474.721 -61.7208 
v -110.155 474.845 -61.8453 
v -110.155 477.155 -61.8453 
v -110.279 477.279 -62.1472 
v -110.376 477.376 -62.5412 
v -110.414 477.414 -63 
v -110.376 477.376 -63.4588 
v -110.279 477.279 -63.8528 
v -110.155 477.155 -64.1547 
v -110.279 476.853 -61.7208 
v -110.455 476.97 -62.0299 
v -110.604 477.069 -62.4655 
v -110.664 477.109 -63 
v -110.604 477.069 -63.5345 
v -110.455 476.97 -63.9701 
v -110.279 476.853 -64.2792 
v -110.376 476.459 -61.6235 
v -110.604 476.535 -61.931 
v -110.809 476.603 -62.397 
v -110.897 476.632 -63 
v -110.809 476.603 -63.603 
v -110.604 476.535 -64.069 
v -110.376 476.459 -64.3765 
v -110.414 476 -61.5858 
v -110.664 476 -61.8906 
v -110.897 476 -62.3675 
v -111 476 -63 
v -110.897 476 -63.6325 
v -110.664 476 -64.1094 
v -110.414 476 -64.4142 
v -110.376 475.541 -61.6235 
v -110.604 475.465 -61.931 
v -110.809 475.397 -62.397 
v -110.897 475.368 -63 
v -110.809 475.397 -63.603 
v -110.604 475.465 -64.069 
v -110.376 475.541 -64.3765 
v -110.279 475.147 -61.7208 
v -110.455 475.03 -62.0299 
v -110.604 474.931 -62.4655 
v -110.664 474.891 -63 
v -110.604 474.931 -63.5345 
v -110.455 475.03 -63.9701 
v -110.279 475.147 -64.2792 
v -110.155 474.845 -61.8453 
v -110.279 474.721 -62.1472 
v -110.376 474.624 -62.5412 
v -110.414 474.586 -63 
v -110.376 474.624 -63.4588 
v -110.279 474.721 -63.8528 
v -110.155 474.845 -64.1547 
v -110.155 474.845 -64.1547 
v -109.853 474.721 -64.2792 
v -109.459 474.624 -64.3765 
v -109 474.586 -64.4142 
v -108.541 474.624 -64.3765 
v -108.147 474.721 -64.2792 
v -107.845 474.845 -64.1547 
v -110.279 474.721 -63.8528 
v -109.97 474.545 -63.9701 
v -109.535 474.396 -64.069 
v -109 474.336 -64.1094 
v -108.465 474.396 -64.069 
v -108.03 474.545 -63.9701 
v -107.721 474.721 -63.8528 
v -110.376 474.624 -63.4588 
v -110.069 474.396 -63.5345 
v -109.603 474.191 -63.603 
v -109 474.103 -63.6325 
v -108.397 474.191 -63.603 
v -107.931 474.396 -63.5345 
v -107.624 474.624 -63.4588 
v -110.414 474.586 -63 
v -110.109 474.336 -63 
v -109.632 474.103 -63 
v -109 474 -63 
v -108.368 474.103 -63 
v -107.891 474.336 -63 
v -107.586 474.586 -63 
v -110.376 474.624 -62.5412 
v -110.069 474.396 -62.4655 
v -109.603 474.191 -62.397 
v -109 474.103 -62.3675 
v -108.397 474.191 -62.397 
v -107.931 474.396 -62.4655 
v -107.624 474.624 -62.5412 
v -110.279 474.721 -62.1472 
v -109.97 474.545 -62.0299 
v -109.535 474.396 -61.931 
v -109 474.336 -61.8906 
v -108.465 474.396 -61.931 
v -108.03 474.545 -62.0299 
v -107.721 474.721 -62.1472 
v -110.155 474.845 -61.8453 
v -109.853 474.721 -61.7208 
v -109.459 474.624 -61.6235 
v -109 474.586 -61.5858 
v -108.541 474.624 -61.6235 
v -108.147 474.721 -61.7208 
v -107.845 474.845 -61.8453 
v -110.155 477.155 -64.1547 
v -109.853 477.279 -64.2792 
v -109.459 477.376 -64.3765 
v -109 477.414 -64.4142 
v -108.541 477.376 -64.3765 
v -108.147 477.279 -64.2792 
v -107.845 477.155 -64.1547 
v -110.279 476.853 -64.2792 
v -109.97 476.97 -64.4552 
v -109.535 477.069 -64.6036 
v -109 477.109 -64.6641 
v -108.465 477.069 -64.6036 
v -108.03 476.97 -64.4552 
v -107.721 476.853 -64.2792 
v -110.376 476.459 -64.3765 
v -110.069 476.535 -64.6036 
v -109.603 476.603 -64.8091 
v -109 476.632 -64.8974 
v -108.397 476.603 -64.8091 
v -107.931 476.535 -64.6036 
v -107.624 476.459 -64.3765 
v -110.414 476 -64.4142 
v -110.109 476 -64.6641 
v -109.632 476 -64.8974 
v -109 476 -65 
v -108.368 476 -64.8974 
v -107.891 476 -64.6641 
v -107.586 476 -64.4142 
v -110.376 475.541 -64.3765 
v -110.069 475.465 -64.6036 
v -109.603 475.397 -64.8091 
v -109 475.368 -64.8974 
v -108.397 475.397 -64.8091 
v -107.931 475.465 -64.6036 
v -107.624 475.541 -64.3765 
v -110.279 475.147 -64.2792 
v -109.97 475.03 -64.4552 
v -109.535 474.931 -64.6036 
v -109 474.891 -64.6641 
v -108.465 474.931 -64.6036 
v -108.03 475.03 -64.4552 
v -107.721 475.147 -64.2792 
v -110.155 474.845 -64.1547 
v -109.853 474.721 -64.2792 
v -109.459 474.624 -64.3765 
v -109 474.586 -64.4142 
v -108.541 474.624 -64.3765 
v -108.147 474.721 -64.2792 
v -107.845 474.845 -64.1547 

vn 0.574803 0.574803 -0.574803 
vn 0.637795 0.637795 -0.425197 
vn 0.685039 0.685039 -0.228346 
vn 0.708661 0.708661 0 
vn 0.685039 0.685039 0.228346 
vn 0.637795 0.637795 0.425197 
vn 0.574803 0.574803 0.574803 
vn 0.637795 0.425197 -0.637795 
vn 0.724409 0.488189 -0.488189 
vn 0.80315 0.535433 -0.267717 
vn 0.834646 0.551181 0 
vn 0.80315 0.535433 0.267717 
vn 0.724409 0.488189 0.488189 
vn 0.637795 0.425197 0.637795 
vn 0.685039 0.228346 -0.685039 
vn 0.80315 0.267717 -0.535433 
vn 0.905512 0.299213 -0.299213 
vn 0.944882 0.314961 0 
vn 0.905512 0.299213 0.299213 
vn 0.80315 0.267717 0.535433 
vn 0.685039 0.228346 0.685039 
vn 0.708661 0 -0.708661 
vn 0.834646 0 -0.551181 
vn 0.944882 0 -0.314961 
vn 1 0 0 
vn 0.944882 0 0.314961 
vn 0.834646 0 0.551181 
vn 0.708661 0 0.708661 
vn 0.685039 -0.228346 -0.685039 
vn 0.80315 -0.267717 -0.535433 
vn 0.905512 -0.299213 -0.299213 
vn 0.944882 -0.314961 0 
vn 0.905512 -0.299213 0.299213 
vn 0.80315 -0.267717 0.535433 
vn 0.685039 -0.228346 0.685039 
vn 0.637795 -0.425197 -0.637795 
vn 0.724409 -0.488189 -0.488189 
vn 0.80315 -0.535433 -0.267717 
vn 0.834646 -0.551181 0 
vn 0.80315 -0.535433 0.267717 
vn 0.724409 -0.488189 0.488189 
vn 0.637795 -0.425197 0.637795 
vn 0.574803 -0.574803 -0.574803 
vn 0.637795 -0.637795 -0.425197 
vn 0.685039 -0.685039 -0.228346 
vn 0.708661 -0.708661 0 
vn 0.685039 -0.685039 0.228346 
vn 0.637795 -0.637795 0.425197 
vn 0.574803 -0.574803 0.574803 
vn -0.574803 0.574803 0.574803 
vn -0.425197 0.637795 0.637795 
vn -0.228346 0.685039 0.685039 
vn 0 0.708661 0.708661 
vn 0.228346 0.685039 0.685039 
vn 0.425197 0.637795 0.637795 
vn 0.574803 0.574803 0.574803 
vn -0.637795 0.637795 0.425197 
vn -0.488189 0.724409 0.488189 
vn -0.267717 0.80315 0.535433 
vn 0 0.834646 0.551181 
vn 0.267717 0.80315 0.535433 
vn 0.488189 0.724409 0.488189 
vn 0.637795 0.637795 0.425197 
vn -0.685039 0.685039 0.228346 
vn -0.535433 0.80315 0.267717 
vn -0.299213 0.905512 0.299213 
vn 0 0.944882 0.314961 
vn 0.299213 0.905512 0.299213 
vn 0.535433 0.80315 0.267717 
vn 0.685039 0.685039 0.228346 
vn -0.708661 0.708661 0 
vn -0.551181 0.834646 0 
vn -0.314961 0.944882 0 
vn 0 1 0 
vn 0.314961 0.944882 0 
vn 0.551181 0.834646 0 
vn 0.708661 0.708661 0 
vn -0.685039 0.685039 -0.228346 
vn -0.535433 0.80315 -0.267717 
vn -0.299213 0.905512 -0.299213 
vn 0 0.944882 -0.314961 
vn 0.299213 0.905512 -0.299213 
vn 0.535433 0.80315 -0.267717 
vn 0.685039 0.685039 -0.228346 
vn -0.637795 0.637795 -0.425197 
vn -0.488189 0.724409 -0.488189 
vn -0.267717 0.80315 -0.535433 
vn 0 0.834646 -0.551181 
vn 0.267717 0.80315 -0.535433 
vn 0.488189 0.724409 -0.488189 
vn 0.637795 0.637795 -0.425197 
vn -0.574803 0.574803 -0.574803 
vn -0.425197 0.637795 -0.637795 
vn -0.228346 0.685039 -0.685039 
vn 0 0.708661 -0.708661 
vn 0.228346 0.685039 -0.685039 
vn 0.425197 0.637795 -0.637795 
vn 0.574803 0.574803 -0.574803 
vn 0.574803 0.574803 0.574803 
vn 0.425197 0.637795 0.637795 
vn 0.228346 0.685039 0.685039 
vn 0 0.708661 0.708661 
vn -0.228346 0.685039 0.685039 
vn -0.425197 0.637795 0.637795 
vn -0.574803 0.574803 0.574803 
vn 0.637795 0.425197 0.637795 
vn 0.488189 0.488189 0.724409 
vn 0.267717 0.535433 0.80315 
vn 0 0.551181 0.834646 
vn -0.267717 0.535433 0.80315 
vn -0.488189 0.488189 0.724409 
vn -0.637795 0.425197 0.637795 
vn 0.685039 0.228346 0.685039 
vn 0.535433 0.267717 0.80315 
vn 0.299213 0.299213 0.905512 
vn 0 0.314961 0.944882 
vn -0.299213 0.299213 0.905512 
vn -0.535433 0.267717 0.80315 
vn -0.685039 0.228346 0.685039 
vn 0.708661 0 0.708661 
vn 0.551181 0 0.834646 
vn 0.314961 0 0.944882 
vn 0 0 1 
vn -0.314961 0 0.944882 
vn -0.551181 0 0.834646 
vn -0.708661 0 0.708661 
vn 0.685039 -0.228346 0.685039 
vn 0.535433 -0.267717 0.80315 
vn 0.299213 -0.299213 0.905512 
vn 0 -0.314961 0.944882 
vn -0.299213 -0.299213 0.905512 
vn -0.535433 -0.267717 0.80315 
vn -0.685039 -0.228346 0.685039 
vn 0.637795 -0.425197 0.637795 
vn 0.488189 -0.488189 0.724409 
vn 0.267717 -0.535433 0.80315 
vn 0 -0.551181 0.834646 
vn -0.267717 -0.535433 0.80315 
vn -0.488189 -0.488189 0.724409 
vn -0.637795 -0.425197 0.637795 
vn 0.574803 -0.574803 0.574803 
vn 0.425197 -0.637795 0.637795 
vn 0.228346 -0.685039 0.685039 
vn 0 -0.708661 0.708661 
vn -0.228346 -0.685039 0.685039 
vn -0.425197 -0.637795 0.637795 
vn -0.574803 -0.574803 0.574803 
vn -0.574803 0.574803 0.574803 
vn -0.637795 0.637795 0.425197 
vn -0.685039 0.685039 0.228346 
vn -0.708661 0.708661 0 
vn -0.685039 0.685039 -0.228346 
vn -0.637795 0.637795 -0.425197 
vn -0.574803 0.574803 -0.574803 
vn -0.637795 0.425197 0.637795 
vn -0.724409 0.488189 0.488189 
vn -0.80315 0.535433 0.267717 
vn -0.834646 0.551181 0 
vn -0.80315 0.535433 -0.267717 
vn -0.724409 0.488189 -0.488189 
vn -0.637795 0.425197 -0.637795 
vn -0.685039 0.228346 0.685039 
vn -0.80315 0.267717 0.535433 
vn -0.905512 0.299213 0.299213 
vn -0.944882 0.314961 0 
vn -0.905512 0.299213 -0.299213 
vn -0.80315 0.267717 -0.535433 
vn -0.685039 0.228346 -0.685039 
vn -0.708661 0 0.708661 
vn -0.834646 0 0.551181 
vn -0.944882 0 0.314961 
vn -1 0 0 
vn -0.944882 0 -0.314961 
vn -0.834646 0 -0.551181 
vn -0.708661 0 -0.708661 
vn -0.685039 -0.228346 0.685039 
vn -0.80315 -0.267717 0.535433 
vn -0.905512 -0.299213 0.299213 
vn -0.944882 -0.314961 0 
vn -0.905512 -0.299213 -0.299213 
vn -0.80315 -0.267717 -0.535433 
vn -0.685039 -0.228346 -0.685039 
vn -0.637795 -0.425197 0.637795 
vn -0.724409 -0.488189 0.488189 
vn -0.80315 -0.535433 0.267717 
vn -0.834646 -0.551181 0 
vn -0.80315 -0.535433 -0.267717 
vn -0.724409 -0.488189 -0.488189 
vn -0.637795 -0.425197 -0.637795 
vn -0.574803 -0.574803 0.574803 
vn -0.637795 -0.637795 0.425197 
vn -0.685039 -0.685039 0.228346 
vn -0.708661 -0.708661 0 
vn -0.685039 -0.685039 -0.228346 
vn -0.637795 -0.637795 -0.425197 
vn -0.574803 -0.574803 -0.574803 
vn -0.574803 -0.574803 -0.574803 
vn -0.425197 -0.637795 -0.637795 
vn -0.228346 -0.685039 -0.685039 
vn 0 -0.708661 -0.708661 
vn 0.228346 -0.685039 -0.685039 
vn 0.425197 -0.637795 -0.637795 
vn 0.574803 -0.574803 -0.574803 
vn -0.637795 -0.637795 -0.425197 
vn -0.488189 -0.724409 -0.488189 
vn -0.267717 -0.80315 -0.535433 
vn 0 -0.834646 -0.551181 
vn 0.267717 -0.80315 -0.535433 
vn 0.488189 -0.724409 -0.488189 
vn 0.637795 -0.637795 -0.425197 
vn -0.685039 -0.685039 -0.228346 
vn -0.535433 -0.80315 -0.267717 
vn -0.299213 -0.905512 -0.299213 
vn 0 -0.944882 -0.314961 
vn 0.299213 -0.905512 -0.299213 
vn 0.535433 -0.80315 -0.267717 
vn 0.685039 -0.685039 -0.228346 
vn -0.708661 -0.708661 0 
vn -0.551181 -0.834646 0 
vn -0.314961 -0.944882 0 
vn 0 -1 0 
vn 0.314961 -0.944882 0 
vn 0.551181 -0.834646 0 
vn 0.708661 -0.708661 0 
vn -0.685039 -0.685039 0.228346 
vn -0.535433 -0.80315 0.267717 
vn -0.299213 -0.905512 0.299213 
vn 0 -0.944882 0.314961 
vn 0.299213 -0.905512 0.299213 
vn 0.535433 -0.80315 0.267717 
vn 0.685039 -0.685039 0.228346 
vn -0.637795 -0.637795 0.425197 
vn -0.488189 -0.724409 0.488189 
vn -0.267717 -0.80315 0.535433 
vn 0 -0.834646 0.551181 
vn 0.267717 -0.80315 0.535433 
vn 0.488189 -0.724409 0.488189 
vn 0.637795 -0.637795 0.425197 
vn -0.574803 -0.574803 0.574803 
vn -0.425197 -0.637795 0.637795 
vn -0.228346 -0.685039 0.685039 
vn 0 -0.708661 0.708661 
vn 0.228346 -0.685039 0.685039 
vn 0.425197 -0.637795 0.637795 
vn 0.574803 -0.574803 0.574803 
vn -0.574803 0.574803 -0.574803 
vn -0.425197 0.637795 -0.637795 
vn -0.228346 0.685039 -0.685039 
vn 0 0.708661 -0.708661 
vn 0.228346 0.685039 -0.685039 
vn 0.425197 0.637795 -0.637795 
vn 0.574803 0.574803 -0.574803 
vn -0.637795 0.425197 -0.637795 
vn -0.488189 0.488189 -0.724409 
vn -0.267717 0.535433 -0.80315 
vn 0 0.551181 -0.834646 
vn 0.267717 0.535433 -0.80315 
vn 0.488189 0.488189 -0.724409 
vn 0.637795 0.425197 -0.637795 
vn -0.685039 0.228346 -0.685039 
vn -0.535433 0.267717 -0.80315 
vn -0.299213 0.299213 -0.905512 
vn 0 0.314961 -0.944882 
vn 0.299213 0.299213 -0.905512 
vn 0.535433 0.267717 -0.80315 
vn 0.685039 0.228346 -0.685039 
vn -0.708661 0 -0.708661 
vn -0.551181 0 -0.834646 
vn -0.314961 0 -0.944882 
vn 0 0 -1 
vn 0.314961 0 -0.944882 
vn 0.551181 0 -0.834646 
vn 0.708661 0 -0.708661 
vn -0.685039 -0.228346 -0.685039 
vn -0.535433 -0.267717 -0.80315 
vn -0.299213 -0.299213 -0.905512 
vn 0 -0.314961 -0.944882 
vn 0.299213 -0.299213 -0.905512 
vn 0.535433 -0.267717 -0.80315 
vn 0.685039 -0.228346 -0.685039 
vn -0.637795 -0.425197 -0.637795 
vn -0.488189 -0.488189 -0.724409 
vn -0.267717 -0.535433 -0.80315 
vn 0 -0.551181 -0.834646 
vn 0.267717 -0.535433 -0.80315 
vn 0.488189 -0.488189 -0.724409 
vn 0.637795 -0.425197 -0.637795 
vn -0.574803 -0.574803 -0.574803 
vn -0.425197 -0.637795 -0.637795 
vn -0.228346 -0.685039 -0.685039 
vn 0 -0.708661 -0.708661 
vn 0.228346 -0.685039 -0.685039 
vn 0.425197 -0.637795 -0.637795 
vn 0.574803 -0.574803 -0.574803 

vt 2.07244 1.91286 
vt 1.40577 1.91286 
vt 0.739107 1.91286 
vt 0.0724399 1.91286 
vt -0.594227 1.91286 
vt -1.26089 1.91286 
vt -1.92756 1.91286 
vt 2.07244 1.2462 
vt 1.40577 1.2462 
vt 0.739107 1.2462 
vt 0.0724399 1.2462 
vt -0.594227 1.2462 
vt -1.26089 1.2462 
vt -1.92756 1.2462 
vt 2.07244 0.579531 
vt 1.40577 0.579531 
vt 0.739107 0.579531 
vt 0.0724399 0.579531 
vt -0.594227 0.579531 
vt -1.26089 0.579531 
vt -1.92756 0.579531 
vt 2.07244 -0.0871359 
vt 1.40577 -0.0871359 
vt 0.739107 -0.0871359 
vt 0.0724399 -0.0871359 
vt -0.594227 -0.0871359 
vt -1.26089 -0.0871359 
vt -1.92756 -0.0871359 
vt 2.07244 -0.753803 
vt 1.40577 -0.753803 
vt 0.739107 -0.753803 
vt 0.0724399 -0.753803 
vt -0.594227 -0.753803 
vt -1.26089 -0.753803 
vt -1.92756 -0.753803 
vt 2.07244 -1.42047 
vt 1.40577 -1.42047 
vt 0.739107 -1.42047 
vt 0.0724399 -1.42047 
vt -0.594227 -1.42047 
vt -1.26089 -1.42047 
vt -1.92756 -1.42047 
vt 2.07244 -2.08714 
vt 1.40577 -2.08714 
vt 0.739107 -2.08714 
vt 0.0724399 -2.08714 
vt -0.594227 -2.08714 
vt -1.26089 -2.08714 
vt -1.92756 -2.08714 
vt 2.07244 1.91286 
vt 1.40577 1.91286 
vt 0.739107 1.91286 
vt 0.0724399 1.91286 
vt -0.594227 1.91286 
vt -1.26089 1.91286 
vt -1.92756 1.91286 
vt 2.07244 1.2462 
vt 1.40577 1.2462 
vt 0.739107 1.2462 
vt 0.0724399 1.2462 
vt -0.594227 1.2462 
vt -1.26089 1.2462 
vt -1.92756 1.2462 
vt 2.07244 0.579531 
vt 1.40577 0.579531 
vt 0.739107 0.579531 
vt 0.0724399 0.579531 
vt -0.594227 0.579531 
vt -1.26089 0.579531 
vt -1.92756 0.579531 
vt 2.07244 -0.0871359 
vt 1.40577 -0.0871359 
vt 0.739107 -0.0871359 
vt 0.0724399 -0.0871359 
vt -0.594227 -0.0871359 
vt -1.26089 -0.0871359 
vt -1.92756 -0.0871359 
vt 2.07244 -0.753803 
vt 1.40577 -0.753803 
vt 0.739107 -0.753803 
vt 0.0724399 -0.753803 
vt -0.594227 -0.753803 
vt -1.26089 -0.753803 
vt -1.92756 -0.753803 
vt 2.07244 -1.42047 
vt 1.40577 -1.42047 
vt 0.739107 -1.42047 
vt 0.0724399 -1.42047 
vt -0.594227 -1.42047 
vt -1.26089 -1.42047 
vt -1.92756 -1.42047 
vt 2.07244 -2.08714 
vt 1.40577 -2.08714 
vt 0.739107 -2.08714 
vt 0.0724399 -2.08714 
vt -0.594227 -2.08714 
vt -1.26089 -2.08714 
vt -1.92756 -2.08714 
vt 2.07244 1.91286 
vt 1.40577 1.91286 
vt 0.739107 1.91286 
vt 0.0724399 1.91286 
vt -0.594227 1.91286 
vt -1.26089 1.91286 
vt -1.92756 1.91286 
vt 2.07244 1.2462 
vt 1.40577 1.2462 
vt 0.739107 1.2462 
vt 0.0724399 1.2462 
vt -0.594227 1.2462 
vt -1.26089 1.2462 
vt -1.92756 1.2462 
vt 2.07244 0.579531 
vt 1.40577 0.579531 
vt 0.739107 0.579531 
vt 0.0724399 0.579531 
vt -0.594227 0.579531 
vt -1.26089 0.579531 
vt -1.92756 0.579531 
vt 2.07244 -0.0871359 
vt 1.40577 -0.0871359 
vt 0.739107 -0.0871359 
vt 0.0724399 -0.0871359 
vt -0.594227 -0.0871359 
vt -1.26089 -0.0871359 
vt -1.92756 -0.0871359 
vt 2.07244 -0.753803 
vt 1.40577 -0.753803 
vt 0.739107 -0.753803 
vt 0.0724399 -0.753803 
vt -0.594227 -0.753803 
vt -1.26089 -0.753803 
vt -1.92756 -0.753803 
vt 2.07244 -1.42047 
vt 1.40577 -1.42047 
vt 0.739107 -1.42047 
vt 0.0724399 -1.42047 
vt -0.594227 -1.42047 
vt -1.26089 -1.42047 
vt -1.92756 -1.42047 
vt 2.07244 -2.08714 
vt 1.40577 -2.08714 
vt 0.739107 -2.08714 
vt 0.0724399 -2.08714 
vt -0.594227 -2.08714 
vt -1.26089 -2.08714 
vt -1.92756 -2.08714 
vt 2.07244 1.91286 
vt 1.40577 1.91286 
vt 0.739107 1.91286 
vt 0.0724399 1.91286 
vt -0.594227 1.91286 
vt -1.26089 1.91286 
vt -1.92756 1.91286 
vt 2.07244 1.2462 
vt 1.40577 1.2462 
vt 0.739107 1.2462 
vt 0.0724399 1.2462 
vt -0.594227 1.2462 
vt -1.26089 1.2462 
vt -1.92756 1.2462 
vt 2.07244 0.579531 
vt 1.40577 0.579531 
vt 0.739107 0.579531 
vt 0.0724399 0.579531 
vt -0.594227 0.579531 
vt -1.26089 0.579531 
vt -1.92756 0.579531 
vt 2.07244 -0.0871359 
vt 1.40577 -0.0871359 
vt 0.739107 -0.0871359 
vt 0.0724399 -0.0871359 
vt -0.594227 -0.0871359 
vt -1.26089 -0.0871359 
vt -1.92756 -0.0871359 
vt 2.07244 -0.753803 
vt 1.40577 -0.753803 
vt 0.739107 -0.753803 
vt 0.0724399 -0.753803 
vt -0.594227 -0.753803 
vt -1.26089 -0.753803 
vt -1.92756 -0.753803 
vt 2.07244 -1.42047 
vt 1.40577 -1.42047 
vt 0.739107 -1.42047 
vt 0.0724399 -1.42047 
vt -0.594227 -1.42047 
vt -1.26089 -1.42047 
vt -1.92756 -1.42047 
vt 2.07244 -2.08714 
vt 1.40577 -2.08714 
vt 0.739107 -2.08714 
vt 0.0724399 -2.08714 
vt -0.594227 -2.08714 
vt -1.26089 -2.08714 
vt -1.92756 -2.08714 
vt 2.07244 1.91286 
vt 1.40577 1.91286 
vt 0.739107 1.91286 
vt 0.0724399 1.91286 
vt -0.594227 1.91286 
vt -1.26089 1.91286 
vt -1.92756 1.91286 
vt 2.07244 1.2462 
vt 1.40577 1.2462 
vt 0.739107 1.2462 
vt 0.0724399 1.2462 
vt -0.594227 1.2462 
vt -1.26089 1.2462 
vt -1.92756 1.2462 
vt 2.07244 0.579531 
vt 1.40577 0.579531 
vt 0.739107 0.579531 
vt 0.0724399 0.579531 
vt -0.594227 0.579531 
vt -1.26089 0.579531 
vt -1.92756 0.579531 
vt 2.07244 -0.0871359 
vt 1.40577 -0.0871359 
vt 0.739107 -0.0871359 
vt 0.0724399 -0.0871359 
vt -0.594227 -0.0871359 
vt -1.26089 -0.0871359 
vt -1.92756 -0.0871359 
vt 2.07244 -0.753803 
vt 1.40577 -0.753803 
vt 0.739107 -0.753803 
vt 0.0724399 -0.753803 
vt -0.594227 -0.753803 
vt -1.26089 -0.753803 
vt -1.92756 -0.753803 
vt 2.07244 -1.42047 
vt 1.40577 -1.42047 
vt 0.739107 -1.42047 
vt 0.0724399 -1.42047 
vt -0.594227 -1.42047 
vt -1.26089 -1.42047 
vt -1.92756 -1.42047 
vt 2.07244 -2.08714 
vt 1.40577 -2.08714 
vt 0.739107 -2.08714 
vt 0.0724399 -2.08714 
vt -0.594227 -2.08714 
vt -1.26089 -2.08714 
vt -1.92756 -2.08714 
vt 2.07244 1.91286 
vt 1.40577 1.91286 
vt 0.739107 1.91286 
vt 0.0724399 1.91286 
vt -0.594227 1.91286 
vt -1.26089 1.91286 
vt -1.92756 1.91286 
vt 2.07244 1.2462 
vt 1.40577 1.2462 
vt 0.739107 1.2462 
vt 0.0724399 1.2462 
vt -0.594227 1.2462 
vt -1.26089 1.2462 
vt -1.92756 1.2462 
vt 2.07244 0.579531 
vt 1.40577 0.579531 
vt 0.739107 0.579531 
vt 0.0724399 0.579531 
vt -0.594227 0.579531 
vt -1.26089 0.579531 
vt -1.92756 0.579531 
vt 2.07244 -0.0871359 
vt 1.40577 -0.0871359 
vt 0.739107 -0.0871359 
vt 0.0724399 -0.0871359 
vt -0.594227 -0.0871359 
vt -1.26089 -0.0871359 
vt -1.92756 -0.0871359 
vt 2.07244 -0.753803 
vt 1.40577 -0.753803 
vt 0.739107 -0.753803 
vt 0.0724399 -0.753803 
vt -0.594227 -0.753803 
vt -1.26089 -0.753803 
vt -1.92756 -0.753803 
vt 2.07244 -1.42047 
vt 1.40577 -1.42047 
vt 0.739107 -1.42047 
vt 0.0724399 -1.42047 
vt -0.594227 -1.42047 
vt -1.26089 -1.42047 
vt -1.92756 -1.42047 
vt 2.07244 -2.08714 
vt 1.40577 -2.08714 
vt 0.739107 -2.08714 
vt 0.0724399 -2.08714 
vt -0.594227 -2.08714 
vt -1.26089 -2.08714 
vt -1.92756 -2.08714 

usemtl 11Mtl

f 1225/1225/1225 1226/1226/1226 1232/1232/1232 
f 1232/1232/1232 1226/1226/1226 1233/1233/1233 
f 1226/1226/1226 1227/1227/1227 1233/1233/1233 
f 1233/1233/1233 1227/1227/1227 1234/1234/1234 
f 1227/1227/1227 1228/1228/1228 1234/1234/1234 
f 1234/1234/1234 1228/1228/1228 1235/1235/1235 
f 1228/1228/1228 1229/1229/1229 1235/1235/1235 
f 1235/1235/1235 1229/1229/1229 1236/1236/1236 
f 1229/1229/1229 1230/1230/1230 1236/1236/1236 
f 1236/1236/1236 1230/1230/1230 1237/1237/1237 
f 1230/1230/1230 1231/1231/1231 1237/1237/1237 
f 1237/1237/1237 1231/1231/1231 1238/1238/1238 
f 1232/1232/1232 1233/1233/1233 1239/1239/1239 
f 1239/1239/1239 1233/1233/1233 1240/1240/1240 
f 1233/1233/1233 1234/1234/1234 1240/1240/1240 
f 1240/1240/1240 1234/1234/1234 1241/1241/1241 
f 1234/1234/1234 1235/1235/1235 1241/1241/1241 
f 1241/1241/1241 1235/1235/1235 1242/1242/1242 
f 1235/1235/1235 1236/1236/1236 1242/1242/1242 
f 1242/1242/1242 1236/1236/1236 1243/1243/1243 
f 1236/1236/1236 1237/1237/1237 1243/1243/1243 
f 1243/1243/1243 1237/1237/1237 1244/1244/1244 
f 1237/1237/1237 1238/1238/1238 1244/1244/1244 
f 1244/1244/1244 1238/1238/1238 1245/1245/1245 
f 1239/1239/1239 1240/1240/1240 1246/1246/1246 
f 1246/1246/1246 1240/1240/1240 1247/1247/1247 
f 1240/1240/1240 1241/1241/1241 1247/1247/1247 
f 1247/1247/1247 1241/1241/1241 1248/1248/1248 
f 1241/1241/1241 1242/1242/1242 1248/1248/1248 
f 1248/1248/1248 1242/1242/1242 1249/1249/1249 
f 1242/1242/1242 1243/1243/1243 1249/1249/1249 
f 1249/1249/1249 1243/1243/1243 1250/1250/1250 
f 1243/1243/1243 1244/1244/1244 1250/1250/1250 
f 1250/1250/1250 1244/1244/1244 1251/1251/1251 
f 1244/1244/1244 1245/1245/1245 1251/1251/1251 
f 1251/1251/1251 1245/1245/1245 1252/1252/1252 
f 1246/1246/1246 1247/1247/1247 1253/1253/1253 
f 1253/1253/1253 1247/1247/1247 1254/1254/1254 
f 1247/1247/1247 1248/1248/1248 1254/1254/1254 
f 1254/1254/1254 1248/1248/1248 1255/1255/1255 
f 1248/1248/1248 1249/1249/1249 1255/1255/1255 
f 1255/1255/1255 1249/1249/1249 1256/1256/1256 
f 1249/1249/1249 1250/1250/1250 1256/1256/1256 
f 1256/1256/1256 1250/1250/1250 1257/1257/1257 
f 1250/1250/1250 1251/1251/1251 1257/1257/1257 
f 1257/1257/1257 1251/1251/1251 1258/1258/1258 
f 1251/1251/1251 1252/1252/1252 1258/1258/1258 
f 1258/1258/1258 1252/1252/1252 1259/1259/1259 
f 1253/1253/1253 1254/1254/1254 1260/1260/1260 
f 1260/1260/1260 1254/1254/1254 1261/1261/1261 
f 1254/1254/1254 1255/1255/1255 1261/1261/1261 
f 1261/1261/1261 1255/1255/1255 1262/1262/1262 
f 1255/1255/1255 1256/1256/1256 1262/1262/1262 
f 1262/1262/1262 1256/1256/1256 1263/1263/1263 
f 1256/1256/1256 1257/1257/1257 1263/1263/1263 
f 1263/1263/1263 1257/1257/1257 1264/1264/1264 
f 1257/1257/1257 1258/1258/1258 1264/1264/1264 
f 1264/1264/1264 1258/1258/1258 1265/1265/1265 
f 1258/1258/1258 1259/1259/1259 1265/1265/1265 
f 1265/1265/1265 1259/1259/1259 1266/1266/1266 
f 1260/1260/1260 1261/1261/1261 1267/1267/1267 
f 1267/1267/1267 1261/1261/1261 1268/1268/1268 
f 1261/1261/1261 1262/1262/1262 1268/1268/1268 
f 1268/1268/1268 1262/1262/1262 1269/1269/1269 
f 1262/1262/1262 1263/1263/1263 1269/1269/1269 
f 1269/1269/1269 1263/1263/1263 1270/1270/1270 
f 1263/1263/1263 1264/1264/1264 1270/1270/1270 
f 1270/1270/1270 1264/1264/1264 1271/1271/1271 
f 1264/1264/1264 1265/1265/1265 1271/1271/1271 
f 1271/1271/1271 1265/1265/1265 1272/1272/1272 
f 1265/1265/1265 1266/1266/1266 1272/1272/1272 
f 1272/1272/1272 1266/1266/1266 1273/1273/1273 
f 1274/1274/1274 1275/1275/1275 1281/1281/1281 
f 1281/1281/1281 1275/1275/1275 1282/1282/1282 
f 1275/1275/1275 1276/1276/1276 1282/1282/1282 
f 1282/1282/1282 1276/1276/1276 1283/1283/1283 
f 1276/1276/1276 1277/1277/1277 1283/1283/1283 
f 1283/1283/1283 1277/1277/1277 1284/1284/1284 
f 1277/1277/1277 1278/1278/1278 1284/1284/1284 
f 1284/1284/1284 1278/1278/1278 1285/1285/1285 
f 1278/1278/1278 1279/1279/1279 1285/1285/1285 
f 1285/1285/1285 1279/1279/1279 1286/1286/1286 
f 1279/1279/1279 1280/1280/1280 1286/1286/1286 
f 1286/1286/1286 1280/1280/1280 1287/1287/1287 
f 1281/1281/1281 1282/1282/1282 1288/1288/1288 
f 1288/1288/1288 1282/1282/1282 1289/1289/1289 
f 1282/1282/1282 1283/1283/1283 1289/1289/1289 
f 1289/1289/1289 1283/1283/1283 1290/1290/1290 
f 1283/1283/1283 1284/1284/1284 1290/1290/1290 
f 1290/1290/1290 1284/1284/1284 1291/1291/1291 
f 1284/1284/1284 1285/1285/1285 1291/1291/1291 
f 1291/1291/1291 1285/1285/1285 1292/1292/1292 
f 1285/1285/1285 1286/1286/1286 1292/1292/1292 
f 1292/1292/1292 1286/1286/1286 1293/1293/1293 
f 1286/1286/1286 1287/1287/1287 1293/1293/1293 
f 1293/1293/1293 1287/1287/1287 1294/1294/1294 
f 1288/1288/1288 1289/1289/1289 1295/1295/1295 
f 1295/1295/1295 1289/1289/1289 1296/1296/1296 
f 1289/1289/1289 1290/1290/1290 1296/1296/1296 
f 1296/1296/1296 1290/1290/1290 1297/1297/1297 
f 1290/1290/1290 1291/1291/1291 1297/1297/1297 
f 1297/1297/1297 1291/1291/1291 1298/1298/1298 
f 1291/1291/1291 1292/1292/1292 1298/1298/1298 
f 1298/1298/1298 1292/1292/1292 1299/1299/1299 
f 1292/1292/1292 1293/1293/1293 1299/1299/1299 
f 1299/1299/1299 1293/1293/1293 1300/1300/1300 
f 1293/1293/1293 1294/1294/1294 1300/1300/1300 
f 1300/1300/1300 1294/1294/1294 1301/1301/1301 
f 1295/1295/1295 1296/1296/1296 1302/1302/1302 
f 1302/1302/1302 1296/1296/1296 1303/1303/1303 
f 1296/1296/1296 1297/1297/1297 1303/1303/1303 
f 1303/1303/1303 1297/1297/1297 1304/1304/1304 
f 1297/1297/1297 1298/1298/1298 1304/1304/1304 
f 1304/1304/1304 1298/1298/1298 1305/1305/1305 
f 1298/1298/1298 1299/1299/1299 1305/1305/1305 
f 1305/1305/1305 1299/1299/1299 1306/1306/1306 
f 1299/1299/1299 1300/1300/1300 1306/1306/1306 
f 1306/1306/1306 1300/1300/1300 1307/1307/1307 
f 1300/1300/1300 1301/1301/1301 1307/1307/1307 
f 1307/1307/1307 1301/1301/1301 1308/1308/1308 
f 1302/1302/1302 1303/1303/1303 1309/1309/1309 
f 1309/1309/1309 1303/1303/1303 1310/1310/1310 
f 1303/1303/1303 1304/1304/1304 1310/1310/1310 
f 1310/1310/1310 1304/1304/1304 1311/1311/1311 
f 1304/1304/1304 1305/1305/1305 1311/1311/1311 
f 1311/1311/1311 1305/1305/1305 1312/1312/1312 
f 1305/1305/1305 1306/1306/1306 1312/1312/1312 
f 1312/1312/1312 1306/1306/1306 1313/1313/1313 
f 1306/1306/1306 1307/1307/1307 1313/1313/1313 
f 1313/1313/1313 1307/1307/1307 1314/1314/1314 
f 1307/1307/1307 1308/1308/1308 1314/1314/1314 
f 1314/1314/1314 1308/1308/1308 1315/1315/1315 
f 1309/1309/1309 1310/1310/1310 1316/1316/1316 
f 1316/1316/1316 1310/1310/1310 1317/1317/1317 
f 1310/1310/1310 1311/1311/1311 1317/1317/1317 
f 1317/1317/1317 1311/1311/1311 1318/1318/1318 
f 1311/1311/1311 1312/1312/1312 1318/1318/1318 
f 1318/1318/1318 1312/1312/1312 1319/1319/1319 
f 1312/1312/1312 1313/1313/1313 1319/1319/1319 
f 1319/1319/1319 1313/1313/1313 1320/1320/1320 
f 1313/1313/1313 1314/1314/1314 1320/1320/1320 
f 1320/1320/1320 1314/1314/1314 1321/1321/1321 
f 1314/1314/1314 1315/1315/1315 1321/1321/1321 
f 1321/1321/1321 1315/1315/1315 1322/1322/1322 
f 1323/1323/1323 1324/1324/1324 1330/1330/1330 
f 1330/1330/1330 1324/1324/1324 1331/1331/1331 
f 1324/1324/1324 1325/1325/1325 1331/1331/1331 
f 1331/1331/1331 1325/1325/1325 1332/1332/1332 
f 1325/1325/1325 1326/1326/1326 1332/1332/1332 
f 1332/1332/1332 1326/1326/1326 1333/1333/1333 
f 1326/1326/1326 1327/1327/1327 1333/1333/1333 
f 1333/1333/1333 1327/1327/1327 1334/1334/1334 
f 1327/1327/1327 1328/1328/1328 1334/1334/1334 
f 1334/1334/1334 1328/1328/1328 1335/1335/1335 
f 1328/1328/1328 1329/1329/1329 1335/1335/1335 
f 1335/1335/1335 1329/1329/1329 1336/1336/1336 
f 1330/1330/1330 1331/1331/1331 1337/1337/1337 
f 1337/1337/1337 1331/1331/1331 1338/1338/1338 
f 1331/1331/1331 1332/1332/1332 1338/1338/1338 
f 1338/1338/1338 1332/1332/1332 1339/1339/1339 
f 1332/1332/1332 1333/1333/1333 1339/1339/1339 
f 1339/1339/1339 1333/1333/1333 1340/1340/1340 
f 1333/1333/1333 1334/1334/1334 1340/1340/1340 
f 1340/1340/1340 1334/1334/1334 1341/1341/1341 
f 1334/1334/1334 1335/1335/1335 1341/1341/1341 
f 1341/1341/1341 1335/1335/1335 1342/1342/1342 
f 1335/1335/1335 1336/1336/1336 1342/1342/1342 
f 1342/1342/1342 1336/1336/1336 1343/1343/1343 
f 1337/1337/1337 1338/1338/1338 1344/1344/1344 
f 1344/1344/1344 1338/1338/1338 1345/1345/1345 
f 1338/1338/1338 1339/1339/1339 1345/1345/1345 
f 1345/1345/1345 1339/1339/1339 1346/1346/1346 
f 1339/1339/1339 1340/1340/1340 1346/1346/1346 
f 1346/1346/1346 1340/1340/1340 1347/1347/1347 
f 1340/1340/1340 1341/1341/1341 1347/1347/1347 
f 1347/1347/1347 1341/1341/1341 1348/1348/1348 
f 1341/1341/1341 1342/1342/1342 1348/1348/1348 
f 1348/1348/1348 1342/1342/1342 1349/1349/1349 
f 1342/1342/1342 1343/1343/1343 1349/1349/1349 
f 1349/1349/1349 1343/1343/1343 1350/1350/1350 
f 1344/1344/1344 1345/1345/1345 1351/1351/1351 
f 1351/1351/1351 1345/1345/1345 1352/1352/1352 
f 1345/1345/1345 1346/1346/1346 1352/1352/1352 
f 1352/1352/1352 1346/1346/1346 1353/1353/1353 
f 1346/1346/1346 1347/1347/1347 1353/1353/1353 
f 1353/1353/1353 1347/1347/1347 1354/1354/1354 
f 1347/1347/1347 1348/1348/1348 1354/1354/1354 
f 1354/1354/1354 1348/1348/1348 1355/1355/1355 
f 1348/1348/1348 1349/1349/1349 1355/1355/1355 
f 1355/1355/1355 1349/1349/1349 1356/1356/1356 
f 1349/1349/1349 1350/1350/1350 1356/1356/1356 
f 1356/1356/1356 1350/1350/1350 1357/1357/1357 
f 1351/1351/1351 1352/1352/1352 1358/1358/1358 
f 1358/1358/1358 1352/1352/1352 1359/1359/1359 
f 1352/1352/1352 1353/1353/1353 1359/1359/1359 
f 1359/1359/1359 1353/1353/1353 1360/1360/1360 
f 1353/1353/1353 1354/1354/1354 1360/1360/1360 
f 1360/1360/1360 1354/1354/1354 1361/1361/1361 
f 1354/1354/1354 1355/1355/1355 1361/1361/1361 
f 1361/1361/1361 1355/1355/1355 1362/1362/1362 
f 1355/1355/1355 1356/1356/1356 1362/1362/1362 
f 1362/1362/1362 1356/1356/1356 1363/1363/1363 
f 1356/1356/1356 1357/1357/1357 1363/1363/1363 
f 1363/1363/1363 1357/1357/1357 1364/1364/1364 
f 1358/1358/1358 1359/1359/1359 1365/1365/1365 
f 1365/1365/1365 1359/1359/1359 1366/1366/1366 
f 1359/1359/1359 1360/1360/1360 1366/1366/1366 
f 1366/1366/1366 1360/1360/1360 1367/1367/1367 
f 1360/1360/1360 1361/1361/1361 1367/1367/1367 
f 1367/1367/1367 1361/1361/1361 1368/1368/1368 
f 1361/1361/1361 1362/1362/1362 1368/1368/1368 
f 1368/1368/1368 1362/1362/1362 1369/1369/1369 
f 1362/1362/1362 1363/1363/1363 1369/1369/1369 
f 1369/1369/1369 1363/1363/1363 1370/1370/1370 
f 1363/1363/1363 1364/1364/1364 1370/1370/1370 
f 1370/1370/1370 1364/1364/1364 1371/1371/1371 
f 1372/1372/1372 1373/1373/1373 1379/1379/1379 
f 1379/1379/1379 1373/1373/1373 1380/1380/1380 
f 1373/1373/1373 1374/1374/1374 1380/1380/1380 
f 1380/1380/1380 1374/1374/1374 1381/1381/1381 
f 1374/1374/1374 1375/1375/1375 1381/1381/1381 
f 1381/1381/1381 1375/1375/1375 1382/1382/1382 
f 1375/1375/1375 1376/1376/1376 1382/1382/1382 
f 1382/1382/1382 1376/1376/1376 1383/1383/1383 
f 1376/1376/1376 1377/1377/1377 1383/1383/1383 
f 1383/1383/1383 1377/1377/1377 1384/1384/1384 
f 1377/1377/1377 1378/1378/1378 1384/1384/1384 
f 1384/1384/1384 1378/1378/1378 1385/1385/1385 
f 1379/1379/1379 1380/1380/1380 1386/1386/1386 
f 1386/1386/1386 1380/1380/1380 1387/1387/1387 
f 1380/1380/1380 1381/1381/1381 1387/1387/1387 
f 1387/1387/1387 1381/1381/1381 1388/1388/1388 
f 1381/1381/1381 1382/1382/1382 1388/1388/1388 
f 1388/1388/1388 1382/1382/1382 1389/1389/1389 
f 1382/1382/1382 1383/1383/1383 1389/1389/1389 
f 1389/1389/1389 1383/1383/1383 1390/1390/1390 
f 1383/1383/1383 1384/1384/1384 1390/1390/1390 
f 1390/1390/1390 1384/1384/1384 1391/1391/1391 
f 1384/1384/1384 1385/1385/1385 1391/1391/1391 
f 1391/1391/1391 1385/1385/1385 1392/1392/1392 
f 1386/1386/1386 1387/1387/1387 1393/1393/1393 
f 1393/1393/1393 1387/1387/1387 1394/1394/1394 
f 1387/1387/1387 1388/1388/1388 1394/1394/1394 
f 1394/1394/1394 1388/1388/1388 1395/1395/1395 
f 1388/1388/1388 1389/1389/1389 1395/1395/1395 
f 1395/1395/1395 1389/1389/1389 1396/1396/1396 
f 1389/1389/1389 1390/1390/1390 1396/1396/1396 
f 1396/1396/1396 1390/1390/1390 1397/1397/1397 
f 1390/1390/1390 1391/1391/1391 1397/1397/1397 
f 1397/1397/1397 1391/1391/1391 1398/1398/1398 
f 1391/1391/1391 1392/1392/1392 1398/1398/1398 
f 1398/1398/1398 1392/1392/1392 1399/1399/1399 
f 1393/1393/1393 1394/1394/1394 1400/1400/1400 
f 1400/1400/1400 1394/1394/1394 1401/1401/1401 
f 1394/1394/1394 1395/1395/1395 1401/1401/1401 
f 1401/1401/1401 1395/1395/1395 1402/1402/1402 
f 1395/1395/1395 1396/1396/1396 1402/1402/1402 
f 1402/1402/1402 1396/1396/1396 1403/1403/1403 
f 1396/1396/1396 1397/1397/1397 1403/1403/1403 
f 1403/1403/1403 1397/1397/1397 1404/1404/1404 
f 1397/1397/1397 1398/1398/1398 1404/1404/1404 
f 1404/1404/1404 1398/1398/1398 1405/1405/1405 
f 1398/1398/1398 1399/1399/1399 1405/1405/1405 
f 1405/1405/1405 1399/1399/1399 1406/1406/1406 
f 1400/1400/1400 1401/1401/1401 1407/1407/1407 
f 1407/1407/1407 1401/1401/1401 1408/1408/1408 
f 1401/1401/1401 1402/1402/1402 1408/1408/1408 
f 1408/1408/1408 1402/1402/1402 1409/1409/1409 
f 1402/1402/1402 1403/1403/1403 1409/1409/1409 
f 1409/1409/1409 1403/1403/1403 1410/1410/1410 
f 1403/1403/1403 1404/1404/1404 1410/1410/1410 
f 1410/1410/1410 1404/1404/1404 1411/1411/1411 
f 1404/1404/1404 1405/1405/1405 1411/1411/1411 
f 1411/1411/1411 1405/1405/1405 1412/1412/1412 
f 1405/1405/1405 1406/1406/1406 1412/1412/1412 
f 1412/1412/1412 1406/1406/1406 1413/1413/1413 
f 1407/1407/1407 1408/1408/1408 1414/1414/1414 
f 1414/1414/1414 1408/1408/1408 1415/1415/1415 
f 1408/1408/1408 1409/1409/1409 1415/1415/1415 
f 1415/1415/1415 1409/1409/1409 1416/1416/1416 
f 1409/1409/1409 1410/1410/1410 1416/1416/1416 
f 1416/1416/1416 1410/1410/1410 1417/1417/1417 
f 1410/1410/1410 1411/1411/1411 1417/1417/1417 
f 1417/1417/1417 1411/1411/1411 1418/1418/1418 
f 1411/1411/1411 1412/1412/1412 1418/1418/1418 
f 1418/1418/1418 1412/1412/1412 1419/1419/1419 
f 1412/1412/1412 1413/1413/1413 1419/1419/1419 
f 1419/1419/1419 1413/1413/1413 1420/1420/1420 
f 1421/1421/1421 1422/1422/1422 1428/1428/1428 
f 1428/1428/1428 1422/1422/1422 1429/1429/1429 
f 1422/1422/1422 1423/1423/1423 1429/1429/1429 
f 1429/1429/1429 1423/1423/1423 1430/1430/1430 
f 1423/1423/1423 1424/1424/1424 1430/1430/1430 
f 1430/1430/1430 1424/1424/1424 1431/1431/1431 
f 1424/1424/1424 1425/1425/1425 1431/1431/1431 
f 1431/1431/1431 1425/1425/1425 1432/1432/1432 
f 1425/1425/1425 1426/1426/1426 1432/1432/1432 
f 1432/1432/1432 1426/1426/1426 1433/1433/1433 
f 1426/1426/1426 1427/1427/1427 1433/1433/1433 
f 1433/1433/1433 1427/1427/1427 1434/1434/1434 
f 1428/1428/1428 1429/1429/1429 1435/1435/1435 
f 1435/1435/1435 1429/1429/1429 1436/1436/1436 
f 1429/1429/1429 1430/1430/1430 1436/1436/1436 
f 1436/1436/1436 1430/1430/1430 1437/1437/1437 
f 1430/1430/1430 1431/1431/1431 1437/1437/1437 
f 1437/1437/1437 1431/1431/1431 1438/1438/1438 
f 1431/1431/1431 1432/1432/1432 1438/1438/1438 
f 1438/1438/1438 1432/1432/1432 1439/1439/1439 
f 1432/1432/1432 1433/1433/1433 1439/1439/1439 
f 1439/1439/1439 1433/1433/1433 1440/1440/1440 
f 1433/1433/1433 1434/1434/1434 1440/1440/1440 
f 1440/1440/1440 1434/1434/1434 1441/1441/1441 
f 1435/1435/1435 1436/1436/1436 1442/1442/1442 
f 1442/1442/1442 1436/1436/1436 1443/1443/1443 
f 1436/1436/1436 1437/1437/1437 1443/1443/1443 
f 1443/1443/1443 1437/1437/1437 1444/1444/1444 
f 1437/1437/1437 1438/1438/1438 1444/1444/1444 
f 1444/1444/1444 1438/1438/1438 1445/1445/1445 
f 1438/1438/1438 1439/1439/1439 1445/1445/1445 
f 1445/1445/1445 1439/1439/1439 1446/1446/1446 
f 1439/1439/1439 1440/1440/1440 1446/1446/1446 
f 1446/1446/1446 1440/1440/1440 1447/1447/1447 
f 1440/1440/1440 1441/1441/1441 1447/1447/1447 
f 1447/1447/1447 1441/1441/1441 1448/1448/1448 
f 1442/1442/1442 1443/1443/1443 1449/1449/1449 
f 1449/1449/1449 1443/1443/1443 1450/1450/1450 
f 1443/1443/1443 1444/1444/1444 1450/1450/1450 
f 1450/1450/1450 1444/1444/1444 1451/1451/1451 
f 1444/1444/1444 1445/1445/1445 1451/1451/1451 
f 1451/1451/1451 1445/1445/1445 1452/1452/1452 
f 1445/1445/1445 1446/1446/1446 1452/1452/1452 
f 1452/1452/1452 1446/1446/1446 1453/1453/1453 
f 1446/1446/1446 1447/1447/1447 1453/1453/1453 
f 1453/1453/1453 1447/1447/1447 1454/1454/1454 
f 1447/1447/1447 1448/1448/1448 1454/1454/1454 
f 1454/1454/1454 1448/1448/1448 1455/1455/1455 
f 1449/1449/1449 1450/1450/1450 1456/1456/1456 
f 1456/1456/1456 1450/1450/1450 1457/1457/1457 
f 1450/1450/1450 1451/1451/1451 1457/1457/1457 
f 1457/1457/1457 1451/1451/1451 1458/1458/1458 
f 1451/1451/1451 1452/1452/1452 1458/1458/1458 
f 1458/1458/1458 1452/1452/1452 1459/1459/1459 
f 1452/1452/1452 1453/1453/1453 1459/1459/1459 
f 1459/1459/1459 1453/1453/1453 1460/1460/1460 
f 1453/1453/1453 1454/1454/1454 1460/1460/1460 
f 1460/1460/1460 1454/1454/1454 1461/1461/1461 
f 1454/1454/1454 1455/1455/1455 1461/1461/1461 
f 1461/1461/1461 1455/1455/1455 1462/1462/1462 
f 1456/1456/1456 1457/1457/1457 1463/1463/1463 
f 1463/1463/1463 1457/1457/1457 1464/1464/1464 
f 1457/1457/1457 1458/1458/1458 1464/1464/1464 
f 1464/1464/1464 1458/1458/1458 1465/1465/1465 
f 1458/1458/1458 1459/1459/1459 1465/1465/1465 
f 1465/1465/1465 1459/1459/1459 1466/1466/1466 
f 1459/1459/1459 1460/1460/1460 1466/1466/1466 
f 1466/1466/1466 1460/1460/1460 1467/1467/1467 
f 1460/1460/1460 1461/1461/1461 1467/1467/1467 
f 1467/1467/1467 1461/1461/1461 1468/1468/1468 
f 1461/1461/1461 1462/1462/1462 1468/1468/1468 
f 1468/1468/1468 1462/1462/1462 1469/1469/1469 
f 1470/1470/1470 1471/1471/1471 1477/1477/1477 
f 1477/1477/1477 1471/1471/1471 1478/1478/1478 
f 1471/1471/1471 1472/1472/1472 1478/1478/1478 
f 1478/1478/1478 1472/1472/1472 1479/1479/1479 
f 1472/1472/1472 1473/1473/1473 1479/1479/1479 
f 1479/1479/1479 1473/1473/1473 1480/1480/1480 
f 1473/1473/1473 1474/1474/1474 1480/1480/1480 
f 1480/1480/1480 1474/1474/1474 1481/1481/1481 
f 1474/1474/1474 1475/1475/1475 1481/1481/1481 
f 1481/1481/1481 1475/1475/1475 1482/1482/1482 
f 1475/1475/1475 1476/1476/1476 1482/1482/1482 
f 1482/1482/1482 1476/1476/1476 1483/1483/1483 
f 1477/1477/1477 1478/1478/1478 1484/1484/1484 
f 1484/1484/1484 1478/1478/1478 1485/1485/1485 
f 1478/1478/1478 1479/1479/1479 1485/1485/1485 
f 1485/1485/1485 1479/1479/1479 1486/1486/1486 
f 1479/1479/1479 1480/1480/1480 1486/1486/1486 
f 1486/1486/1486 1480/1480/1480 1487/1487/1487 
f 1480/1480/1480 1481/1481/1481 1487/1487/1487 
f 1487/1487/1487 1481/1481/1481 1488/1488/1488 
f 1481/1481/1481 1482/1482/1482 1488/1488/1488 
f 1488/1488/1488 1482/1482/1482 1489/1489/1489 
f 1482/1482/1482 1483/1483/1483 1489/1489/1489 
f 1489/1489/1489 1483/1483/1483 1490/1490/1490 
f 1484/1484/1484 1485/1485/1485 1491/1491/1491 
f 1491/1491/1491 1485/1485/1485 1492/1492/1492 
f 1485/1485/1485 1486/1486/1486 1492/1492/1492 
f 1492/1492/1492 1486/1486/1486 1493/1493/1493 
f 1486/1486/1486 1487/1487/1487 1493/1493/1493 
f 1493/1493/1493 1487/1487/1487 1494/1494/1494 
f 1487/1487/1487 1488/1488/1488 1494/1494/1494 
f 1494/1494/1494 1488/1488/1488 1495/1495/1495 
f 1488/1488/1488 1489/1489/1489 1495/1495/1495 
f 1495/1495/1495 1489/1489/1489 1496/1496/1496 
f 1489/1489/1489 1490/1490/1490 1496/1496/1496 
f 1496/1496/1496 1490/1490/1490 1497/1497/1497 
f 1491/1491/1491 1492/1492/1492 1498/1498/1498 
f 1498/1498/1498 1492/1492/1492 1499/1499/1499 
f 1492/1492/1492 1493/1493/1493 1499/1499/1499 
f 1499/1499/1499 1493/1493/1493 1500/1500/1500 
f 1493/1493/1493 1494/1494/1494 1500/1500/1500 
f 1500/1500/1500 1494/1494/1494 1501/1501/1501 
f 1494/1494/1494 1495/1495/1495 1501/1501/1501 
f 1501/1501/1501 1495/1495/1495 1502/1502/1502 
f 1495/1495/1495 1496/1496/1496 1502/1502/1502 
f 1502/1502/1502 1496/1496/1496 1503/1503/1503 
f 1496/1496/1496 1497/1497/1497 1503/1503/1503 
f 1503/1503/1503 1497/1497/1497 1504/1504/1504 
f 1498/1498/1498 1499/1499/1499 1505/1505/1505 
f 1505/1505/1505 1499/1499/1499 1506/1506/1506 
f 1499/1499/1499 1500/1500/1500 1506/1506/1506 
f 1506/1506/1506 1500/1500/1500 1507/1507/1507 
f 1500/1500/1500 1501/1501/1501 1507/1507/1507 
f 1507/1507/1507 1501/1501/1501 1508/1508/1508 
f 1501/1501/1501 1502/1502/1502 1508/1508/1508 
f 1508/1508/1508 1502/1502/1502 1509/1509/1509 
f 1502/1502/1502 1503/1503/1503 1509/1509/1509 
f 1509/1509/1509 1503/1503/1503 1510/1510/1510 
f 1503/1503/1503 1504/1504/1504 1510/1510/1510 
f 1510/1510/1510 1504/1504/1504 1511/1511/1511 
f 1505/1505/1505 1506/1506/1506 1512/1512/1512 
f 1512/1512/1512 1506/1506/1506 1513/1513/1513 
f 1506/1506/1506 1507/1507/1507 1513/1513/1513 
f 1513/1513/1513 1507/1507/1507 1514/1514/1514 
f 1507/1507/1507 1508/1508/1508 1514/1514/1514 
f 1514/1514/1514 1508/1508/1508 1515/1515/1515 
f 1508/1508/1508 1509/1509/1509 1515/1515/1515 
f 1515/1515/1515 1509/1509/1509 1516/1516/1516 
f 1509/1509/1509 1510/1510/1510 1516/1516/1516 
f 1516/1516/1516 1510/1510/1510 1517/1517/1517 
f 1510/1510/1510 1511/1511/1511 1517/1517/1517 
f 1517/1517/1517 1511/1511/1511 1518/1518/1518 

g 15

v -77.8453 477.155 -84.1547 
v -77.7208 477.279 -83.8528 
v -77.6235 477.376 -83.4588 
v -77.5858 477.414 -83 
v -77.6235 477.376 -82.5412 
v -77.7208 477.279 -82.1472 
v -77.8453 477.155 -81.8453 
v -77.7208 476.853 -84.2792 
v -77.5448 476.97 -83.9701 
v -77.3964 477.069 -83.5345 
v -77.3359 477.109 -83 
v -77.3964 477.069 -82.4655 
v -77.5448 476.97 -82.0299 
v -77.7208 476.853 -81.7208 
v -77.6235 476.459 -84.3765 
v -77.3964 476.535 -84.069 
v -77.1909 476.603 -83.603 
v -77.1026 476.632 -83 
v -77.1909 476.603 -82.397 
v -77.3964 476.535 -81.931 
v -77.6235 476.459 -81.6235 
v -77.5858 476 -84.4142 
v -77.3359 476 -84.1094 
v -77.1026 476 -83.6325 
v -77 476 -83 
v -77.1026 476 -82.3675 
v -77.3359 476 -81.8906 
v -77.5858 476 -81.5858 
v -77.6235 475.541 -84.3765 
v -77.3964 475.465 -84.069 
v -77.1909 475.397 -83.603 
v -77.1026 475.368 -83 
v -77.1909 475.397 -82.397 
v -77.3964 475.465 -81.931 
v -77.6235 475.541 -81.6235 
v -77.7208 475.147 -84.2792 
v -77.5448 475.03 -83.9701 
v -77.3964 474.931 -83.5345 
v -77.3359 474.891 -83 
v -77.3964 474.931 -82.4655 
v -77.5448 475.03 -82.0299 
v -77.7208 475.147 -81.7208 
v -77.8453 474.845 -84.1547 
v -77.7208 474.721 -83.8528 
v -77.6235 474.624 -83.4588 
v -77.5858 474.586 -83 
v -77.6235 474.624 -82.5412 
v -77.7208 474.721 -82.1472 
v -77.8453 474.845 -81.8453 
v -80.1547 477.155 -81.8453 
v -79.8528 477.279 -81.7208 
v -79.4588 477.376 -81.6235 
v -79 477.414 -81.5858 
v -78.5412 477.376 -81.6235 
v -78.1472 477.279 -81.7208 
v -77.8453 477.155 -81.8453 
v -80.2792 477.279 -82.1472 
v -79.9701 477.455 -82.0299 
v -79.5345 477.604 -81.931 
v -79 477.664 -81.8906 
v -78.4655 477.604 -81.931 
v -78.0299 477.455 -82.0299 
v -77.7208 477.279 -82.1472 
v -80.3765 477.376 -82.5412 
v -80.069 477.604 -82.4655 
v -79.603 477.809 -82.397 
v -79 477.897 -82.3675 
v -78.397 477.809 -82.397 
v -77.931 477.604 -82.4655 
v -77.6235 477.376 -82.5412 
v -80.4142 477.414 -83 
v -80.1094 477.664 -83 
v -79.6325 477.897 -83 
v -79 478 -83 
v -78.3675 477.897 -83 
v -77.8906 477.664 -83 
v -77.5858 477.414 -83 
v -80.3765 477.376 -83.4588 
v -80.069 477.604 -83.5345 
v -79.603 477.809 -83.603 
v -79 477.897 -83.6325 
v -78.397 477.809 -83.603 
v -77.931 477.604 -83.5345 
v -77.6235 477.376 -83.4588 
v -80.2792 477.279 -83.8528 
v -79.9701 477.455 -83.9701 
v -79.5345 477.604 -84.069 
v -79 477.664 -84.1094 
v -78.4655 477.604 -84.069 
v -78.0299 477.455 -83.9701 
v -77.7208 477.279 -83.8528 
v -80.1547 477.155 -84.1547 
v -79.8528 477.279 -84.2792 
v -79.4588 477.376 -84.3765 
v -79 477.414 -84.4142 
v -78.5412 477.376 -84.3765 
v -78.1472 477.279 -84.2792 
v -77.8453 477.155 -84.1547 
v -77.8453 477.155 -81.8453 
v -78.1472 477.279 -81.7208 
v -78.5412 477.376 -81.6235 
v -79 477.414 -81.5858 
v -79.4588 477.376 -81.6235 
v -79.8528 477.279 -81.7208 
v -80.1547 477.155 -81.8453 
v -77.7208 476.853 -81.7208 
v -78.0299 476.97 -81.5448 
v -78.4655 477.069 -81.3964 
v -79 477.109 -81.3359 
v -79.5345 477.069 -81.3964 
v -79.9701 476.97 -81.5448 
v -80.2792 476.853 -81.7208 
v -77.6235 476.459 -81.6235 
v -77.931 476.535 -81.3964 
v -78.397 476.603 -81.1909 
v -79 476.632 -81.1026 
v -79.603 476.603 -81.1909 
v -80.069 476.535 -81.3964 
v -80.3765 476.459 -81.6235 
v -77.5858 476 -81.5858 
v -77.8906 476 -81.3359 
v -78.3675 476 -81.1026 
v -79 476 -81 
v -79.6325 476 -81.1026 
v -80.1094 476 -81.3359 
v -80.4142 476 -81.5858 
v -77.6235 475.541 -81.6235 
v -77.931 475.465 -81.3964 
v -78.397 475.397 -81.1909 
v -79 475.368 -81.1026 
v -79.603 475.397 -81.1909 
v -80.069 475.465 -81.3964 
v -80.3765 475.541 -81.6235 
v -77.7208 475.147 -81.7208 
v -78.0299 475.03 -81.5448 
v -78.4655 474.931 -81.3964 
v -79 474.891 -81.3359 
v -79.5345 474.931 -81.3964 
v -79.9701 475.03 -81.5448 
v -80.2792 475.147 -81.7208 
v -77.8453 474.845 -81.8453 
v -78.1472 474.721 -81.7208 
v -78.5412 474.624 -81.6235 
v -79 474.586 -81.5858 
v -79.4588 474.624 -81.6235 
v -79.8528 474.721 -81.7208 
v -80.1547 474.845 -81.8453 
v -80.1547 477.155 -81.8453 
v -80.2792 477.279 -82.1472 
v -80.3765 477.376 -82.5412 
v -80.4142 477.414 -83 
v -80.3765 477.376 -83.4588 
v -80.2792 477.279 -83.8528 
v -80.1547 477.155 -84.1547 
v -80.2792 476.853 -81.7208 
v -80.4552 476.97 -82.0299 
v -80.6036 477.069 -82.4655 
v -80.6641 477.109 -83 
v -80.6036 477.069 -83.5345 
v -80.4552 476.97 -83.9701 
v -80.2792 476.853 -84.2792 
v -80.3765 476.459 -81.6235 
v -80.6036 476.535 -81.931 
v -80.8091 476.603 -82.397 
v -80.8974 476.632 -83 
v -80.8091 476.603 -83.603 
v -80.6036 476.535 -84.069 
v -80.3765 476.459 -84.3765 
v -80.4142 476 -81.5858 
v -80.6641 476 -81.8906 
v -80.8974 476 -82.3675 
v -81 476 -83 
v -80.8974 476 -83.6325 
v -80.6641 476 -84.1094 
v -80.4142 476 -84.4142 
v -80.3765 475.541 -81.6235 
v -80.6036 475.465 -81.931 
v -80.8091 475.397 -82.397 
v -80.8974 475.368 -83 
v -80.8091 475.397 -83.603 
v -80.6036 475.465 -84.069 
v -80.3765 475.541 -84.3765 
v -80.2792 475.147 -81.7208 
v -80.4552 475.03 -82.0299 
v -80.6036 474.931 -82.4655 
v -80.6641 474.891 -83 
v -80.6036 474.931 -83.5345 
v -80.4552 475.03 -83.9701 
v -80.2792 475.147 -84.2792 
v -80.1547 474.845 -81.8453 
v -80.2792 474.721 -82.1472 
v -80.3765 474.624 -82.5412 
v -80.4142 474.586 -83 
v -80.3765 474.624 -83.4588 
v -80.2792 474.721 -83.8528 
v -80.1547 474.845 -84.1547 
v -80.1547 474.845 -84.1547 
v -79.8528 474.721 -84.2792 
v -79.4588 474.624 -84.3765 
v -79 474.586 -84.4142 
v -78.5412 474.624 -84.3765 
v -78.1472 474.721 -84.2792 
v -77.8453 474.845 -84.1547 
v -80.2792 474.721 -83.8528 
v -79.9701 474.545 -83.9701 
v -79.5345 474.396 -84.069 
v -79 474.336 -84.1094 
v -78.4655 474.396 -84.069 
v -78.0299 474.545 -83.9701 
v -77.7208 474.721 -83.8528 
v -80.3765 474.624 -83.4588 
v -80.069 474.396 -83.5345 
v -79.603 474.191 -83.603 
v -79 474.103 -83.6325 
v -78.397 474.191 -83.603 
v -77.931 474.396 -83.5345 
v -77.6235 474.624 -83.4588 
v -80.4142 474.586 -83 
v -80.1094 474.336 -83 
v -79.6325 474.103 -83 
v -79 474 -83 
v -78.3675 474.103 -83 
v -77.8906 474.336 -83 
v -77.5858 474.586 -83 
v -80.3765 474.624 -82.5412 
v -80.069 474.396 -82.4655 
v -79.603 474.191 -82.397 
v -79 474.103 -82.3675 
v -78.397 474.191 -82.397 
v -77.931 474.396 -82.4655 
v -77.6235 474.624 -82.5412 
v -80.2792 474.721 -82.1472 
v -79.9701 474.545 -82.0299 
v -79.5345 474.396 -81.931 
v -79 474.336 -81.8906 
v -78.4655 474.396 -81.931 
v -78.0299 474.545 -82.0299 
v -77.7208 474.721 -82.1472 
v -80.1547 474.845 -81.8453 
v -79.8528 474.721 -81.7208 
v -79.4588 474.624 -81.6235 
v -79 474.586 -81.5858 
v -78.5412 474.624 -81.6235 
v -78.1472 474.721 -81.7208 
v -77.8453 474.845 -81.8453 
v -80.1547 477.155 -84.1547 
v -79.8528 477.279 -84.2792 
v -79.4588 477.376 -84.3765 
v -79 477.414 -84.4142 
v -78.5412 477.376 -84.3765 
v -78.1472 477.279 -84.2792 
v -77.8453 477.155 -84.1547 
v -80.2792 476.853 -84.2792 
v -79.9701 476.97 -84.4552 
v -79.5345 477.069 -84.6036 
v -79 477.109 -84.6641 
v -78.4655 477.069 -84.6036 
v -78.0299 476.97 -84.4552 
v -77.7208 476.853 -84.2792 
v -80.3765 476.459 -84.3765 
v -80.069 476.535 -84.6036 
v -79.603 476.603 -84.8091 
v -79 476.632 -84.8974 
v -78.397 476.603 -84.8091 
v -77.931 476.535 -84.6036 
v -77.6235 476.459 -84.3765 
v -80.4142 476 -84.4142 
v -80.1094 476 -84.6641 
v -79.6325 476 -84.8974 
v -79 476 -85 
v -78.3675 476 -84.8974 
v -77.8906 476 -84.6641 
v -77.5858 476 -84.4142 
v -80.3765 475.541 -84.3765 
v -80.069 475.465 -84.6036 
v -79.603 475.397 -84.8091 
v -79 475.368 -84.8974 
v -78.397 475.397 -84.8091 
v -77.931 475.465 -84.6036 
v -77.6235 475.541 -84.3765 
v -80.2792 475.147 -84.2792 
v -79.9701 475.03 -84.4552 
v -79.5345 474.931 -84.6036 
v -79 474.891 -84.6641 
v -78.4655 474.931 -84.6036 
v -78.0299 475.03 -84.4552 
v -77.7208 475.147 -84.2792 
v -80.1547 474.845 -84.1547 
v -79.8528 474.721 -84.2792 
v -79.4588 474.624 -84.3765 
v -79 474.586 -84.4142 
v -78.5412 474.624 -84.3765 
v -78.1472 474.721 -84.2792 
v -77.8453 474.845 -84.1547 

vn 0.574803 0.574803 -0.574803 
vn 0.637795 0.637795 -0.425197 
vn 0.685039 0.685039 -0.228346 
vn 0.708661 0.708661 0 
vn 0.685039 0.685039 0.228346 
vn 0.637795 0.637795 0.425197 
vn 0.574803 0.574803 0.574803 
vn 0.637795 0.425197 -0.637795 
vn 0.724409 0.488189 -0.488189 
vn 0.80315 0.535433 -0.267717 
vn 0.834646 0.551181 0 
vn 0.80315 0.535433 0.267717 
vn 0.724409 0.488189 0.488189 
vn 0.637795 0.425197 0.637795 
vn 0.685039 0.228346 -0.685039 
vn 0.80315 0.267717 -0.535433 
vn 0.905512 0.299213 -0.299213 
vn 0.944882 0.314961 0 
vn 0.905512 0.299213 0.299213 
vn 0.80315 0.267717 0.535433 
vn 0.685039 0.228346 0.685039 
vn 0.708661 0 -0.708661 
vn 0.834646 0 -0.551181 
vn 0.944882 0 -0.314961 
vn 1 0 0 
vn 0.944882 0 0.314961 
vn 0.834646 0 0.551181 
vn 0.708661 0 0.708661 
vn 0.685039 -0.228346 -0.685039 
vn 0.80315 -0.267717 -0.535433 
vn 0.905512 -0.299213 -0.299213 
vn 0.944882 -0.314961 0 
vn 0.905512 -0.299213 0.299213 
vn 0.80315 -0.267717 0.535433 
vn 0.685039 -0.228346 0.685039 
vn 0.637795 -0.425197 -0.637795 
vn 0.724409 -0.488189 -0.488189 
vn 0.80315 -0.535433 -0.267717 
vn 0.834646 -0.551181 0 
vn 0.80315 -0.535433 0.267717 
vn 0.724409 -0.488189 0.488189 
vn 0.637795 -0.425197 0.637795 
vn 0.574803 -0.574803 -0.574803 
vn 0.637795 -0.637795 -0.425197 
vn 0.685039 -0.685039 -0.228346 
vn 0.708661 -0.708661 0 
vn 0.685039 -0.685039 0.228346 
vn 0.637795 -0.637795 0.425197 
vn 0.574803 -0.574803 0.574803 
vn -0.574803 0.574803 0.574803 
vn -0.425197 0.637795 0.637795 
vn -0.228346 0.685039 0.685039 
vn 0 0.708661 0.708661 
vn 0.228346 0.685039 0.685039 
vn 0.425197 0.637795 0.637795 
vn 0.574803 0.574803 0.574803 
vn -0.637795 0.637795 0.425197 
vn -0.488189 0.724409 0.488189 
vn -0.267717 0.80315 0.535433 
vn 0 0.834646 0.551181 
vn 0.267717 0.80315 0.535433 
vn 0.488189 0.724409 0.488189 
vn 0.637795 0.637795 0.425197 
vn -0.685039 0.685039 0.228346 
vn -0.535433 0.80315 0.267717 
vn -0.299213 0.905512 0.299213 
vn 0 0.944882 0.314961 
vn 0.299213 0.905512 0.299213 
vn 0.535433 0.80315 0.267717 
vn 0.685039 0.685039 0.228346 
vn -0.708661 0.708661 0 
vn -0.551181 0.834646 0 
vn -0.314961 0.944882 0 
vn 0 1 0 
vn 0.314961 0.944882 0 
vn 0.551181 0.834646 0 
vn 0.708661 0.708661 0 
vn -0.685039 0.685039 -0.228346 
vn -0.535433 0.80315 -0.267717 
vn -0.299213 0.905512 -0.299213 
vn 0 0.944882 -0.314961 
vn 0.299213 0.905512 -0.299213 
vn 0.535433 0.80315 -0.267717 
vn 0.685039 0.685039 -0.228346 
vn -0.637795 0.637795 -0.425197 
vn -0.488189 0.724409 -0.488189 
vn -0.267717 0.80315 -0.535433 
vn 0 0.834646 -0.551181 
vn 0.267717 0.80315 -0.535433 
vn 0.488189 0.724409 -0.488189 
vn 0.637795 0.637795 -0.425197 
vn -0.574803 0.574803 -0.574803 
vn -0.425197 0.637795 -0.637795 
vn -0.228346 0.685039 -0.685039 
vn 0 0.708661 -0.708661 
vn 0.228346 0.685039 -0.685039 
vn 0.425197 0.637795 -0.637795 
vn 0.574803 0.574803 -0.574803 
vn 0.574803 0.574803 0.574803 
vn 0.425197 0.637795 0.637795 
vn 0.228346 0.685039 0.685039 
vn 0 0.708661 0.708661 
vn -0.228346 0.685039 0.685039 
vn -0.425197 0.637795 0.637795 
vn -0.574803 0.574803 0.574803 
vn 0.637795 0.425197 0.637795 
vn 0.488189 0.488189 0.724409 
vn 0.267717 0.535433 0.80315 
vn 0 0.551181 0.834646 
vn -0.267717 0.535433 0.80315 
vn -0.488189 0.488189 0.724409 
vn -0.637795 0.425197 0.637795 
vn 0.685039 0.228346 0.685039 
vn 0.535433 0.267717 0.80315 
vn 0.299213 0.299213 0.905512 
vn 0 0.314961 0.944882 
vn -0.299213 0.299213 0.905512 
vn -0.535433 0.267717 0.80315 
vn -0.685039 0.228346 0.685039 
vn 0.708661 0 0.708661 
vn 0.551181 0 0.834646 
vn 0.314961 0 0.944882 
vn 0 0 1 
vn -0.314961 0 0.944882 
vn -0.551181 0 0.834646 
vn -0.708661 0 0.708661 
vn 0.685039 -0.228346 0.685039 
vn 0.535433 -0.267717 0.80315 
vn 0.299213 -0.299213 0.905512 
vn 0 -0.314961 0.944882 
vn -0.299213 -0.299213 0.905512 
vn -0.535433 -0.267717 0.80315 
vn -0.685039 -0.228346 0.685039 
vn 0.637795 -0.425197 0.637795 
vn 0.488189 -0.488189 0.724409 
vn 0.267717 -0.535433 0.80315 
vn 0 -0.551181 0.834646 
vn -0.267717 -0.535433 0.80315 
vn -0.488189 -0.488189 0.724409 
vn -0.637795 -0.425197 0.637795 
vn 0.574803 -0.574803 0.574803 
vn 0.425197 -0.637795 0.637795 
vn 0.228346 -0.685039 0.685039 
vn 0 -0.708661 0.708661 
vn -0.228346 -0.685039 0.685039 
vn -0.425197 -0.637795 0.637795 
vn -0.574803 -0.574803 0.574803 
vn -0.574803 0.574803 0.574803 
vn -0.637795 0.637795 0.425197 
vn -0.685039 0.685039 0.228346 
vn -0.708661 0.708661 0 
vn -0.685039 0.685039 -0.228346 
vn -0.637795 0.637795 -0.425197 
vn -0.574803 0.574803 -0.574803 
vn -0.637795 0.425197 0.637795 
vn -0.724409 0.488189 0.488189 
vn -0.80315 0.535433 0.267717 
vn -0.834646 0.551181 0 
vn -0.80315 0.535433 -0.267717 
vn -0.724409 0.488189 -0.488189 
vn -0.637795 0.425197 -0.637795 
vn -0.685039 0.228346 0.685039 
vn -0.80315 0.267717 0.535433 
vn -0.905512 0.299213 0.299213 
vn -0.944882 0.314961 0 
vn -0.905512 0.299213 -0.299213 
vn -0.80315 0.267717 -0.535433 
vn -0.685039 0.228346 -0.685039 
vn -0.708661 0 0.708661 
vn -0.834646 0 0.551181 
vn -0.944882 0 0.314961 
vn -1 0 0 
vn -0.944882 0 -0.314961 
vn -0.834646 0 -0.551181 
vn -0.708661 0 -0.708661 
vn -0.685039 -0.228346 0.685039 
vn -0.80315 -0.267717 0.535433 
vn -0.905512 -0.299213 0.299213 
vn -0.944882 -0.314961 0 
vn -0.905512 -0.299213 -0.299213 
vn -0.80315 -0.267717 -0.535433 
vn -0.685039 -0.228346 -0.685039 
vn -0.637795 -0.425197 0.637795 
vn -0.724409 -0.488189 0.488189 
vn -0.80315 -0.535433 0.267717 
vn -0.834646 -0.551181 0 
vn -0.80315 -0.535433 -0.267717 
vn -0.724409 -0.488189 -0.488189 
vn -0.637795 -0.425197 -0.637795 
vn -0.574803 -0.574803 0.574803 
vn -0.637795 -0.637795 0.425197 
vn -0.685039 -0.685039 0.228346 
vn -0.708661 -0.708661 0 
vn -0.685039 -0.685039 -0.228346 
vn -0.637795 -0.637795 -0.425197 
vn -0.574803 -0.574803 -0.574803 
vn -0.574803 -0.574803 -0.574803 
vn -0.425197 -0.637795 -0.637795 
vn -0.228346 -0.685039 -0.685039 
vn 0 -0.708661 -0.708661 
vn 0.228346 -0.685039 -0.685039 
vn 0.425197 -0.637795 -0.637795 
vn 0.574803 -0.574803 -0.574803 
vn -0.637795 -0.637795 -0.425197 
vn -0.488189 -0.724409 -0.488189 
vn -0.267717 -0.80315 -0.535433 
vn 0 -0.834646 -0.551181 
vn 0.267717 -0.80315 -0.535433 
vn 0.488189 -0.724409 -0.488189 
vn 0.637795 -0.637795 -0.425197 
vn -0.685039 -0.685039 -0.228346 
vn -0.535433 -0.80315 -0.267717 
vn -0.299213 -0.905512 -0.299213 
vn 0 -0.944882 -0.314961 
vn 0.299213 -0.905512 -0.299213 
vn 0.535433 -0.80315 -0.267717 
vn 0.685039 -0.685039 -0.228346 
vn -0.708661 -0.708661 0 
vn -0.551181 -0.834646 0 
vn -0.314961 -0.944882 0 
vn 0 -1 0 
vn 0.314961 -0.944882 0 
vn 0.551181 -0.834646 0 
vn 0.708661 -0.708661 0 
vn -0.685039 -0.685039 0.228346 
vn -0.535433 -0.80315 0.267717 
vn -0.299213 -0.905512 0.299213 
vn 0 -0.944882 0.314961 
vn 0.299213 -0.905512 0.299213 
vn 0.535433 -0.80315 0.267717 
vn 0.685039 -0.685039 0.228346 
vn -0.637795 -0.637795 0.425197 
vn -0.488189 -0.724409 0.488189 
vn -0.267717 -0.80315 0.535433 
vn 0 -0.834646 0.551181 
vn 0.267717 -0.80315 0.535433 
vn 0.488189 -0.724409 0.488189 
vn 0.637795 -0.637795 0.425197 
vn -0.574803 -0.574803 0.574803 
vn -0.425197 -0.637795 0.637795 
vn -0.228346 -0.685039 0.685039 
vn 0 -0.708661 0.708661 
vn 0.228346 -0.685039 0.685039 
vn 0.425197 -0.637795 0.637795 
vn 0.574803 -0.574803 0.574803 
vn -0.574803 0.574803 -0.574803 
vn -0.425197 0.637795 -0.637795 
vn -0.228346 0.685039 -0.685039 
vn 0 0.708661 -0.708661 
vn 0.228346 0.685039 -0.685039 
vn 0.425197 0.637795 -0.637795 
vn 0.574803 0.574803 -0.574803 
vn -0.637795 0.425197 -0.637795 
vn -0.488189 0.488189 -0.724409 
vn -0.267717 0.535433 -0.80315 
vn 0 0.551181 -0.834646 
vn 0.267717 0.535433 -0.80315 
vn 0.488189 0.488189 -0.724409 
vn 0.637795 0.425197 -0.637795 
vn -0.685039 0.228346 -0.685039 
vn -0.535433 0.267717 -0.80315 
vn -0.299213 0.299213 -0.905512 
vn 0 0.314961 -0.944882 
vn 0.299213 0.299213 -0.905512 
vn 0.535433 0.267717 -0.80315 
vn 0.685039 0.228346 -0.685039 
vn -0.708661 0 -0.708661 
vn -0.551181 0 -0.834646 
vn -0.314961 0 -0.944882 
vn 0 0 -1 
vn 0.314961 0 -0.944882 
vn 0.551181 0 -0.834646 
vn 0.708661 0 -0.708661 
vn -0.685039 -0.228346 -0.685039 
vn -0.535433 -0.267717 -0.80315 
vn -0.299213 -0.299213 -0.905512 
vn 0 -0.314961 -0.944882 
vn 0.299213 -0.299213 -0.905512 
vn 0.535433 -0.267717 -0.80315 
vn 0.685039 -0.228346 -0.685039 
vn -0.637795 -0.425197 -0.637795 
vn -0.488189 -0.488189 -0.724409 
vn -0.267717 -0.535433 -0.80315 
vn 0 -0.551181 -0.834646 
vn 0.267717 -0.535433 -0.80315 
vn 0.488189 -0.488189 -0.724409 
vn 0.637795 -0.425197 -0.637795 
vn -0.574803 -0.574803 -0.574803 
vn -0.425197 -0.637795 -0.637795 
vn -0.228346 -0.685039 -0.685039 
vn 0 -0.708661 -0.708661 
vn 0.228346 -0.685039 -0.685039 
vn 0.425197 -0.637795 -0.637795 
vn 0.574803 -0.574803 -0.574803 

vt 8.99118 4.58388 
vt 8.32452 4.58388 
vt 7.65785 4.58388 
vt 6.99118 4.58388 
vt 6.32452 4.58388 
vt 5.65785 4.58388 
vt 4.99118 4.58388 
vt 8.99118 3.91722 
vt 8.32452 3.91722 
vt 7.65785 3.91722 
vt 6.99118 3.91722 
vt 6.32452 3.91722 
vt 5.65785 3.91722 
vt 4.99118 3.91722 
vt 8.99118 3.25055 
vt 8.32452 3.25055 
vt 7.65785 3.25055 
vt 6.99118 3.25055 
vt 6.32452 3.25055 
vt 5.65785 3.25055 
vt 4.99118 3.25055 
vt 8.99118 2.58388 
vt 8.32452 2.58388 
vt 7.65785 2.58388 
vt 6.99118 2.58388 
vt 6.32452 2.58388 
vt 5.65785 2.58388 
vt 4.99118 2.58388 
vt 8.99118 1.91722 
vt 8.32452 1.91722 
vt 7.65785 1.91722 
vt 6.99118 1.91722 
vt 6.32452 1.91722 
vt 5.65785 1.91722 
vt 4.99118 1.91722 
vt 8.99118 1.25055 
vt 8.32452 1.25055 
vt 7.65785 1.25055 
vt 6.99118 1.25055 
vt 6.32452 1.25055 
vt 5.65785 1.25055 
vt 4.99118 1.25055 
vt 8.99118 0.583884 
vt 8.32452 0.583884 
vt 7.65785 0.583884 
vt 6.99118 0.583884 
vt 6.32452 0.583884 
vt 5.65785 0.583884 
vt 4.99118 0.583884 
vt 8.99118 4.58388 
vt 8.32452 4.58388 
vt 7.65785 4.58388 
vt 6.99118 4.58388 
vt 6.32452 4.58388 
vt 5.65785 4.58388 
vt 4.99118 4.58388 
vt 8.99118 3.91722 
vt 8.32452 3.91722 
vt 7.65785 3.91722 
vt 6.99118 3.91722 
vt 6.32452 3.91722 
vt 5.65785 3.91722 
vt 4.99118 3.91722 
vt 8.99118 3.25055 
vt 8.32452 3.25055 
vt 7.65785 3.25055 
vt 6.99118 3.25055 
vt 6.32452 3.25055 
vt 5.65785 3.25055 
vt 4.99118 3.25055 
vt 8.99118 2.58388 
vt 8.32452 2.58388 
vt 7.65785 2.58388 
vt 6.99118 2.58388 
vt 6.32452 2.58388 
vt 5.65785 2.58388 
vt 4.99118 2.58388 
vt 8.99118 1.91722 
vt 8.32452 1.91722 
vt 7.65785 1.91722 
vt 6.99118 1.91722 
vt 6.32452 1.91722 
vt 5.65785 1.91722 
vt 4.99118 1.91722 
vt 8.99118 1.25055 
vt 8.32452 1.25055 
vt 7.65785 1.25055 
vt 6.99118 1.25055 
vt 6.32452 1.25055 
vt 5.65785 1.25055 
vt 4.99118 1.25055 
vt 8.99118 0.583884 
vt 8.32452 0.583884 
vt 7.65785 0.583884 
vt 6.99118 0.583884 
vt 6.32452 0.583884 
vt 5.65785 0.583884 
vt 4.99118 0.583884 
vt 8.99118 4.58388 
vt 8.32452 4.58388 
vt 7.65785 4.58388 
vt 6.99118 4.58388 
vt 6.32452 4.58388 
vt 5.65785 4.58388 
vt 4.99118 4.58388 
vt 8.99118 3.91722 
vt 8.32452 3.91722 
vt 7.65785 3.91722 
vt 6.99118 3.91722 
vt 6.32452 3.91722 
vt 5.65785 3.91722 
vt 4.99118 3.91722 
vt 8.99118 3.25055 
vt 8.32452 3.25055 
vt 7.65785 3.25055 
vt 6.99118 3.25055 
vt 6.32452 3.25055 
vt 5.65785 3.25055 
vt 4.99118 3.25055 
vt 8.99118 2.58388 
vt 8.32452 2.58388 
vt 7.65785 2.58388 
vt 6.99118 2.58388 
vt 6.32452 2.58388 
vt 5.65785 2.58388 
vt 4.99118 2.58388 
vt 8.99118 1.91722 
vt 8.32452 1.91722 
vt 7.65785 1.91722 
vt 6.99118 1.91722 
vt 6.32452 1.91722 
vt 5.65785 1.91722 
vt 4.99118 1.91722 
vt 8.99118 1.25055 
vt 8.32452 1.25055 
vt 7.65785 1.25055 
vt 6.99118 1.25055 
vt 6.32452 1.25055 
vt 5.65785 1.25055 
vt 4.99118 1.25055 
vt 8.99118 0.583884 
vt 8.32452 0.583884 
vt 7.65785 0.583884 
vt 6.99118 0.583884 
vt 6.32452 0.583884 
vt 5.65785 0.583884 
vt 4.99118 0.583884 
vt 8.99118 4.58388 
vt 8.32452 4.58388 
vt 7.65785 4.58388 
vt 6.99118 4.58388 
vt 6.32452 4.58388 
vt 5.65785 4.58388 
vt 4.99118 4.58388 
vt 8.99118 3.91722 
vt 8.32452 3.91722 
vt 7.65785 3.91722 
vt 6.99118 3.91722 
vt 6.32452 3.91722 
vt 5.65785 3.91722 
vt 4.99118 3.91722 
vt 8.99118 3.25055 
vt 8.32452 3.25055 
vt 7.65785 3.25055 
vt 6.99118 3.25055 
vt 6.32452 3.25055 
vt 5.65785 3.25055 
vt 4.99118 3.25055 
vt 8.99118 2.58388 
vt 8.32452 2.58388 
vt 7.65785 2.58388 
vt 6.99118 2.58388 
vt 6.32452 2.58388 
vt 5.65785 2.58388 
vt 4.99118 2.58388 
vt 8.99118 1.91722 
vt 8.32452 1.91722 
vt 7.65785 1.91722 
vt 6.99118 1.91722 
vt 6.32452 1.91722 
vt 5.65785 1.91722 
vt 4.99118 1.91722 
vt 8.99118 1.25055 
vt 8.32452 1.25055 
vt 7.65785 1.25055 
vt 6.99118 1.25055 
vt 6.32452 1.25055 
vt 5.65785 1.25055 
vt 4.99118 1.25055 
vt 8.99118 0.583884 
vt 8.32452 0.583884 
vt 7.65785 0.583884 
vt 6.99118 0.583884 
vt 6.32452 0.583884 
vt 5.65785 0.583884 
vt 4.99118 0.583884 
vt 8.99118 4.58388 
vt 8.32452 4.58388 
vt 7.65785 4.58388 
vt 6.99118 4.58388 
vt 6.32452 4.58388 
vt 5.65785 4.58388 
vt 4.99118 4.58388 
vt 8.99118 3.91722 
vt 8.32452 3.91722 
vt 7.65785 3.91722 
vt 6.99118 3.91722 
vt 6.32452 3.91722 
vt 5.65785 3.91722 
vt 4.99118 3.91722 
vt 8.99118 3.25055 
vt 8.32452 3.25055 
vt 7.65785 3.25055 
vt 6.99118 3.25055 
vt 6.32452 3.25055 
vt 5.65785 3.25055 
vt 4.99118 3.25055 
vt 8.99118 2.58388 
vt 8.32452 2.58388 
vt 7.65785 2.58388 
vt 6.99118 2.58388 
vt 6.32452 2.58388 
vt 5.65785 2.58388 
vt 4.99118 2.58388 
vt 8.99118 1.91722 
vt 8.32452 1.91722 
vt 7.65785 1.91722 
vt 6.99118 1.91722 
vt 6.32452 1.91722 
vt 5.65785 1.91722 
vt 4.99118 1.91722 
vt 8.99118 1.25055 
vt 8.32452 1.25055 
vt 7.65785 1.25055 
vt 6.99118 1.25055 
vt 6.32452 1.25055 
vt 5.65785 1.25055 
vt 4.99118 1.25055 
vt 8.99118 0.583884 
vt 8.32452 0.583884 
vt 7.65785 0.583884 
vt 6.99118 0.583884 
vt 6.32452 0.583884 
vt 5.65785 0.583884 
vt 4.99118 0.583884 
vt 8.99118 4.58388 
vt 8.32452 4.58388 
vt 7.65785 4.58388 
vt 6.99118 4.58388 
vt 6.32452 4.58388 
vt 5.65785 4.58388 
vt 4.99118 4.58388 
vt 8.99118 3.91722 
vt 8.32452 3.91722 
vt 7.65785 3.91722 
vt 6.99118 3.91722 
vt 6.32452 3.91722 
vt 5.65785 3.91722 
vt 4.99118 3.91722 
vt 8.99118 3.25055 
vt 8.32452 3.25055 
vt 7.65785 3.25055 
vt 6.99118 3.25055 
vt 6.32452 3.25055 
vt 5.65785 3.25055 
vt 4.99118 3.25055 
vt 8.99118 2.58388 
vt 8.32452 2.58388 
vt 7.65785 2.58388 
vt 6.99118 2.58388 
vt 6.32452 2.58388 
vt 5.65785 2.58388 
vt 4.99118 2.58388 
vt 8.99118 1.91722 
vt 8.32452 1.91722 
vt 7.65785 1.91722 
vt 6.99118 1.91722 
vt 6.32452 1.91722 
vt 5.65785 1.91722 
vt 4.99118 1.91722 
vt 8.99118 1.25055 
vt 8.32452 1.25055 
vt 7.65785 1.25055 
vt 6.99118 1.25055 
vt 6.32452 1.25055 
vt 5.65785 1.25055 
vt 4.99118 1.25055 
vt 8.99118 0.583884 
vt 8.32452 0.583884 
vt 7.65785 0.583884 
vt 6.99118 0.583884 
vt 6.32452 0.583884 
vt 5.65785 0.583884 
vt 4.99118 0.583884 

usemtl 11Mtl

f 1519/1519/1519 1520/1520/1520 1526/1526/1526 
f 1526/1526/1526 1520/1520/1520 1527/1527/1527 
f 1520/1520/1520 1521/1521/1521 1527/1527/1527 
f 1527/1527/1527 1521/1521/1521 1528/1528/1528 
f 1521/1521/1521 1522/1522/1522 1528/1528/1528 
f 1528/1528/1528 1522/1522/1522 1529/1529/1529 
f 1522/1522/1522 1523/1523/1523 1529/1529/1529 
f 1529/1529/1529 1523/1523/1523 1530/1530/1530 
f 1523/1523/1523 1524/1524/1524 1530/1530/1530 
f 1530/1530/1530 1524/1524/1524 1531/1531/1531 
f 1524/1524/1524 1525/1525/1525 1531/1531/1531 
f 1531/1531/1531 1525/1525/1525 1532/1532/1532 
f 1526/1526/1526 1527/1527/1527 1533/1533/1533 
f 1533/1533/1533 1527/1527/1527 1534/1534/1534 
f 1527/1527/1527 1528/1528/1528 1534/1534/1534 
f 1534/1534/1534 1528/1528/1528 1535/1535/1535 
f 1528/1528/1528 1529/1529/1529 1535/1535/1535 
f 1535/1535/1535 1529/1529/1529 1536/1536/1536 
f 1529/1529/1529 1530/1530/1530 1536/1536/1536 
f 1536/1536/1536 1530/1530/1530 1537/1537/1537 
f 1530/1530/1530 1531/1531/1531 1537/1537/1537 
f 1537/1537/1537 1531/1531/1531 1538/1538/1538 
f 1531/1531/1531 1532/1532/1532 1538/1538/1538 
f 1538/1538/1538 1532/1532/1532 1539/1539/1539 
f 1533/1533/1533 1534/1534/1534 1540/1540/1540 
f 1540/1540/1540 1534/1534/1534 1541/1541/1541 
f 1534/1534/1534 1535/1535/1535 1541/1541/1541 
f 1541/1541/1541 1535/1535/1535 1542/1542/1542 
f 1535/1535/1535 1536/1536/1536 1542/1542/1542 
f 1542/1542/1542 1536/1536/1536 1543/1543/1543 
f 1536/1536/1536 1537/1537/1537 1543/1543/1543 
f 1543/1543/1543 1537/1537/1537 1544/1544/1544 
f 1537/1537/1537 1538/1538/1538 1544/1544/1544 
f 1544/1544/1544 1538/1538/1538 1545/1545/1545 
f 1538/1538/1538 1539/1539/1539 1545/1545/1545 
f 1545/1545/1545 1539/1539/1539 1546/1546/1546 
f 1540/1540/1540 1541/1541/1541 1547/1547/1547 
f 1547/1547/1547 1541/1541/1541 1548/1548/1548 
f 1541/1541/1541 1542/1542/1542 1548/1548/1548 
f 1548/1548/1548 1542/1542/1542 1549/1549/1549 
f 1542/1542/1542 1543/1543/1543 1549/1549/1549 
f 1549/1549/1549 1543/1543/1543 1550/1550/1550 
f 1543/1543/1543 1544/1544/1544 1550/1550/1550 
f 1550/1550/1550 1544/1544/1544 1551/1551/1551 
f 1544/1544/1544 1545/1545/1545 1551/1551/1551 
f 1551/1551/1551 1545/1545/1545 1552/1552/1552 
f 1545/1545/1545 1546/1546/1546 1552/1552/1552 
f 1552/1552/1552 1546/1546/1546 1553/1553/1553 
f 1547/1547/1547 1548/1548/1548 1554/1554/1554 
f 1554/1554/1554 1548/1548/1548 1555/1555/1555 
f 1548/1548/1548 1549/1549/1549 1555/1555/1555 
f 1555/1555/1555 1549/1549/1549 1556/1556/1556 
f 1549/1549/1549 1550/1550/1550 1556/1556/1556 
f 1556/1556/1556 1550/1550/1550 1557/1557/1557 
f 1550/1550/1550 1551/1551/1551 1557/1557/1557 
f 1557/1557/1557 1551/1551/1551 1558/1558/1558 
f 1551/1551/1551 1552/1552/1552 1558/1558/1558 
f 1558/1558/1558 1552/1552/1552 1559/1559/1559 
f 1552/1552/1552 1553/1553/1553 1559/1559/1559 
f 1559/1559/1559 1553/1553/1553 1560/1560/1560 
f 1554/1554/1554 1555/1555/1555 1561/1561/1561 
f 1561/1561/1561 1555/1555/1555 1562/1562/1562 
f 1555/1555/1555 1556/1556/1556 1562/1562/1562 
f 1562/1562/1562 1556/1556/1556 1563/1563/1563 
f 1556/1556/1556 1557/1557/1557 1563/1563/1563 
f 1563/1563/1563 1557/1557/1557 1564/1564/1564 
f 1557/1557/1557 1558/1558/1558 1564/1564/1564 
f 1564/1564/1564 1558/1558/1558 1565/1565/1565 
f 1558/1558/1558 1559/1559/1559 1565/1565/1565 
f 1565/1565/1565 1559/1559/1559 1566/1566/1566 
f 1559/1559/1559 1560/1560/1560 1566/1566/1566 
f 1566/1566/1566 1560/1560/1560 1567/1567/1567 
f 1568/1568/1568 1569/1569/1569 1575/1575/1575 
f 1575/1575/1575 1569/1569/1569 1576/1576/1576 
f 1569/1569/1569 1570/1570/1570 1576/1576/1576 
f 1576/1576/1576 1570/1570/1570 1577/1577/1577 
f 1570/1570/1570 1571/1571/1571 1577/1577/1577 
f 1577/1577/1577 1571/1571/1571 1578/1578/1578 
f 1571/1571/1571 1572/1572/1572 1578/1578/1578 
f 1578/1578/1578 1572/1572/1572 1579/1579/1579 
f 1572/1572/1572 1573/1573/1573 1579/1579/1579 
f 1579/1579/1579 1573/1573/1573 1580/1580/1580 
f 1573/1573/1573 1574/1574/1574 1580/1580/1580 
f 1580/1580/1580 1574/1574/1574 1581/1581/1581 
f 1575/1575/1575 1576/1576/1576 1582/1582/1582 
f 1582/1582/1582 1576/1576/1576 1583/1583/1583 
f 1576/1576/1576 1577/1577/1577 1583/1583/1583 
f 1583/1583/1583 1577/1577/1577 1584/1584/1584 
f 1577/1577/1577 1578/1578/1578 1584/1584/1584 
f 1584/1584/1584 1578/1578/1578 1585/1585/1585 
f 1578/1578/1578 1579/1579/1579 1585/1585/1585 
f 1585/1585/1585 1579/1579/1579 1586/1586/1586 
f 1579/1579/1579 1580/1580/1580 1586/1586/1586 
f 1586/1586/1586 1580/1580/1580 1587/1587/1587 
f 1580/1580/1580 1581/1581/1581 1587/1587/1587 
f 1587/1587/1587 1581/1581/1581 1588/1588/1588 
f 1582/1582/1582 1583/1583/1583 1589/1589/1589 
f 1589/1589/1589 1583/1583/1583 1590/1590/1590 
f 1583/1583/1583 1584/1584/1584 1590/1590/1590 
f 1590/1590/1590 1584/1584/1584 1591/1591/1591 
f 1584/1584/1584 1585/1585/1585 1591/1591/1591 
f 1591/1591/1591 1585/1585/1585 1592/1592/1592 
f 1585/1585/1585 1586/1586/1586 1592/1592/1592 
f 1592/1592/1592 1586/1586/1586 1593/1593/1593 
f 1586/1586/1586 1587/1587/1587 1593/1593/1593 
f 1593/1593/1593 1587/1587/1587 1594/1594/1594 
f 1587/1587/1587 1588/1588/1588 1594/1594/1594 
f 1594/1594/1594 1588/1588/1588 1595/1595/1595 
f 1589/1589/1589 1590/1590/1590 1596/1596/1596 
f 1596/1596/1596 1590/1590/1590 1597/1597/1597 
f 1590/1590/1590 1591/1591/1591 1597/1597/1597 
f 1597/1597/1597 1591/1591/1591 1598/1598/1598 
f 1591/1591/1591 1592/1592/1592 1598/1598/1598 
f 1598/1598/1598 1592/1592/1592 1599/1599/1599 
f 1592/1592/1592 1593/1593/1593 1599/1599/1599 
f 1599/1599/1599 1593/1593/1593 1600/1600/1600 
f 1593/1593/1593 1594/1594/1594 1600/1600/1600 
f 1600/1600/1600 1594/1594/1594 1601/1601/1601 
f 1594/1594/1594 1595/1595/1595 1601/1601/1601 
f 1601/1601/1601 1595/1595/1595 1602/1602/1602 
f 1596/1596/1596 1597/1597/1597 1603/1603/1603 
f 1603/1603/1603 1597/1597/1597 1604/1604/1604 
f 1597/1597/1597 1598/1598/1598 1604/1604/1604 
f 1604/1604/1604 1598/1598/1598 1605/1605/1605 
f 1598/1598/1598 1599/1599/1599 1605/1605/1605 
f 1605/1605/1605 1599/1599/1599 1606/1606/1606 
f 1599/1599/1599 1600/1600/1600 1606/1606/1606 
f 1606/1606/1606 1600/1600/1600 1607/1607/1607 
f 1600/1600/1600 1601/1601/1601 1607/1607/1607 
f 1607/1607/1607 1601/1601/1601 1608/1608/1608 
f 1601/1601/1601 1602/1602/1602 1608/1608/1608 
f 1608/1608/1608 1602/1602/1602 1609/1609/1609 
f 1603/1603/1603 1604/1604/1604 1610/1610/1610 
f 1610/1610/1610 1604/1604/1604 1611/1611/1611 
f 1604/1604/1604 1605/1605/1605 1611/1611/1611 
f 1611/1611/1611 1605/1605/1605 1612/1612/1612 
f 1605/1605/1605 1606/1606/1606 1612/1612/1612 
f 1612/1612/1612 1606/1606/1606 1613/1613/1613 
f 1606/1606/1606 1607/1607/1607 1613/1613/1613 
f 1613/1613/1613 1607/1607/1607 1614/1614/1614 
f 1607/1607/1607 1608/1608/1608 1614/1614/1614 
f 1614/1614/1614 1608/1608/1608 1615/1615/1615 
f 1608/1608/1608 1609/1609/1609 1615/1615/1615 
f 1615/1615/1615 1609/1609/1609 1616/1616/1616 
f 1617/1617/1617 1618/1618/1618 1624/1624/1624 
f 1624/1624/1624 1618/1618/1618 1625/1625/1625 
f 1618/1618/1618 1619/1619/1619 1625/1625/1625 
f 1625/1625/1625 1619/1619/1619 1626/1626/1626 
f 1619/1619/1619 1620/1620/1620 1626/1626/1626 
f 1626/1626/1626 1620/1620/1620 1627/1627/1627 
f 1620/1620/1620 1621/1621/1621 1627/1627/1627 
f 1627/1627/1627 1621/1621/1621 1628/1628/1628 
f 1621/1621/1621 1622/1622/1622 1628/1628/1628 
f 1628/1628/1628 1622/1622/1622 1629/1629/1629 
f 1622/1622/1622 1623/1623/1623 1629/1629/1629 
f 1629/1629/1629 1623/1623/1623 1630/1630/1630 
f 1624/1624/1624 1625/1625/1625 1631/1631/1631 
f 1631/1631/1631 1625/1625/1625 1632/1632/1632 
f 1625/1625/1625 1626/1626/1626 1632/1632/1632 
f 1632/1632/1632 1626/1626/1626 1633/1633/1633 
f 1626/1626/1626 1627/1627/1627 1633/1633/1633 
f 1633/1633/1633 1627/1627/1627 1634/1634/1634 
f 1627/1627/1627 1628/1628/1628 1634/1634/1634 
f 1634/1634/1634 1628/1628/1628 1635/1635/1635 
f 1628/1628/1628 1629/1629/1629 1635/1635/1635 
f 1635/1635/1635 1629/1629/1629 1636/1636/1636 
f 1629/1629/1629 1630/1630/1630 1636/1636/1636 
f 1636/1636/1636 1630/1630/1630 1637/1637/1637 
f 1631/1631/1631 1632/1632/1632 1638/1638/1638 
f 1638/1638/1638 1632/1632/1632 1639/1639/1639 
f 1632/1632/1632 1633/1633/1633 1639/1639/1639 
f 1639/1639/1639 1633/1633/1633 1640/1640/1640 
f 1633/1633/1633 1634/1634/1634 1640/1640/1640 
f 1640/1640/1640 1634/1634/1634 1641/1641/1641 
f 1634/1634/1634 1635/1635/1635 1641/1641/1641 
f 1641/1641/1641 1635/1635/1635 1642/1642/1642 
f 1635/1635/1635 1636/1636/1636 1642/1642/1642 
f 1642/1642/1642 1636/1636/1636 1643/1643/1643 
f 1636/1636/1636 1637/1637/1637 1643/1643/1643 
f 1643/1643/1643 1637/1637/1637 1644/1644/1644 
f 1638/1638/1638 1639/1639/1639 1645/1645/1645 
f 1645/1645/1645 1639/1639/1639 1646/1646/1646 
f 1639/1639/1639 1640/1640/1640 1646/1646/1646 
f 1646/1646/1646 1640/1640/1640 1647/1647/1647 
f 1640/1640/1640 1641/1641/1641 1647/1647/1647 
f 1647/1647/1647 1641/1641/1641 1648/1648/1648 
f 1641/1641/1641 1642/1642/1642 1648/1648/1648 
f 1648/1648/1648 1642/1642/1642 1649/1649/1649 
f 1642/1642/1642 1643/1643/1643 1649/1649/1649 
f 1649/1649/1649 1643/1643/1643 1650/1650/1650 
f 1643/1643/1643 1644/1644/1644 1650/1650/1650 
f 1650/1650/1650 1644/1644/1644 1651/1651/1651 
f 1645/1645/1645 1646/1646/1646 1652/1652/1652 
f 1652/1652/1652 1646/1646/1646 1653/1653/1653 
f 1646/1646/1646 1647/1647/1647 1653/1653/1653 
f 1653/1653/1653 1647/1647/1647 1654/1654/1654 
f 1647/1647/1647 1648/1648/1648 1654/1654/1654 
f 1654/1654/1654 1648/1648/1648 1655/1655/1655 
f 1648/1648/1648 1649/1649/1649 1655/1655/1655 
f 1655/1655/1655 1649/1649/1649 1656/1656/1656 
f 1649/1649/1649 1650/1650/1650 1656/1656/1656 
f 1656/1656/1656 1650/1650/1650 1657/1657/1657 
f 1650/1650/1650 1651/1651/1651 1657/1657/1657 
f 1657/1657/1657 1651/1651/1651 1658/1658/1658 
f 1652/1652/1652 1653/1653/1653 1659/1659/1659 
f 1659/1659/1659 1653/1653/1653 1660/1660/1660 
f 1653/1653/1653 1654/1654/1654 1660/1660/1660 
f 1660/1660/1660 1654/1654/1654 1661/1661/1661 
f 1654/1654/1654 1655/1655/1655 1661/1661/1661 
f 1661/1661/1661 1655/1655/1655 1662/1662/1662 
f 1655/1655/1655 1656/1656/1656 1662/1662/1662 
f 1662/1662/1662 1656/1656/1656 1663/1663/1663 
f 1656/1656/1656 1657/1657/1657 1663/1663/1663 
f 1663/1663/1663 1657/1657/1657 1664/1664/1664 
f 1657/1657/1657 1658/1658/1658 1664/1664/1664 
f 1664/1664/1664 1658/1658/1658 1665/1665/1665 
f 1666/1666/1666 1667/1667/1667 1673/1673/1673 
f 1673/1673/1673 1667/1667/1667 1674/1674/1674 
f 1667/1667/1667 1668/1668/1668 1674/1674/1674 
f 1674/1674/1674 1668/1668/1668 1675/1675/1675 
f 1668/1668/1668 1669/1669/1669 1675/1675/1675 
f 1675/1675/1675 1669/1669/1669 1676/1676/1676 
f 1669/1669/1669 1670/1670/1670 1676/1676/1676 
f 1676/1676/1676 1670/1670/1670 1677/1677/1677 
f 1670/1670/1670 1671/1671/1671 1677/1677/1677 
f 1677/1677/1677 1671/1671/1671 1678/1678/1678 
f 1671/1671/1671 1672/1672/1672 1678/1678/1678 
f 1678/1678/1678 1672/1672/1672 1679/1679/1679 
f 1673/1673/1673 1674/1674/1674 1680/1680/1680 
f 1680/1680/1680 1674/1674/1674 1681/1681/1681 
f 1674/1674/1674 1675/1675/1675 1681/1681/1681 
f 1681/1681/1681 1675/1675/1675 1682/1682/1682 
f 1675/1675/1675 1676/1676/1676 1682/1682/1682 
f 1682/1682/1682 1676/1676/1676 1683/1683/1683 
f 1676/1676/1676 1677/1677/1677 1683/1683/1683 
f 1683/1683/1683 1677/1677/1677 1684/1684/1684 
f 1677/1677/1677 1678/1678/1678 1684/1684/1684 
f 1684/1684/1684 1678/1678/1678 1685/1685/1685 
f 1678/1678/1678 1679/1679/1679 1685/1685/1685 
f 1685/1685/1685 1679/1679/1679 1686/1686/1686 
f 1680/1680/1680 1681/1681/1681 1687/1687/1687 
f 1687/1687/1687 1681/1681/1681 1688/1688/1688 
f 1681/1681/1681 1682/1682/1682 1688/1688/1688 
f 1688/1688/1688 1682/1682/1682 1689/1689/1689 
f 1682/1682/1682 1683/1683/1683 1689/1689/1689 
f 1689/1689/1689 1683/1683/1683 1690/1690/1690 
f 1683/1683/1683 1684/1684/1684 1690/1690/1690 
f 1690/1690/1690 1684/1684/1684 1691/1691/1691 
f 1684/1684/1684 1685/1685/1685 1691/1691/1691 
f 1691/1691/1691 1685/1685/1685 1692/1692/1692 
f 1685/1685/1685 1686/1686/1686 1692/1692/1692 
f 1692/1692/1692 1686/1686/1686 1693/1693/1693 
f 1687/1687/1687 1688/1688/1688 1694/1694/1694 
f 1694/1694/1694 1688/1688/1688 1695/1695/1695 
f 1688/1688/1688 1689/1689/1689 1695/1695/1695 
f 1695/1695/1695 1689/1689/1689 1696/1696/1696 
f 1689/1689/1689 1690/1690/1690 1696/1696/1696 
f 1696/1696/1696 1690/1690/1690 1697/1697/1697 
f 1690/1690/1690 1691/1691/1691 1697/1697/1697 
f 1697/1697/1697 1691/1691/1691 1698/1698/1698 
f 1691/1691/1691 1692/1692/1692 1698/1698/1698 
f 1698/1698/1698 1692/1692/1692 1699/1699/1699 
f 1692/1692/1692 1693/1693/1693 1699/1699/1699 
f 1699/1699/1699 1693/1693/1693 1700/1700/1700 
f 1694/1694/1694 1695/1695/1695 1701/1701/1701 
f 1701/1701/1701 1695/1695/1695 1702/1702/1702 
f 1695/1695/1695 1696/1696/1696 1702/1702/1702 
f 1702/1702/1702 1696/1696/1696 1703/1703/1703 
f 1696/1696/1696 1697/1697/1697 1703/1703/1703 
f 1703/1703/1703 1697/1697/1697 1704/1704/1704 
f 1697/1697/1697 1698/1698/1698 1704/1704/1704 
f 1704/1704/1704 1698/1698/1698 1705/1705/1705 
f 1698/1698/1698 1699/1699/1699 1705/1705/1705 
f 1705/1705/1705 1699/1699/1699 1706/1706/1706 
f 1699/1699/1699 1700/1700/1700 1706/1706/1706 
f 1706/1706/1706 1700/1700/1700 1707/1707/1707 
f 1701/1701/1701 1702/1702/1702 1708/1708/1708 
f 1708/1708/1708 1702/1702/1702 1709/1709/1709 
f 1702/1702/1702 1703/1703/1703 1709/1709/1709 
f 1709/1709/1709 1703/1703/1703 1710/1710/1710 
f 1703/1703/1703 1704/1704/1704 1710/1710/1710 
f 1710/1710/1710 1704/1704/1704 1711/1711/1711 
f 1704/1704/1704 1705/1705/1705 1711/1711/1711 
f 1711/1711/1711 1705/1705/1705 1712/1712/1712 
f 1705/1705/1705 1706/1706/1706 1712/1712/1712 
f 1712/1712/1712 1706/1706/1706 1713/1713/1713 
f 1706/1706/1706 1707/1707/1707 1713/1713/1713 
f 1713/1713/1713 1707/1707/1707 1714/1714/1714 
f 1715/1715/1715 1716/1716/1716 1722/1722/1722 
f 1722/1722/1722 1716/1716/1716 1723/1723/1723 
f 1716/1716/1716 1717/1717/1717 1723/1723/1723 
f 1723/1723/1723 1717/1717/1717 1724/1724/1724 
f 1717/1717/1717 1718/1718/1718 1724/1724/1724 
f 1724/1724/1724 1718/1718/1718 1725/1725/1725 
f 1718/1718/1718 1719/1719/1719 1725/1725/1725 
f 1725/1725/1725 1719/1719/1719 1726/1726/1726 
f 1719/1719/1719 1720/1720/1720 1726/1726/1726 
f 1726/1726/1726 1720/1720/1720 1727/1727/1727 
f 1720/1720/1720 1721/1721/1721 1727/1727/1727 
f 1727/1727/1727 1721/1721/1721 1728/1728/1728 
f 1722/1722/1722 1723/1723/1723 1729/1729/1729 
f 1729/1729/1729 1723/1723/1723 1730/1730/1730 
f 1723/1723/1723 1724/1724/1724 1730/1730/1730 
f 1730/1730/1730 1724/1724/1724 1731/1731/1731 
f 1724/1724/1724 1725/1725/1725 1731/1731/1731 
f 1731/1731/1731 1725/1725/1725 1732/1732/1732 
f 1725/1725/1725 1726/1726/1726 1732/1732/1732 
f 1732/1732/1732 1726/1726/1726 1733/1733/1733 
f 1726/1726/1726 1727/1727/1727 1733/1733/1733 
f 1733/1733/1733 1727/1727/1727 1734/1734/1734 
f 1727/1727/1727 1728/1728/1728 1734/1734/1734 
f 1734/1734/1734 1728/1728/1728 1735/1735/1735 
f 1729/1729/1729 1730/1730/1730 1736/1736/1736 
f 1736/1736/1736 1730/1730/1730 1737/1737/1737 
f 1730/1730/1730 1731/1731/1731 1737/1737/1737 
f 1737/1737/1737 1731/1731/1731 1738/1738/1738 
f 1731/1731/1731 1732/1732/1732 1738/1738/1738 
f 1738/1738/1738 1732/1732/1732 1739/1739/1739 
f 1732/1732/1732 1733/1733/1733 1739/1739/1739 
f 1739/1739/1739 1733/1733/1733 1740/1740/1740 
f 1733/1733/1733 1734/1734/1734 1740/1740/1740 
f 1740/1740/1740 1734/1734/1734 1741/1741/1741 
f 1734/1734/1734 1735/1735/1735 1741/1741/1741 
f 1741/1741/1741 1735/1735/1735 1742/1742/1742 
f 1736/1736/1736 1737/1737/1737 1743/1743/1743 
f 1743/1743/1743 1737/1737/1737 1744/1744/1744 
f 1737/1737/1737 1738/1738/1738 1744/1744/1744 
f 1744/1744/1744 1738/1738/1738 1745/1745/1745 
f 1738/1738/1738 1739/1739/1739 1745/1745/1745 
f 1745/1745/1745 1739/1739/1739 1746/1746/1746 
f 1739/1739/1739 1740/1740/1740 1746/1746/1746 
f 1746/1746/1746 1740/1740/1740 1747/1747/1747 
f 1740/1740/1740 1741/1741/1741 1747/1747/1747 
f 1747/1747/1747 1741/1741/1741 1748/1748/1748 
f 1741/1741/1741 1742/1742/1742 1748/1748/1748 
f 1748/1748/1748 1742/1742/1742 1749/1749/1749 
f 1743/1743/1743 1744/1744/1744 1750/1750/1750 
f 1750/1750/1750 1744/1744/1744 1751/1751/1751 
f 1744/1744/1744 1745/1745/1745 1751/1751/1751 
f 1751/1751/1751 1745/1745/1745 1752/1752/1752 
f 1745/1745/1745 1746/1746/1746 1752/1752/1752 
f 1752/1752/1752 1746/1746/1746 1753/1753/1753 
f 1746/1746/1746 1747/1747/1747 1753/1753/1753 
f 1753/1753/1753 1747/1747/1747 1754/1754/1754 
f 1747/1747/1747 1748/1748/1748 1754/1754/1754 
f 1754/1754/1754 1748/1748/1748 1755/1755/1755 
f 1748/1748/1748 1749/1749/1749 1755/1755/1755 
f 1755/1755/1755 1749/1749/1749 1756/1756/1756 
f 1750/1750/1750 1751/1751/1751 1757/1757/1757 
f 1757/1757/1757 1751/1751/1751 1758/1758/1758 
f 1751/1751/1751 1752/1752/1752 1758/1758/1758 
f 1758/1758/1758 1752/1752/1752 1759/1759/1759 
f 1752/1752/1752 1753/1753/1753 1759/1759/1759 
f 1759/1759/1759 1753/1753/1753 1760/1760/1760 
f 1753/1753/1753 1754/1754/1754 1760/1760/1760 
f 1760/1760/1760 1754/1754/1754 1761/1761/1761 
f 1754/1754/1754 1755/1755/1755 1761/1761/1761 
f 1761/1761/1761 1755/1755/1755 1762/1762/1762 
f 1755/1755/1755 1756/1756/1756 1762/1762/1762 
f 1762/1762/1762 1756/1756/1756 1763/1763/1763 
f 1764/1764/1764 1765/1765/1765 1771/1771/1771 
f 1771/1771/1771 1765/1765/1765 1772/1772/1772 
f 1765/1765/1765 1766/1766/1766 1772/1772/1772 
f 1772/1772/1772 1766/1766/1766 1773/1773/1773 
f 1766/1766/1766 1767/1767/1767 1773/1773/1773 
f 1773/1773/1773 1767/1767/1767 1774/1774/1774 
f 1767/1767/1767 1768/1768/1768 1774/1774/1774 
f 1774/1774/1774 1768/1768/1768 1775/1775/1775 
f 1768/1768/1768 1769/1769/1769 1775/1775/1775 
f 1775/1775/1775 1769/1769/1769 1776/1776/1776 
f 1769/1769/1769 1770/1770/1770 1776/1776/1776 
f 1776/1776/1776 1770/1770/1770 1777/1777/1777 
f 1771/1771/1771 1772/1772/1772 1778/1778/1778 
f 1778/1778/1778 1772/1772/1772 1779/1779/1779 
f 1772/1772/1772 1773/1773/1773 1779/1779/1779 
f 1779/1779/1779 1773/1773/1773 1780/1780/1780 
f 1773/1773/1773 1774/1774/1774 1780/1780/1780 
f 1780/1780/1780 1774/1774/1774 1781/1781/1781 
f 1774/1774/1774 1775/1775/1775 1781/1781/1781 
f 1781/1781/1781 1775/1775/1775 1782/1782/1782 
f 1775/1775/1775 1776/1776/1776 1782/1782/1782 
f 1782/1782/1782 1776/1776/1776 1783/1783/1783 
f 1776/1776/1776 1777/1777/1777 1783/1783/1783 
f 1783/1783/1783 1777/1777/1777 1784/1784/1784 
f 1778/1778/1778 1779/1779/1779 1785/1785/1785 
f 1785/1785/1785 1779/1779/1779 1786/1786/1786 
f 1779/1779/1779 1780/1780/1780 1786/1786/1786 
f 1786/1786/1786 1780/1780/1780 1787/1787/1787 
f 1780/1780/1780 1781/1781/1781 1787/1787/1787 
f 1787/1787/1787 1781/1781/1781 1788/1788/1788 
f 1781/1781/1781 1782/1782/1782 1788/1788/1788 
f 1788/1788/1788 1782/1782/1782 1789/1789/1789 
f 1782/1782/1782 1783/1783/1783 1789/1789/1789 
f 1789/1789/1789 1783/1783/1783 1790/1790/1790 
f 1783/1783/1783 1784/1784/1784 1790/1790/1790 
f 1790/1790/1790 1784/1784/1784 1791/1791/1791 
f 1785/1785/1785 1786/1786/1786 1792/1792/1792 
f 1792/1792/1792 1786/1786/1786 1793/1793/1793 
f 1786/1786/1786 1787/1787/1787 1793/1793/1793 
f 1793/1793/1793 1787/1787/1787 1794/1794/1794 
f 1787/1787/1787 1788/1788/1788 1794/1794/1794 
f 1794/1794/1794 1788/1788/1788 1795/1795/1795 
f 1788/1788/1788 1789/1789/1789 1795/1795/1795 
f 1795/1795/1795 1789/1789/1789 1796/1796/1796 
f 1789/1789/1789 1790/1790/1790 1796/1796/1796 
f 1796/1796/1796 1790/1790/1790 1797/1797/1797 
f 1790/1790/1790 1791/1791/1791 1797/1797/1797 
f 1797/1797/1797 1791/1791/1791 1798/1798/1798 
f 1792/1792/1792 1793/1793/1793 1799/1799/1799 
f 1799/1799/1799 1793/1793/1793 1800/1800/1800 
f 1793/1793/1793 1794/1794/1794 1800/1800/1800 
f 1800/1800/1800 1794/1794/1794 1801/1801/1801 
f 1794/1794/1794 1795/1795/1795 1801/1801/1801 
f 1801/1801/1801 1795/1795/1795 1802/1802/1802 
f 1795/1795/1795 1796/1796/1796 1802/1802/1802 
f 1802/1802/1802 1796/1796/1796 1803/1803/1803 
f 1796/1796/1796 1797/1797/1797 1803/1803/1803 
f 1803/1803/1803 1797/1797/1797 1804/1804/1804 
f 1797/1797/1797 1798/1798/1798 1804/1804/1804 
f 1804/1804/1804 1798/1798/1798 1805/1805/1805 
f 1799/1799/1799 1800/1800/1800 1806/1806/1806 
f 1806/1806/1806 1800/1800/1800 1807/1807/1807 
f 1800/1800/1800 1801/1801/1801 1807/1807/1807 
f 1807/1807/1807 1801/1801/1801 1808/1808/1808 
f 1801/1801/1801 1802/1802/1802 1808/1808/1808 
f 1808/1808/1808 1802/1802/1802 1809/1809/1809 
f 1802/1802/1802 1803/1803/1803 1809/1809/1809 
f 1809/1809/1809 1803/1803/1803 1810/1810/1810 
f 1803/1803/1803 1804/1804/1804 1810/1810/1810 
f 1810/1810/1810 1804/1804/1804 1811/1811/1811 
f 1804/1804/1804 1805/1805/1805 1811/1811/1811 
f 1811/1811/1811 1805/1805/1805 1812/1812/1812 

g 81

v 113.155 486.155 89.8453 
v 113.279 486.279 90.1472 
v 113.376 486.376 90.5412 
v 113.414 486.414 91 
v 113.376 486.376 91.4588 
v 113.279 486.279 91.8528 
v 113.155 486.155 92.1547 
v 113.279 485.853 89.7208 
v 113.455 485.97 90.0299 
v 113.604 486.069 90.4655 
v 113.664 486.109 91 
v 113.604 486.069 91.5345 
v 113.455 485.97 91.9701 
v 113.279 485.853 92.2792 
v 113.376 485.459 89.6235 
v 113.604 485.535 89.931 
v 113.809 485.603 90.397 
v 113.897 485.632 91 
v 113.809 485.603 91.603 
v 113.604 485.535 92.069 
v 113.376 485.459 92.3765 
v 113.414 485 89.5858 
v 113.664 485 89.8906 
v 113.897 485 90.3675 
v 114 485 91 
v 113.897 485 91.6325 
v 113.664 485 92.1094 
v 113.414 485 92.4142 
v 113.376 484.541 89.6235 
v 113.604 484.465 89.931 
v 113.809 484.397 90.397 
v 113.897 484.368 91 
v 113.809 484.397 91.603 
v 113.604 484.465 92.069 
v 113.376 484.541 92.3765 
v 113.279 484.147 89.7208 
v 113.455 484.03 90.0299 
v 113.604 483.931 90.4655 
v 113.664 483.891 91 
v 113.604 483.931 91.5345 
v 113.455 484.03 91.9701 
v 113.279 484.147 92.2792 
v 113.155 483.845 89.8453 
v 113.279 483.721 90.1472 
v 113.376 483.624 90.5412 
v 113.414 483.586 91 
v 113.376 483.624 91.4588 
v 113.279 483.721 91.8528 
v 113.155 483.845 92.1547 
v 110.845 486.155 92.1547 
v 111.147 486.279 92.2792 
v 111.541 486.376 92.3765 
v 112 486.414 92.4142 
v 112.459 486.376 92.3765 
v 112.853 486.279 92.2792 
v 113.155 486.155 92.1547 
v 110.721 486.279 91.8528 
v 111.03 486.455 91.9701 
v 111.465 486.604 92.069 
v 112 486.664 92.1094 
v 112.535 486.604 92.069 
v 112.97 486.455 91.9701 
v 113.279 486.279 91.8528 
v 110.624 486.376 91.4588 
v 110.931 486.604 91.5345 
v 111.397 486.809 91.603 
v 112 486.897 91.6325 
v 112.603 486.809 91.603 
v 113.069 486.604 91.5345 
v 113.376 486.376 91.4588 
v 110.586 486.414 91 
v 110.891 486.664 91 
v 111.368 486.897 91 
v 112 487 91 
v 112.632 486.897 91 
v 113.109 486.664 91 
v 113.414 486.414 91 
v 110.624 486.376 90.5412 
v 110.931 486.604 90.4655 
v 111.397 486.809 90.397 
v 112 486.897 90.3675 
v 112.603 486.809 90.397 
v 113.069 486.604 90.4655 
v 113.376 486.376 90.5412 
v 110.721 486.279 90.1472 
v 111.03 486.455 90.0299 
v 111.465 486.604 89.931 
v 112 486.664 89.8906 
v 112.535 486.604 89.931 
v 112.97 486.455 90.0299 
v 113.279 486.279 90.1472 
v 110.845 486.155 89.8453 
v 111.147 486.279 89.7208 
v 111.541 486.376 89.6235 
v 112 486.414 89.5858 
v 112.459 486.376 89.6235 
v 112.853 486.279 89.7208 
v 113.155 486.155 89.8453 
v 113.155 486.155 92.1547 
v 112.853 486.279 92.2792 
v 112.459 486.376 92.3765 
v 112 486.414 92.4142 
v 111.541 486.376 92.3765 
v 111.147 486.279 92.2792 
v 110.845 486.155 92.1547 
v 113.279 485.853 92.2792 
v 112.97 485.97 92.4552 
v 112.535 486.069 92.6036 
v 112 486.109 92.6641 
v 111.465 486.069 92.6036 
v 111.03 485.97 92.4552 
v 110.721 485.853 92.2792 
v 113.376 485.459 92.3765 
v 113.069 485.535 92.6036 
v 112.603 485.603 92.8091 
v 112 485.632 92.8974 
v 111.397 485.603 92.8091 
v 110.931 485.535 92.6036 
v 110.624 485.459 92.3765 
v 113.414 485 92.4142 
v 113.109 485 92.6641 
v 112.632 485 92.8974 
v 112 485 93 
v 111.368 485 92.8974 
v 110.891 485 92.6641 
v 110.586 485 92.4142 
v 113.376 484.541 92.3765 
v 113.069 484.465 92.6036 
v 112.603 484.397 92.8091 
v 112 484.368 92.8974 
v 111.397 484.397 92.8091 
v 110.931 484.465 92.6036 
v 110.624 484.541 92.3765 
v 113.279 484.147 92.2792 
v 112.97 484.03 92.4552 
v 112.535 483.931 92.6036 
v 112 483.891 92.6641 
v 111.465 483.931 92.6036 
v 111.03 484.03 92.4552 
v 110.721 484.147 92.2792 
v 113.155 483.845 92.1547 
v 112.853 483.721 92.2792 
v 112.459 483.624 92.3765 
v 112 483.586 92.4142 
v 111.541 483.624 92.3765 
v 111.147 483.721 92.2792 
v 110.845 483.845 92.1547 
v 110.845 486.155 92.1547 
v 110.721 486.279 91.8528 
v 110.624 486.376 91.4588 
v 110.586 486.414 91 
v 110.624 486.376 90.5412 
v 110.721 486.279 90.1472 
v 110.845 486.155 89.8453 
v 110.721 485.853 92.2792 
v 110.545 485.97 91.9701 
v 110.396 486.069 91.5345 
v 110.336 486.109 91 
v 110.396 486.069 90.4655 
v 110.545 485.97 90.0299 
v 110.721 485.853 89.7208 
v 110.624 485.459 92.3765 
v 110.396 485.535 92.069 
v 110.191 485.603 91.603 
v 110.103 485.632 91 
v 110.191 485.603 90.397 
v 110.396 485.535 89.931 
v 110.624 485.459 89.6235 
v 110.586 485 92.4142 
v 110.336 485 92.1094 
v 110.103 485 91.6325 
v 110 485 91 
v 110.103 485 90.3675 
v 110.336 485 89.8906 
v 110.586 485 89.5858 
v 110.624 484.541 92.3765 
v 110.396 484.465 92.069 
v 110.191 484.397 91.603 
v 110.103 484.368 91 
v 110.191 484.397 90.397 
v 110.396 484.465 89.931 
v 110.624 484.541 89.6235 
v 110.721 484.147 92.2792 
v 110.545 484.03 91.9701 
v 110.396 483.931 91.5345 
v 110.336 483.891 91 
v 110.396 483.931 90.4655 
v 110.545 484.03 90.0299 
v 110.721 484.147 89.7208 
v 110.845 483.845 92.1547 
v 110.721 483.721 91.8528 
v 110.624 483.624 91.4588 
v 110.586 483.586 91 
v 110.624 483.624 90.5412 
v 110.721 483.721 90.1472 
v 110.845 483.845 89.8453 
v 110.845 483.845 89.8453 
v 111.147 483.721 89.7208 
v 111.541 483.624 89.6235 
v 112 483.586 89.5858 
v 112.459 483.624 89.6235 
v 112.853 483.721 89.7208 
v 113.155 483.845 89.8453 
v 110.721 483.721 90.1472 
v 111.03 483.545 90.0299 
v 111.465 483.396 89.931 
v 112 483.336 89.8906 
v 112.535 483.396 89.931 
v 112.97 483.545 90.0299 
v 113.279 483.721 90.1472 
v 110.624 483.624 90.5412 
v 110.931 483.396 90.4655 
v 111.397 483.191 90.397 
v 112 483.103 90.3675 
v 112.603 483.191 90.397 
v 113.069 483.396 90.4655 
v 113.376 483.624 90.5412 
v 110.586 483.586 91 
v 110.891 483.336 91 
v 111.368 483.103 91 
v 112 483 91 
v 112.632 483.103 91 
v 113.109 483.336 91 
v 113.414 483.586 91 
v 110.624 483.624 91.4588 
v 110.931 483.396 91.5345 
v 111.397 483.191 91.603 
v 112 483.103 91.6325 
v 112.603 483.191 91.603 
v 113.069 483.396 91.5345 
v 113.376 483.624 91.4588 
v 110.721 483.721 91.8528 
v 111.03 483.545 91.9701 
v 111.465 483.396 92.069 
v 112 483.336 92.1094 
v 112.535 483.396 92.069 
v 112.97 483.545 91.9701 
v 113.279 483.721 91.8528 
v 110.845 483.845 92.1547 
v 111.147 483.721 92.2792 
v 111.541 483.624 92.3765 
v 112 483.586 92.4142 
v 112.459 483.624 92.3765 
v 112.853 483.721 92.2792 
v 113.155 483.845 92.1547 
v 110.845 486.155 89.8453 
v 111.147 486.279 89.7208 
v 111.541 486.376 89.6235 
v 112 486.414 89.5858 
v 112.459 486.376 89.6235 
v 112.853 486.279 89.7208 
v 113.155 486.155 89.8453 
v 110.721 485.853 89.7208 
v 111.03 485.97 89.5448 
v 111.465 486.069 89.3964 
v 112 486.109 89.3359 
v 112.535 486.069 89.3964 
v 112.97 485.97 89.5448 
v 113.279 485.853 89.7208 
v 110.624 485.459 89.6235 
v 110.931 485.535 89.3964 
v 111.397 485.603 89.1909 
v 112 485.632 89.1026 
v 112.603 485.603 89.1909 
v 113.069 485.535 89.3964 
v 113.376 485.459 89.6235 
v 110.586 485 89.5858 
v 110.891 485 89.3359 
v 111.368 485 89.1026 
v 112 485 89 
v 112.632 485 89.1026 
v 113.109 485 89.3359 
v 113.414 485 89.5858 
v 110.624 484.541 89.6235 
v 110.931 484.465 89.3964 
v 111.397 484.397 89.1909 
v 112 484.368 89.1026 
v 112.603 484.397 89.1909 
v 113.069 484.465 89.3964 
v 113.376 484.541 89.6235 
v 110.721 484.147 89.7208 
v 111.03 484.03 89.5448 
v 111.465 483.931 89.3964 
v 112 483.891 89.3359 
v 112.535 483.931 89.3964 
v 112.97 484.03 89.5448 
v 113.279 484.147 89.7208 
v 110.845 483.845 89.8453 
v 111.147 483.721 89.7208 
v 111.541 483.624 89.6235 
v 112 483.586 89.5858 
v 112.459 483.624 89.6235 
v 112.853 483.721 89.7208 
v 113.155 483.845 89.8453 

vn 0.574803 0.574803 -0.574803 
vn 0.637795 0.637795 -0.425197 
vn 0.685039 0.685039 -0.228346 
vn 0.708661 0.708661 0 
vn 0.685039 0.685039 0.228346 
vn 0.637795 0.637795 0.425197 
vn 0.574803 0.574803 0.574803 
vn 0.637795 0.425197 -0.637795 
vn 0.724409 0.488189 -0.488189 
vn 0.80315 0.535433 -0.267717 
vn 0.834646 0.551181 0 
vn 0.80315 0.535433 0.267717 
vn 0.724409 0.488189 0.488189 
vn 0.637795 0.425197 0.637795 
vn 0.685039 0.228346 -0.685039 
vn 0.80315 0.267717 -0.535433 
vn 0.905512 0.299213 -0.299213 
vn 0.944882 0.314961 0 
vn 0.905512 0.299213 0.299213 
vn 0.80315 0.267717 0.535433 
vn 0.685039 0.228346 0.685039 
vn 0.708661 0 -0.708661 
vn 0.834646 0 -0.551181 
vn 0.944882 0 -0.314961 
vn 1 0 0 
vn 0.944882 0 0.314961 
vn 0.834646 0 0.551181 
vn 0.708661 0 0.708661 
vn 0.685039 -0.228346 -0.685039 
vn 0.80315 -0.267717 -0.535433 
vn 0.905512 -0.299213 -0.299213 
vn 0.944882 -0.314961 0 
vn 0.905512 -0.299213 0.299213 
vn 0.80315 -0.267717 0.535433 
vn 0.685039 -0.228346 0.685039 
vn 0.637795 -0.425197 -0.637795 
vn 0.724409 -0.488189 -0.488189 
vn 0.80315 -0.535433 -0.267717 
vn 0.834646 -0.551181 0 
vn 0.80315 -0.535433 0.267717 
vn 0.724409 -0.488189 0.488189 
vn 0.637795 -0.425197 0.637795 
vn 0.574803 -0.574803 -0.574803 
vn 0.637795 -0.637795 -0.425197 
vn 0.685039 -0.685039 -0.228346 
vn 0.708661 -0.708661 0 
vn 0.685039 -0.685039 0.228346 
vn 0.637795 -0.637795 0.425197 
vn 0.574803 -0.574803 0.574803 
vn -0.574803 0.574803 0.574803 
vn -0.425197 0.637795 0.637795 
vn -0.228346 0.685039 0.685039 
vn 0 0.708661 0.708661 
vn 0.228346 0.685039 0.685039 
vn 0.425197 0.637795 0.637795 
vn 0.574803 0.574803 0.574803 
vn -0.637795 0.637795 0.425197 
vn -0.488189 0.724409 0.488189 
vn -0.267717 0.80315 0.535433 
vn 0 0.834646 0.551181 
vn 0.267717 0.80315 0.535433 
vn 0.488189 0.724409 0.488189 
vn 0.637795 0.637795 0.425197 
vn -0.685039 0.685039 0.228346 
vn -0.535433 0.80315 0.267717 
vn -0.299213 0.905512 0.299213 
vn 0 0.944882 0.314961 
vn 0.299213 0.905512 0.299213 
vn 0.535433 0.80315 0.267717 
vn 0.685039 0.685039 0.228346 
vn -0.708661 0.708661 0 
vn -0.551181 0.834646 0 
vn -0.314961 0.944882 0 
vn 0 1 0 
vn 0.314961 0.944882 0 
vn 0.551181 0.834646 0 
vn 0.708661 0.708661 0 
vn -0.685039 0.685039 -0.228346 
vn -0.535433 0.80315 -0.267717 
vn -0.299213 0.905512 -0.299213 
vn 0 0.944882 -0.314961 
vn 0.299213 0.905512 -0.299213 
vn 0.535433 0.80315 -0.267717 
vn 0.685039 0.685039 -0.228346 
vn -0.637795 0.637795 -0.425197 
vn -0.488189 0.724409 -0.488189 
vn -0.267717 0.80315 -0.535433 
vn 0 0.834646 -0.551181 
vn 0.267717 0.80315 -0.535433 
vn 0.488189 0.724409 -0.488189 
vn 0.637795 0.637795 -0.425197 
vn -0.574803 0.574803 -0.574803 
vn -0.425197 0.637795 -0.637795 
vn -0.228346 0.685039 -0.685039 
vn 0 0.708661 -0.708661 
vn 0.228346 0.685039 -0.685039 
vn 0.425197 0.637795 -0.637795 
vn 0.574803 0.574803 -0.574803 
vn 0.574803 0.574803 0.574803 
vn 0.425197 0.637795 0.637795 
vn 0.228346 0.685039 0.685039 
vn 0 0.708661 0.708661 
vn -0.228346 0.685039 0.685039 
vn -0.425197 0.637795 0.637795 
vn -0.574803 0.574803 0.574803 
vn 0.637795 0.425197 0.637795 
vn 0.488189 0.488189 0.724409 
vn 0.267717 0.535433 0.80315 
vn 0 0.551181 0.834646 
vn -0.267717 0.535433 0.80315 
vn -0.488189 0.488189 0.724409 
vn -0.637795 0.425197 0.637795 
vn 0.685039 0.228346 0.685039 
vn 0.535433 0.267717 0.80315 
vn 0.299213 0.299213 0.905512 
vn 0 0.314961 0.944882 
vn -0.299213 0.299213 0.905512 
vn -0.535433 0.267717 0.80315 
vn -0.685039 0.228346 0.685039 
vn 0.708661 0 0.708661 
vn 0.551181 0 0.834646 
vn 0.314961 0 0.944882 
vn 0 0 1 
vn -0.314961 0 0.944882 
vn -0.551181 0 0.834646 
vn -0.708661 0 0.708661 
vn 0.685039 -0.228346 0.685039 
vn 0.535433 -0.267717 0.80315 
vn 0.299213 -0.299213 0.905512 
vn 0 -0.314961 0.944882 
vn -0.299213 -0.299213 0.905512 
vn -0.535433 -0.267717 0.80315 
vn -0.685039 -0.228346 0.685039 
vn 0.637795 -0.425197 0.637795 
vn 0.488189 -0.488189 0.724409 
vn 0.267717 -0.535433 0.80315 
vn 0 -0.551181 0.834646 
vn -0.267717 -0.535433 0.80315 
vn -0.488189 -0.488189 0.724409 
vn -0.637795 -0.425197 0.637795 
vn 0.574803 -0.574803 0.574803 
vn 0.425197 -0.637795 0.637795 
vn 0.228346 -0.685039 0.685039 
vn 0 -0.708661 0.708661 
vn -0.228346 -0.685039 0.685039 
vn -0.425197 -0.637795 0.637795 
vn -0.574803 -0.574803 0.574803 
vn -0.574803 0.574803 0.574803 
vn -0.637795 0.637795 0.425197 
vn -0.685039 0.685039 0.228346 
vn -0.708661 0.708661 0 
vn -0.685039 0.685039 -0.228346 
vn -0.637795 0.637795 -0.425197 
vn -0.574803 0.574803 -0.574803 
vn -0.637795 0.425197 0.637795 
vn -0.724409 0.488189 0.488189 
vn -0.80315 0.535433 0.267717 
vn -0.834646 0.551181 0 
vn -0.80315 0.535433 -0.267717 
vn -0.724409 0.488189 -0.488189 
vn -0.637795 0.425197 -0.637795 
vn -0.685039 0.228346 0.685039 
vn -0.80315 0.267717 0.535433 
vn -0.905512 0.299213 0.299213 
vn -0.944882 0.314961 0 
vn -0.905512 0.299213 -0.299213 
vn -0.80315 0.267717 -0.535433 
vn -0.685039 0.228346 -0.685039 
vn -0.708661 0 0.708661 
vn -0.834646 0 0.551181 
vn -0.944882 0 0.314961 
vn -1 0 0 
vn -0.944882 0 -0.314961 
vn -0.834646 0 -0.551181 
vn -0.708661 0 -0.708661 
vn -0.685039 -0.228346 0.685039 
vn -0.80315 -0.267717 0.535433 
vn -0.905512 -0.299213 0.299213 
vn -0.944882 -0.314961 0 
vn -0.905512 -0.299213 -0.299213 
vn -0.80315 -0.267717 -0.535433 
vn -0.685039 -0.228346 -0.685039 
vn -0.637795 -0.425197 0.637795 
vn -0.724409 -0.488189 0.488189 
vn -0.80315 -0.535433 0.267717 
vn -0.834646 -0.551181 0 
vn -0.80315 -0.535433 -0.267717 
vn -0.724409 -0.488189 -0.488189 
vn -0.637795 -0.425197 -0.637795 
vn -0.574803 -0.574803 0.574803 
vn -0.637795 -0.637795 0.425197 
vn -0.685039 -0.685039 0.228346 
vn -0.708661 -0.708661 0 
vn -0.685039 -0.685039 -0.228346 
vn -0.637795 -0.637795 -0.425197 
vn -0.574803 -0.574803 -0.574803 
vn -0.574803 -0.574803 -0.574803 
vn -0.425197 -0.637795 -0.637795 
vn -0.228346 -0.685039 -0.685039 
vn 0 -0.708661 -0.708661 
vn 0.228346 -0.685039 -0.685039 
vn 0.425197 -0.637795 -0.637795 
vn 0.574803 -0.574803 -0.574803 
vn -0.637795 -0.637795 -0.425197 
vn -0.488189 -0.724409 -0.488189 
vn -0.267717 -0.80315 -0.535433 
vn 0 -0.834646 -0.551181 
vn 0.267717 -0.80315 -0.535433 
vn 0.488189 -0.724409 -0.488189 
vn 0.637795 -0.637795 -0.425197 
vn -0.685039 -0.685039 -0.228346 
vn -0.535433 -0.80315 -0.267717 
vn -0.299213 -0.905512 -0.299213 
vn 0 -0.944882 -0.314961 
vn 0.299213 -0.905512 -0.299213 
vn 0.535433 -0.80315 -0.267717 
vn 0.685039 -0.685039 -0.228346 
vn -0.708661 -0.708661 0 
vn -0.551181 -0.834646 0 
vn -0.314961 -0.944882 0 
vn 0 -1 0 
vn 0.314961 -0.944882 0 
vn 0.551181 -0.834646 0 
vn 0.708661 -0.708661 0 
vn -0.685039 -0.685039 0.228346 
vn -0.535433 -0.80315 0.267717 
vn -0.299213 -0.905512 0.299213 
vn 0 -0.944882 0.314961 
vn 0.299213 -0.905512 0.299213 
vn 0.535433 -0.80315 0.267717 
vn 0.685039 -0.685039 0.228346 
vn -0.637795 -0.637795 0.425197 
vn -0.488189 -0.724409 0.488189 
vn -0.267717 -0.80315 0.535433 
vn 0 -0.834646 0.551181 
vn 0.267717 -0.80315 0.535433 
vn 0.488189 -0.724409 0.488189 
vn 0.637795 -0.637795 0.425197 
vn -0.574803 -0.574803 0.574803 
vn -0.425197 -0.637795 0.637795 
vn -0.228346 -0.685039 0.685039 
vn 0 -0.708661 0.708661 
vn 0.228346 -0.685039 0.685039 
vn 0.425197 -0.637795 0.637795 
vn 0.574803 -0.574803 0.574803 
vn -0.574803 0.574803 -0.574803 
vn -0.425197 0.637795 -0.637795 
vn -0.228346 0.685039 -0.685039 
vn 0 0.708661 -0.708661 
vn 0.228346 0.685039 -0.685039 
vn 0.425197 0.637795 -0.637795 
vn 0.574803 0.574803 -0.574803 
vn -0.637795 0.425197 -0.637795 
vn -0.488189 0.488189 -0.724409 
vn -0.267717 0.535433 -0.80315 
vn 0 0.551181 -0.834646 
vn 0.267717 0.535433 -0.80315 
vn 0.488189 0.488189 -0.724409 
vn 0.637795 0.425197 -0.637795 
vn -0.685039 0.228346 -0.685039 
vn -0.535433 0.267717 -0.80315 
vn -0.299213 0.299213 -0.905512 
vn 0 0.314961 -0.944882 
vn 0.299213 0.299213 -0.905512 
vn 0.535433 0.267717 -0.80315 
vn 0.685039 0.228346 -0.685039 
vn -0.708661 0 -0.708661 
vn -0.551181 0 -0.834646 
vn -0.314961 0 -0.944882 
vn 0 0 -1 
vn 0.314961 0 -0.944882 
vn 0.551181 0 -0.834646 
vn 0.708661 0 -0.708661 
vn -0.685039 -0.228346 -0.685039 
vn -0.535433 -0.267717 -0.80315 
vn -0.299213 -0.299213 -0.905512 
vn 0 -0.314961 -0.944882 
vn 0.299213 -0.299213 -0.905512 
vn 0.535433 -0.267717 -0.80315 
vn 0.685039 -0.228346 -0.685039 
vn -0.637795 -0.425197 -0.637795 
vn -0.488189 -0.488189 -0.724409 
vn -0.267717 -0.535433 -0.80315 
vn 0 -0.551181 -0.834646 
vn 0.267717 -0.535433 -0.80315 
vn 0.488189 -0.488189 -0.724409 
vn 0.637795 -0.425197 -0.637795 
vn -0.574803 -0.574803 -0.574803 
vn -0.425197 -0.637795 -0.637795 
vn -0.228346 -0.685039 -0.685039 
vn 0 -0.708661 -0.708661 
vn 0.228346 -0.685039 -0.685039 
vn 0.425197 -0.637795 -0.637795 
vn 0.574803 -0.574803 -0.574803 

vt 2.50053 -4.53351 
vt 1.83386 -4.53351 
vt 1.16719 -4.53351 
vt 0.500528 -4.53351 
vt -0.166139 -4.53351 
vt -0.832806 -4.53351 
vt -1.49947 -4.53351 
vt 2.50053 -5.20018 
vt 1.83386 -5.20018 
vt 1.16719 -5.20018 
vt 0.500528 -5.20018 
vt -0.166139 -5.20018 
vt -0.832806 -5.20018 
vt -1.49947 -5.20018 
vt 2.50053 -5.86685 
vt 1.83386 -5.86685 
vt 1.16719 -5.86685 
vt 0.500528 -5.86685 
vt -0.166139 -5.86685 
vt -0.832806 -5.86685 
vt -1.49947 -5.86685 
vt 2.50053 -6.53351 
vt 1.83386 -6.53351 
vt 1.16719 -6.53351 
vt 0.500528 -6.53351 
vt -0.166139 -6.53351 
vt -0.832806 -6.53351 
vt -1.49947 -6.53351 
vt 2.50053 -7.20018 
vt 1.83386 -7.20018 
vt 1.16719 -7.20018 
vt 0.500528 -7.20018 
vt -0.166139 -7.20018 
vt -0.832806 -7.20018 
vt -1.49947 -7.20018 
vt 2.50053 -7.86685 
vt 1.83386 -7.86685 
vt 1.16719 -7.86685 
vt 0.500528 -7.86685 
vt -0.166139 -7.86685 
vt -0.832806 -7.86685 
vt -1.49947 -7.86685 
vt 2.50053 -8.53351 
vt 1.83386 -8.53351 
vt 1.16719 -8.53351 
vt 0.500528 -8.53351 
vt -0.166139 -8.53351 
vt -0.832806 -8.53351 
vt -1.49947 -8.53351 
vt 2.50053 -4.53351 
vt 1.83386 -4.53351 
vt 1.16719 -4.53351 
vt 0.500528 -4.53351 
vt -0.166139 -4.53351 
vt -0.832806 -4.53351 
vt -1.49947 -4.53351 
vt 2.50053 -5.20018 
vt 1.83386 -5.20018 
vt 1.16719 -5.20018 
vt 0.500528 -5.20018 
vt -0.166139 -5.20018 
vt -0.832806 -5.20018 
vt -1.49947 -5.20018 
vt 2.50053 -5.86685 
vt 1.83386 -5.86685 
vt 1.16719 -5.86685 
vt 0.500528 -5.86685 
vt -0.166139 -5.86685 
vt -0.832806 -5.86685 
vt -1.49947 -5.86685 
vt 2.50053 -6.53351 
vt 1.83386 -6.53351 
vt 1.16719 -6.53351 
vt 0.500528 -6.53351 
vt -0.166139 -6.53351 
vt -0.832806 -6.53351 
vt -1.49947 -6.53351 
vt 2.50053 -7.20018 
vt 1.83386 -7.20018 
vt 1.16719 -7.20018 
vt 0.500528 -7.20018 
vt -0.166139 -7.20018 
vt -0.832806 -7.20018 
vt -1.49947 -7.20018 
vt 2.50053 -7.86685 
vt 1.83386 -7.86685 
vt 1.16719 -7.86685 
vt 0.500528 -7.86685 
vt -0.166139 -7.86685 
vt -0.832806 -7.86685 
vt -1.49947 -7.86685 
vt 2.50053 -8.53351 
vt 1.83386 -8.53351 
vt 1.16719 -8.53351 
vt 0.500528 -8.53351 
vt -0.166139 -8.53351 
vt -0.832806 -8.53351 
vt -1.49947 -8.53351 
vt 2.50053 -4.53351 
vt 1.83386 -4.53351 
vt 1.16719 -4.53351 
vt 0.500528 -4.53351 
vt -0.166139 -4.53351 
vt -0.832806 -4.53351 
vt -1.49947 -4.53351 
vt 2.50053 -5.20018 
vt 1.83386 -5.20018 
vt 1.16719 -5.20018 
vt 0.500528 -5.20018 
vt -0.166139 -5.20018 
vt -0.832806 -5.20018 
vt -1.49947 -5.20018 
vt 2.50053 -5.86685 
vt 1.83386 -5.86685 
vt 1.16719 -5.86685 
vt 0.500528 -5.86685 
vt -0.166139 -5.86685 
vt -0.832806 -5.86685 
vt -1.49947 -5.86685 
vt 2.50053 -6.53351 
vt 1.83386 -6.53351 
vt 1.16719 -6.53351 
vt 0.500528 -6.53351 
vt -0.166139 -6.53351 
vt -0.832806 -6.53351 
vt -1.49947 -6.53351 
vt 2.50053 -7.20018 
vt 1.83386 -7.20018 
vt 1.16719 -7.20018 
vt 0.500528 -7.20018 
vt -0.166139 -7.20018 
vt -0.832806 -7.20018 
vt -1.49947 -7.20018 
vt 2.50053 -7.86685 
vt 1.83386 -7.86685 
vt 1.16719 -7.86685 
vt 0.500528 -7.86685 
vt -0.166139 -7.86685 
vt -0.832806 -7.86685 
vt -1.49947 -7.86685 
vt 2.50053 -8.53351 
vt 1.83386 -8.53351 
vt 1.16719 -8.53351 
vt 0.500528 -8.53351 
vt -0.166139 -8.53351 
vt -0.832806 -8.53351 
vt -1.49947 -8.53351 
vt 2.50053 -4.53351 
vt 1.83386 -4.53351 
vt 1.16719 -4.53351 
vt 0.500528 -4.53351 
vt -0.166139 -4.53351 
vt -0.832806 -4.53351 
vt -1.49947 -4.53351 
vt 2.50053 -5.20018 
vt 1.83386 -5.20018 
vt 1.16719 -5.20018 
vt 0.500528 -5.20018 
vt -0.166139 -5.20018 
vt -0.832806 -5.20018 
vt -1.49947 -5.20018 
vt 2.50053 -5.86685 
vt 1.83386 -5.86685 
vt 1.16719 -5.86685 
vt 0.500528 -5.86685 
vt -0.166139 -5.86685 
vt -0.832806 -5.86685 
vt -1.49947 -5.86685 
vt 2.50053 -6.53351 
vt 1.83386 -6.53351 
vt 1.16719 -6.53351 
vt 0.500528 -6.53351 
vt -0.166139 -6.53351 
vt -0.832806 -6.53351 
vt -1.49947 -6.53351 
vt 2.50053 -7.20018 
vt 1.83386 -7.20018 
vt 1.16719 -7.20018 
vt 0.500528 -7.20018 
vt -0.166139 -7.20018 
vt -0.832806 -7.20018 
vt -1.49947 -7.20018 
vt 2.50053 -7.86685 
vt 1.83386 -7.86685 
vt 1.16719 -7.86685 
vt 0.500528 -7.86685 
vt -0.166139 -7.86685 
vt -0.832806 -7.86685 
vt -1.49947 -7.86685 
vt 2.50053 -8.53351 
vt 1.83386 -8.53351 
vt 1.16719 -8.53351 
vt 0.500528 -8.53351 
vt -0.166139 -8.53351 
vt -0.832806 -8.53351 
vt -1.49947 -8.53351 
vt 2.50053 -4.53351 
vt 1.83386 -4.53351 
vt 1.16719 -4.53351 
vt 0.500528 -4.53351 
vt -0.166139 -4.53351 
vt -0.832806 -4.53351 
vt -1.49947 -4.53351 
vt 2.50053 -5.20018 
vt 1.83386 -5.20018 
vt 1.16719 -5.20018 
vt 0.500528 -5.20018 
vt -0.166139 -5.20018 
vt -0.832806 -5.20018 
vt -1.49947 -5.20018 
vt 2.50053 -5.86685 
vt 1.83386 -5.86685 
vt 1.16719 -5.86685 
vt 0.500528 -5.86685 
vt -0.166139 -5.86685 
vt -0.832806 -5.86685 
vt -1.49947 -5.86685 
vt 2.50053 -6.53351 
vt 1.83386 -6.53351 
vt 1.16719 -6.53351 
vt 0.500528 -6.53351 
vt -0.166139 -6.53351 
vt -0.832806 -6.53351 
vt -1.49947 -6.53351 
vt 2.50053 -7.20018 
vt 1.83386 -7.20018 
vt 1.16719 -7.20018 
vt 0.500528 -7.20018 
vt -0.166139 -7.20018 
vt -0.832806 -7.20018 
vt -1.49947 -7.20018 
vt 2.50053 -7.86685 
vt 1.83386 -7.86685 
vt 1.16719 -7.86685 
vt 0.500528 -7.86685 
vt -0.166139 -7.86685 
vt -0.832806 -7.86685 
vt -1.49947 -7.86685 
vt 2.50053 -8.53351 
vt 1.83386 -8.53351 
vt 1.16719 -8.53351 
vt 0.500528 -8.53351 
vt -0.166139 -8.53351 
vt -0.832806 -8.53351 
vt -1.49947 -8.53351 
vt 2.50053 -4.53351 
vt 1.83386 -4.53351 
vt 1.16719 -4.53351 
vt 0.500528 -4.53351 
vt -0.166139 -4.53351 
vt -0.832806 -4.53351 
vt -1.49947 -4.53351 
vt 2.50053 -5.20018 
vt 1.83386 -5.20018 
vt 1.16719 -5.20018 
vt 0.500528 -5.20018 
vt -0.166139 -5.20018 
vt -0.832806 -5.20018 
vt -1.49947 -5.20018 
vt 2.50053 -5.86685 
vt 1.83386 -5.86685 
vt 1.16719 -5.86685 
vt 0.500528 -5.86685 
vt -0.166139 -5.86685 
vt -0.832806 -5.86685 
vt -1.49947 -5.86685 
vt 2.50053 -6.53351 
vt 1.83386 -6.53351 
vt 1.16719 -6.53351 
vt 0.500528 -6.53351 
vt -0.166139 -6.53351 
vt -0.832806 -6.53351 
vt -1.49947 -6.53351 
vt 2.50053 -7.20018 
vt 1.83386 -7.20018 
vt 1.16719 -7.20018 
vt 0.500528 -7.20018 
vt -0.166139 -7.20018 
vt -0.832806 -7.20018 
vt -1.49947 -7.20018 
vt 2.50053 -7.86685 
vt 1.83386 -7.86685 
vt 1.16719 -7.86685 
vt 0.500528 -7.86685 
vt -0.166139 -7.86685 
vt -0.832806 -7.86685 
vt -1.49947 -7.86685 
vt 2.50053 -8.53351 
vt 1.83386 -8.53351 
vt 1.16719 -8.53351 
vt 0.500528 -8.53351 
vt -0.166139 -8.53351 
vt -0.832806 -8.53351 
vt -1.49947 -8.53351 

usemtl 11Mtl

f 1813/1813/1813 1814/1814/1814 1820/1820/1820 
f 1820/1820/1820 1814/1814/1814 1821/1821/1821 
f 1814/1814/1814 1815/1815/1815 1821/1821/1821 
f 1821/1821/1821 1815/1815/1815 1822/1822/1822 
f 1815/1815/1815 1816/1816/1816 1822/1822/1822 
f 1822/1822/1822 1816/1816/1816 1823/1823/1823 
f 1816/1816/1816 1817/1817/1817 1823/1823/1823 
f 1823/1823/1823 1817/1817/1817 1824/1824/1824 
f 1817/1817/1817 1818/1818/1818 1824/1824/1824 
f 1824/1824/1824 1818/1818/1818 1825/1825/1825 
f 1818/1818/1818 1819/1819/1819 1825/1825/1825 
f 1825/1825/1825 1819/1819/1819 1826/1826/1826 
f 1820/1820/1820 1821/1821/1821 1827/1827/1827 
f 1827/1827/1827 1821/1821/1821 1828/1828/1828 
f 1821/1821/1821 1822/1822/1822 1828/1828/1828 
f 1828/1828/1828 1822/1822/1822 1829/1829/1829 
f 1822/1822/1822 1823/1823/1823 1829/1829/1829 
f 1829/1829/1829 1823/1823/1823 1830/1830/1830 
f 1823/1823/1823 1824/1824/1824 1830/1830/1830 
f 1830/1830/1830 1824/1824/1824 1831/1831/1831 
f 1824/1824/1824 1825/1825/1825 1831/1831/1831 
f 1831/1831/1831 1825/1825/1825 1832/1832/1832 
f 1825/1825/1825 1826/1826/1826 1832/1832/1832 
f 1832/1832/1832 1826/1826/1826 1833/1833/1833 
f 1827/1827/1827 1828/1828/1828 1834/1834/1834 
f 1834/1834/1834 1828/1828/1828 1835/1835/1835 
f 1828/1828/1828 1829/1829/1829 1835/1835/1835 
f 1835/1835/1835 1829/1829/1829 1836/1836/1836 
f 1829/1829/1829 1830/1830/1830 1836/1836/1836 
f 1836/1836/1836 1830/1830/1830 1837/1837/1837 
f 1830/1830/1830 1831/1831/1831 1837/1837/1837 
f 1837/1837/1837 1831/1831/1831 1838/1838/1838 
f 1831/1831/1831 1832/1832/1832 1838/1838/1838 
f 1838/1838/1838 1832/1832/1832 1839/1839/1839 
f 1832/1832/1832 1833/1833/1833 1839/1839/1839 
f 1839/1839/1839 1833/1833/1833 1840/1840/1840 
f 1834/1834/1834 1835/1835/1835 1841/1841/1841 
f 1841/1841/1841 1835/1835/1835 1842/1842/1842 
f 1835/1835/1835 1836/1836/1836 1842/1842/1842 
f 1842/1842/1842 1836/1836/1836 1843/1843/1843 
f 1836/1836/1836 1837/1837/1837 1843/1843/1843 
f 1843/1843/1843 1837/1837/1837 1844/1844/1844 
f 1837/1837/1837 1838/1838/1838 1844/1844/1844 
f 1844/1844/1844 1838/1838/1838 1845/1845/1845 
f 1838/1838/1838 1839/1839/1839 1845/1845/1845 
f 1845/1845/1845 1839/1839/1839 1846/1846/1846 
f 1839/1839/1839 1840/1840/1840 1846/1846/1846 
f 1846/1846/1846 1840/1840/1840 1847/1847/1847 
f 1841/1841/1841 1842/1842/1842 1848/1848/1848 
f 1848/1848/1848 1842/1842/1842 1849/1849/1849 
f 1842/1842/1842 1843/1843/1843 1849/1849/1849 
f 1849/1849/1849 1843/1843/1843 1850/1850/1850 
f 1843/1843/1843 1844/1844/1844 1850/1850/1850 
f 1850/1850/1850 1844/1844/1844 1851/1851/1851 
f 1844/1844/1844 1845/1845/1845 1851/1851/1851 
f 1851/1851/1851 1845/1845/1845 1852/1852/1852 
f 1845/1845/1845 1846/1846/1846 1852/1852/1852 
f 1852/1852/1852 1846/1846/1846 1853/1853/1853 
f 1846/1846/1846 1847/1847/1847 1853/1853/1853 
f 1853/1853/1853 1847/1847/1847 1854/1854/1854 
f 1848/1848/1848 1849/1849/1849 1855/1855/1855 
f 1855/1855/1855 1849/1849/1849 1856/1856/1856 
f 1849/1849/1849 1850/1850/1850 1856/1856/1856 
f 1856/1856/1856 1850/1850/1850 1857/1857/1857 
f 1850/1850/1850 1851/1851/1851 1857/1857/1857 
f 1857/1857/1857 1851/1851/1851 1858/1858/1858 
f 1851/1851/1851 1852/1852/1852 1858/1858/1858 
f 1858/1858/1858 1852/1852/1852 1859/1859/1859 
f 1852/1852/1852 1853/1853/1853 1859/1859/1859 
f 1859/1859/1859 1853/1853/1853 1860/1860/1860 
f 1853/1853/1853 1854/1854/1854 1860/1860/1860 
f 1860/1860/1860 1854/1854/1854 1861/1861/1861 
f 1862/1862/1862 1863/1863/1863 1869/1869/1869 
f 1869/1869/1869 1863/1863/1863 1870/1870/1870 
f 1863/1863/1863 1864/1864/1864 1870/1870/1870 
f 1870/1870/1870 1864/1864/1864 1871/1871/1871 
f 1864/1864/1864 1865/1865/1865 1871/1871/1871 
f 1871/1871/1871 1865/1865/1865 1872/1872/1872 
f 1865/1865/1865 1866/1866/1866 1872/1872/1872 
f 1872/1872/1872 1866/1866/1866 1873/1873/1873 
f 1866/1866/1866 1867/1867/1867 1873/1873/1873 
f 1873/1873/1873 1867/1867/1867 1874/1874/1874 
f 1867/1867/1867 1868/1868/1868 1874/1874/1874 
f 1874/1874/1874 1868/1868/1868 1875/1875/1875 
f 1869/1869/1869 1870/1870/1870 1876/1876/1876 
f 1876/1876/1876 1870/1870/1870 1877/1877/1877 
f 1870/1870/1870 1871/1871/1871 1877/1877/1877 
f 1877/1877/1877 1871/1871/1871 1878/1878/1878 
f 1871/1871/1871 1872/1872/1872 1878/1878/1878 
f 1878/1878/1878 1872/1872/1872 1879/1879/1879 
f 1872/1872/1872 1873/1873/1873 1879/1879/1879 
f 1879/1879/1879 1873/1873/1873 1880/1880/1880 
f 1873/1873/1873 1874/1874/1874 1880/1880/1880 
f 1880/1880/1880 1874/1874/1874 1881/1881/1881 
f 1874/1874/1874 1875/1875/1875 1881/1881/1881 
f 1881/1881/1881 1875/1875/1875 1882/1882/1882 
f 1876/1876/1876 1877/1877/1877 1883/1883/1883 
f 1883/1883/1883 1877/1877/1877 1884/1884/1884 
f 1877/1877/1877 1878/1878/1878 1884/1884/1884 
f 1884/1884/1884 1878/1878/1878 1885/1885/1885 
f 1878/1878/1878 1879/1879/1879 1885/1885/1885 
f 1885/1885/1885 1879/1879/1879 1886/1886/1886 
f 1879/1879/1879 1880/1880/1880 1886/1886/1886 
f 1886/1886/1886 1880/1880/1880 1887/1887/1887 
f 1880/1880/1880 1881/1881/1881 1887/1887/1887 
f 1887/1887/1887 1881/1881/1881 1888/1888/1888 
f 1881/1881/1881 1882/1882/1882 1888/1888/1888 
f 1888/1888/1888 1882/1882/1882 1889/1889/1889 
f 1883/1883/1883 1884/1884/1884 1890/1890/1890 
f 1890/1890/1890 1884/1884/1884 1891/1891/1891 
f 1884/1884/1884 1885/1885/1885 1891/1891/1891 
f 1891/1891/1891 1885/1885/1885 1892/1892/1892 
f 1885/1885/1885 1886/1886/1886 1892/1892/1892 
f 1892/1892/1892 1886/1886/1886 1893/1893/1893 
f 1886/1886/1886 1887/1887/1887 1893/1893/1893 
f 1893/1893/1893 1887/1887/1887 1894/1894/1894 
f 1887/1887/1887 1888/1888/1888 1894/1894/1894 
f 1894/1894/1894 1888/1888/1888 1895/1895/1895 
f 1888/1888/1888 1889/1889/1889 1895/1895/1895 
f 1895/1895/1895 1889/1889/1889 1896/1896/1896 
f 1890/1890/1890 1891/1891/1891 1897/1897/1897 
f 1897/1897/1897 1891/1891/1891 1898/1898/1898 
f 1891/1891/1891 1892/1892/1892 1898/1898/1898 
f 1898/1898/1898 1892/1892/1892 1899/1899/1899 
f 1892/1892/1892 1893/1893/1893 1899/1899/1899 
f 1899/1899/1899 1893/1893/1893 1900/1900/1900 
f 1893/1893/1893 1894/1894/1894 1900/1900/1900 
f 1900/1900/1900 1894/1894/1894 1901/1901/1901 
f 1894/1894/1894 1895/1895/1895 1901/1901/1901 
f 1901/1901/1901 1895/1895/1895 1902/1902/1902 
f 1895/1895/1895 1896/1896/1896 1902/1902/1902 
f 1902/1902/1902 1896/1896/1896 1903/1903/1903 
f 1897/1897/1897 1898/1898/1898 1904/1904/1904 
f 1904/1904/1904 1898/1898/1898 1905/1905/1905 
f 1898/1898/1898 1899/1899/1899 1905/1905/1905 
f 1905/1905/1905 1899/1899/1899 1906/1906/1906 
f 1899/1899/1899 1900/1900/1900 1906/1906/1906 
f 1906/1906/1906 1900/1900/1900 1907/1907/1907 
f 1900/1900/1900 1901/1901/1901 1907/1907/1907 
f 1907/1907/1907 1901/1901/1901 1908/1908/1908 
f 1901/1901/1901 1902/1902/1902 1908/1908/1908 
f 1908/1908/1908 1902/1902/1902 1909/1909/1909 
f 1902/1902/1902 1903/1903/1903 1909/1909/1909 
f 1909/1909/1909 1903/1903/1903 1910/1910/1910 
f 1911/1911/1911 1912/1912/1912 1918/1918/1918 
f 1918/1918/1918 1912/1912/1912 1919/1919/1919 
f 1912/1912/1912 1913/1913/1913 1919/1919/1919 
f 1919/1919/1919 1913/1913/1913 1920/1920/1920 
f 1913/1913/1913 1914/1914/1914 1920/1920/1920 
f 1920/1920/1920 1914/1914/1914 1921/1921/1921 
f 1914/1914/1914 1915/1915/1915 1921/1921/1921 
f 1921/1921/1921 1915/1915/1915 1922/1922/1922 
f 1915/1915/1915 1916/1916/1916 1922/1922/1922 
f 1922/1922/1922 1916/1916/1916 1923/1923/1923 
f 1916/1916/1916 1917/1917/1917 1923/1923/1923 
f 1923/1923/1923 1917/1917/1917 1924/1924/1924 
f 1918/1918/1918 1919/1919/1919 1925/1925/1925 
f 1925/1925/1925 1919/1919/1919 1926/1926/1926 
f 1919/1919/1919 1920/1920/1920 1926/1926/1926 
f 1926/1926/1926 1920/1920/1920 1927/1927/1927 
f 1920/1920/1920 1921/1921/1921 1927/1927/1927 
f 1927/1927/1927 1921/1921/1921 1928/1928/1928 
f 1921/1921/1921 1922/1922/1922 1928/1928/1928 
f 1928/1928/1928 1922/1922/1922 1929/1929/1929 
f 1922/1922/1922 1923/1923/1923 1929/1929/1929 
f 1929/1929/1929 1923/1923/1923 1930/1930/1930 
f 1923/1923/1923 1924/1924/1924 1930/1930/1930 
f 1930/1930/1930 1924/1924/1924 1931/1931/1931 
f 1925/1925/1925 1926/1926/1926 1932/1932/1932 
f 1932/1932/1932 1926/1926/1926 1933/1933/1933 
f 1926/1926/1926 1927/1927/1927 1933/1933/1933 
f 1933/1933/1933 1927/1927/1927 1934/1934/1934 
f 1927/1927/1927 1928/1928/1928 1934/1934/1934 
f 1934/1934/1934 1928/1928/1928 1935/1935/1935 
f 1928/1928/1928 1929/1929/1929 1935/1935/1935 
f 1935/1935/1935 1929/1929/1929 1936/1936/1936 
f 1929/1929/1929 1930/1930/1930 1936/1936/1936 
f 1936/1936/1936 1930/1930/1930 1937/1937/1937 
f 1930/1930/1930 1931/1931/1931 1937/1937/1937 
f 1937/1937/1937 1931/1931/1931 1938/1938/1938 
f 1932/1932/1932 1933/1933/1933 1939/1939/1939 
f 1939/1939/1939 1933/1933/1933 1940/1940/1940 
f 1933/1933/1933 1934/1934/1934 1940/1940/1940 
f 1940/1940/1940 1934/1934/1934 1941/1941/1941 
f 1934/1934/1934 1935/1935/1935 1941/1941/1941 
f 1941/1941/1941 1935/1935/1935 1942/1942/1942 
f 1935/1935/1935 1936/1936/1936 1942/1942/1942 
f 1942/1942/1942 1936/1936/1936 1943/1943/1943 
f 1936/1936/1936 1937/1937/1937 1943/1943/1943 
f 1943/1943/1943 1937/1937/1937 1944/1944/1944 
f 1937/1937/1937 1938/1938/1938 1944/1944/1944 
f 1944/1944/1944 1938/1938/1938 1945/1945/1945 
f 1939/1939/1939 1940/1940/1940 1946/1946/1946 
f 1946/1946/1946 1940/1940/1940 1947/1947/1947 
f 1940/1940/1940 1941/1941/1941 1947/1947/1947 
f 1947/1947/1947 1941/1941/1941 1948/1948/1948 
f 1941/1941/1941 1942/1942/1942 1948/1948/1948 
f 1948/1948/1948 1942/1942/1942 1949/1949/1949 
f 1942/1942/1942 1943/1943/1943 1949/1949/1949 
f 1949/1949/1949 1943/1943/1943 1950/1950/1950 
f 1943/1943/1943 1944/1944/1944 1950/1950/1950 
f 1950/1950/1950 1944/1944/1944 1951/1951/1951 
f 1944/1944/1944 1945/1945/1945 1951/1951/1951 
f 1951/1951/1951 1945/1945/1945 1952/1952/1952 
f 1946/1946/1946 1947/1947/1947 1953/1953/1953 
f 1953/1953/1953 1947/1947/1947 1954/1954/1954 
f 1947/1947/1947 1948/1948/1948 1954/1954/1954 
f 1954/1954/1954 1948/1948/1948 1955/1955/1955 
f 1948/1948/1948 1949/1949/1949 1955/1955/1955 
f 1955/1955/1955 1949/1949/1949 1956/1956/1956 
f 1949/1949/1949 1950/1950/1950 1956/1956/1956 
f 1956/1956/1956 1950/1950/1950 1957/1957/1957 
f 1950/1950/1950 1951/1951/1951 1957/1957/1957 
f 1957/1957/1957 1951/1951/1951 1958/1958/1958 
f 1951/1951/1951 1952/1952/1952 1958/1958/1958 
f 1958/1958/1958 1952/1952/1952 1959/1959/1959 
f 1960/1960/1960 1961/1961/1961 1967/1967/1967 
f 1967/1967/1967 1961/1961/1961 1968/1968/1968 
f 1961/1961/1961 1962/1962/1962 1968/1968/1968 
f 1968/1968/1968 1962/1962/1962 1969/1969/1969 
f 1962/1962/1962 1963/1963/1963 1969/1969/1969 
f 1969/1969/1969 1963/1963/1963 1970/1970/1970 
f 1963/1963/1963 1964/1964/1964 1970/1970/1970 
f 1970/1970/1970 1964/1964/1964 1971/1971/1971 
f 1964/1964/1964 1965/1965/1965 1971/1971/1971 
f 1971/1971/1971 1965/1965/1965 1972/1972/1972 
f 1965/1965/1965 1966/1966/1966 1972/1972/1972 
f 1972/1972/1972 1966/1966/1966 1973/1973/1973 
f 1967/1967/1967 1968/1968/1968 1974/1974/1974 
f 1974/1974/1974 1968/1968/1968 1975/1975/1975 
f 1968/1968/1968 1969/1969/1969 1975/1975/1975 
f 1975/1975/1975 1969/1969/1969 1976/1976/1976 
f 1969/1969/1969 1970/1970/1970 1976/1976/1976 
f 1976/1976/1976 1970/1970/1970 1977/1977/1977 
f 1970/1970/1970 1971/1971/1971 1977/1977/1977 
f 1977/1977/1977 1971/1971/1971 1978/1978/1978 
f 1971/1971/1971 1972/1972/1972 1978/1978/1978 
f 1978/1978/1978 1972/1972/1972 1979/1979/1979 
f 1972/1972/1972 1973/1973/1973 1979/1979/1979 
f 1979/1979/1979 1973/1973/1973 1980/1980/1980 
f 1974/1974/1974 1975/1975/1975 1981/1981/1981 
f 1981/1981/1981 1975/1975/1975 1982/1982/1982 
f 1975/1975/1975 1976/1976/1976 1982/1982/1982 
f 1982/1982/1982 1976/1976/1976 1983/1983/1983 
f 1976/1976/1976 1977/1977/1977 1983/1983/1983 
f 1983/1983/1983 1977/1977/1977 1984/1984/1984 
f 1977/1977/1977 1978/1978/1978 1984/1984/1984 
f 1984/1984/1984 1978/1978/1978 1985/1985/1985 
f 1978/1978/1978 1979/1979/1979 1985/1985/1985 
f 1985/1985/1985 1979/1979/1979 1986/1986/1986 
f 1979/1979/1979 1980/1980/1980 1986/1986/1986 
f 1986/1986/1986 1980/1980/1980 1987/1987/1987 
f 1981/1981/1981 1982/1982/1982 1988/1988/1988 
f 1988/1988/1988 1982/1982/1982 1989/1989/1989 
f 1982/1982/1982 1983/1983/1983 1989/1989/1989 
f 1989/1989/1989 1983/1983/1983 1990/1990/1990 
f 1983/1983/1983 1984/1984/1984 1990/1990/1990 
f 1990/1990/1990 1984/1984/1984 1991/1991/1991 
f 1984/1984/1984 1985/1985/1985 1991/1991/1991 
f 1991/1991/1991 1985/1985/1985 1992/1992/1992 
f 1985/1985/1985 1986/1986/1986 1992/1992/1992 
f 1992/1992/1992 1986/1986/1986 1993/1993/1993 
f 1986/1986/1986 1987/1987/1987 1993/1993/1993 
f 1993/1993/1993 1987/1987/1987 1994/1994/1994 
f 1988/1988/1988 1989/1989/1989 1995/1995/1995 
f 1995/1995/1995 1989/1989/1989 1996/1996/1996 
f 1989/1989/1989 1990/1990/1990 1996/1996/1996 
f 1996/1996/1996 1990/1990/1990 1997/1997/1997 
f 1990/1990/1990 1991/1991/1991 1997/1997/1997 
f 1997/1997/1997 1991/1991/1991 1998/1998/1998 
f 1991/1991/1991 1992/1992/1992 1998/1998/1998 
f 1998/1998/1998 1992/1992/1992 1999/1999/1999 
f 1992/1992/1992 1993/1993/1993 1999/1999/1999 
f 1999/1999/1999 1993/1993/1993 2000/2000/2000 
f 1993/1993/1993 1994/1994/1994 2000/2000/2000 
f 2000/2000/2000 1994/1994/1994 2001/2001/2001 
f 1995/1995/1995 1996/1996/1996 2002/2002/2002 
f 2002/2002/2002 1996/1996/1996 2003/2003/2003 
f 1996/1996/1996 1997/1997/1997 2003/2003/2003 
f 2003/2003/2003 1997/1997/1997 2004/2004/2004 
f 1997/1997/1997 1998/1998/1998 2004/2004/2004 
f 2004/2004/2004 1998/1998/1998 2005/2005/2005 
f 1998/1998/1998 1999/1999/1999 2005/2005/2005 
f 2005/2005/2005 1999/1999/1999 2006/2006/2006 
f 1999/1999/1999 2000/2000/2000 2006/2006/2006 
f 2006/2006/2006 2000/2000/2000 2007/2007/2007 
f 2000/2000/2000 2001/2001/2001 2007/2007/2007 
f 2007/2007/2007 2001/2001/2001 2008/2008/2008 
f 2009/2009/2009 2010/2010/2010 2016/2016/2016 
f 2016/2016/2016 2010/2010/2010 2017/2017/2017 
f 2010/2010/2010 2011/2011/2011 2017/2017/2017 
f 2017/2017/2017 2011/2011/2011 2018/2018/2018 
f 2011/2011/2011 2012/2012/2012 2018/2018/2018 
f 2018/2018/2018 2012/2012/2012 2019/2019/2019 
f 2012/2012/2012 2013/2013/2013 2019/2019/2019 
f 2019/2019/2019 2013/2013/2013 2020/2020/2020 
f 2013/2013/2013 2014/2014/2014 2020/2020/2020 
f 2020/2020/2020 2014/2014/2014 2021/2021/2021 
f 2014/2014/2014 2015/2015/2015 2021/2021/2021 
f 2021/2021/2021 2015/2015/2015 2022/2022/2022 
f 2016/2016/2016 2017/2017/2017 2023/2023/2023 
f 2023/2023/2023 2017/2017/2017 2024/2024/2024 
f 2017/2017/2017 2018/2018/2018 2024/2024/2024 
f 2024/2024/2024 2018/2018/2018 2025/2025/2025 
f 2018/2018/2018 2019/2019/2019 2025/2025/2025 
f 2025/2025/2025 2019/2019/2019 2026/2026/2026 
f 2019/2019/2019 2020/2020/2020 2026/2026/2026 
f 2026/2026/2026 2020/2020/2020 2027/2027/2027 
f 2020/2020/2020 2021/2021/2021 2027/2027/2027 
f 2027/2027/2027 2021/2021/2021 2028/2028/2028 
f 2021/2021/2021 2022/2022/2022 2028/2028/2028 
f 2028/2028/2028 2022/2022/2022 2029/2029/2029 
f 2023/2023/2023 2024/2024/2024 2030/2030/2030 
f 2030/2030/2030 2024/2024/2024 2031/2031/2031 
f 2024/2024/2024 2025/2025/2025 2031/2031/2031 
f 2031/2031/2031 2025/2025/2025 2032/2032/2032 
f 2025/2025/2025 2026/2026/2026 2032/2032/2032 
f 2032/2032/2032 2026/2026/2026 2033/2033/2033 
f 2026/2026/2026 2027/2027/2027 2033/2033/2033 
f 2033/2033/2033 2027/2027/2027 2034/2034/2034 
f 2027/2027/2027 2028/2028/2028 2034/2034/2034 
f 2034/2034/2034 2028/2028/2028 2035/2035/2035 
f 2028/2028/2028 2029/2029/2029 2035/2035/2035 
f 2035/2035/2035 2029/2029/2029 2036/2036/2036 
f 2030/2030/2030 2031/2031/2031 2037/2037/2037 
f 2037/2037/2037 2031/2031/2031 2038/2038/2038 
f 2031/2031/2031 2032/2032/2032 2038/2038/2038 
f 2038/2038/2038 2032/2032/2032 2039/2039/2039 
f 2032/2032/2032 2033/2033/2033 2039/2039/2039 
f 2039/2039/2039 2033/2033/2033 2040/2040/2040 
f 2033/2033/2033 2034/2034/2034 2040/2040/2040 
f 2040/2040/2040 2034/2034/2034 2041/2041/2041 
f 2034/2034/2034 2035/2035/2035 2041/2041/2041 
f 2041/2041/2041 2035/2035/2035 2042/2042/2042 
f 2035/2035/2035 2036/2036/2036 2042/2042/2042 
f 2042/2042/2042 2036/2036/2036 2043/2043/2043 
f 2037/2037/2037 2038/2038/2038 2044/2044/2044 
f 2044/2044/2044 2038/2038/2038 2045/2045/2045 
f 2038/2038/2038 2039/2039/2039 2045/2045/2045 
f 2045/2045/2045 2039/2039/2039 2046/2046/2046 
f 2039/2039/2039 2040/2040/2040 2046/2046/2046 
f 2046/2046/2046 2040/2040/2040 2047/2047/2047 
f 2040/2040/2040 2041/2041/2041 2047/2047/2047 
f 2047/2047/2047 2041/2041/2041 2048/2048/2048 
f 2041/2041/2041 2042/2042/2042 2048/2048/2048 
f 2048/2048/2048 2042/2042/2042 2049/2049/2049 
f 2042/2042/2042 2043/2043/2043 2049/2049/2049 
f 2049/2049/2049 2043/2043/2043 2050/2050/2050 
f 2044/2044/2044 2045/2045/2045 2051/2051/2051 
f 2051/2051/2051 2045/2045/2045 2052/2052/2052 
f 2045/2045/2045 2046/2046/2046 2052/2052/2052 
f 2052/2052/2052 2046/2046/2046 2053/2053/2053 
f 2046/2046/2046 2047/2047/2047 2053/2053/2053 
f 2053/2053/2053 2047/2047/2047 2054/2054/2054 
f 2047/2047/2047 2048/2048/2048 2054/2054/2054 
f 2054/2054/2054 2048/2048/2048 2055/2055/2055 
f 2048/2048/2048 2049/2049/2049 2055/2055/2055 
f 2055/2055/2055 2049/2049/2049 2056/2056/2056 
f 2049/2049/2049 2050/2050/2050 2056/2056/2056 
f 2056/2056/2056 2050/2050/2050 2057/2057/2057 
f 2058/2058/2058 2059/2059/2059 2065/2065/2065 
f 2065/2065/2065 2059/2059/2059 2066/2066/2066 
f 2059/2059/2059 2060/2060/2060 2066/2066/2066 
f 2066/2066/2066 2060/2060/2060 2067/2067/2067 
f 2060/2060/2060 2061/2061/2061 2067/2067/2067 
f 2067/2067/2067 2061/2061/2061 2068/2068/2068 
f 2061/2061/2061 2062/2062/2062 2068/2068/2068 
f 2068/2068/2068 2062/2062/2062 2069/2069/2069 
f 2062/2062/2062 2063/2063/2063 2069/2069/2069 
f 2069/2069/2069 2063/2063/2063 2070/2070/2070 
f 2063/2063/2063 2064/2064/2064 2070/2070/2070 
f 2070/2070/2070 2064/2064/2064 2071/2071/2071 
f 2065/2065/2065 2066/2066/2066 2072/2072/2072 
f 2072/2072/2072 2066/2066/2066 2073/2073/2073 
f 2066/2066/2066 2067/2067/2067 2073/2073/2073 
f 2073/2073/2073 2067/2067/2067 2074/2074/2074 
f 2067/2067/2067 2068/2068/2068 2074/2074/2074 
f 2074/2074/2074 2068/2068/2068 2075/2075/2075 
f 2068/2068/2068 2069/2069/2069 2075/2075/2075 
f 2075/2075/2075 2069/2069/2069 2076/2076/2076 
f 2069/2069/2069 2070/2070/2070 2076/2076/2076 
f 2076/2076/2076 2070/2070/2070 2077/2077/2077 
f 2070/2070/2070 2071/2071/2071 2077/2077/2077 
f 2077/2077/2077 2071/2071/2071 2078/2078/2078 
f 2072/2072/2072 2073/2073/2073 2079/2079/2079 
f 2079/2079/2079 2073/2073/2073 2080/2080/2080 
f 2073/2073/2073 2074/2074/2074 2080/2080/2080 
f 2080/2080/2080 2074/2074/2074 2081/2081/2081 
f 2074/2074/2074 2075/2075/2075 2081/2081/2081 
f 2081/2081/2081 2075/2075/2075 2082/2082/2082 
f 2075/2075/2075 2076/2076/2076 2082/2082/2082 
f 2082/2082/2082 2076/2076/2076 2083/2083/2083 
f 2076/2076/2076 2077/2077/2077 2083/2083/2083 
f 2083/2083/2083 2077/2077/2077 2084/2084/2084 
f 2077/2077/2077 2078/2078/2078 2084/2084/2084 
f 2084/2084/2084 2078/2078/2078 2085/2085/2085 
f 2079/2079/2079 2080/2080/2080 2086/2086/2086 
f 2086/2086/2086 2080/2080/2080 2087/2087/2087 
f 2080/2080/2080 2081/2081/2081 2087/2087/2087 
f 2087/2087/2087 2081/2081/2081 2088/2088/2088 
f 2081/2081/2081 2082/2082/2082 2088/2088/2088 
f 2088/2088/2088 2082/2082/2082 2089/2089/2089 
f 2082/2082/2082 2083/2083/2083 2089/2089/2089 
f 2089/2089/2089 2083/2083/2083 2090/2090/2090 
f 2083/2083/2083 2084/2084/2084 2090/2090/2090 
f 2090/2090/2090 2084/2084/2084 2091/2091/2091 
f 2084/2084/2084 2085/2085/2085 2091/2091/2091 
f 2091/2091/2091 2085/2085/2085 2092/2092/2092 
f 2086/2086/2086 2087/2087/2087 2093/2093/2093 
f 2093/2093/2093 2087/2087/2087 2094/2094/2094 
f 2087/2087/2087 2088/2088/2088 2094/2094/2094 
f 2094/2094/2094 2088/2088/2088 2095/2095/2095 
f 2088/2088/2088 2089/2089/2089 2095/2095/2095 
f 2095/2095/2095 2089/2089/2089 2096/2096/2096 
f 2089/2089/2089 2090/2090/2090 2096/2096/2096 
f 2096/2096/2096 2090/2090/2090 2097/2097/2097 
f 2090/2090/2090 2091/2091/2091 2097/2097/2097 
f 2097/2097/2097 2091/2091/2091 2098/2098/2098 
f 2091/2091/2091 2092/2092/2092 2098/2098/2098 
f 2098/2098/2098 2092/2092/2092 2099/2099/2099 
f 2093/2093/2093 2094/2094/2094 2100/2100/2100 
f 2100/2100/2100 2094/2094/2094 2101/2101/2101 
f 2094/2094/2094 2095/2095/2095 2101/2101/2101 
f 2101/2101/2101 2095/2095/2095 2102/2102/2102 
f 2095/2095/2095 2096/2096/2096 2102/2102/2102 
f 2102/2102/2102 2096/2096/2096 2103/2103/2103 
f 2096/2096/2096 2097/2097/2097 2103/2103/2103 
f 2103/2103/2103 2097/2097/2097 2104/2104/2104 
f 2097/2097/2097 2098/2098/2098 2104/2104/2104 
f 2104/2104/2104 2098/2098/2098 2105/2105/2105 
f 2098/2098/2098 2099/2099/2099 2105/2105/2105 
f 2105/2105/2105 2099/2099/2099 2106/2106/2106 

g 71

v 77.1547 478.155 65.8453 
v 77.2792 478.279 66.1472 
v 77.3765 478.376 66.5412 
v 77.4142 478.414 67 
v 77.3765 478.376 67.4588 
v 77.2792 478.279 67.8528 
v 77.1547 478.155 68.1547 
v 77.2792 477.853 65.7208 
v 77.4552 477.97 66.0299 
v 77.6036 478.069 66.4655 
v 77.6641 478.109 67 
v 77.6036 478.069 67.5345 
v 77.4552 477.97 67.9701 
v 77.2792 477.853 68.2792 
v 77.3765 477.459 65.6235 
v 77.6036 477.535 65.931 
v 77.8091 477.603 66.397 
v 77.8974 477.632 67 
v 77.8091 477.603 67.603 
v 77.6036 477.535 68.069 
v 77.3765 477.459 68.3765 
v 77.4142 477 65.5858 
v 77.6641 477 65.8906 
v 77.8974 477 66.3675 
v 78 477 67 
v 77.8974 477 67.6325 
v 77.6641 477 68.1094 
v 77.4142 477 68.4142 
v 77.3765 476.541 65.6235 
v 77.6036 476.465 65.931 
v 77.8091 476.397 66.397 
v 77.8974 476.368 67 
v 77.8091 476.397 67.603 
v 77.6036 476.465 68.069 
v 77.3765 476.541 68.3765 
v 77.2792 476.147 65.7208 
v 77.4552 476.03 66.0299 
v 77.6036 475.931 66.4655 
v 77.6641 475.891 67 
v 77.6036 475.931 67.5345 
v 77.4552 476.03 67.9701 
v 77.2792 476.147 68.2792 
v 77.1547 475.845 65.8453 
v 77.2792 475.721 66.1472 
v 77.3765 475.624 66.5412 
v 77.4142 475.586 67 
v 77.3765 475.624 67.4588 
v 77.2792 475.721 67.8528 
v 77.1547 475.845 68.1547 
v 74.8453 478.155 68.1547 
v 75.1472 478.279 68.2792 
v 75.5412 478.376 68.3765 
v 76 478.414 68.4142 
v 76.4588 478.376 68.3765 
v 76.8528 478.279 68.2792 
v 77.1547 478.155 68.1547 
v 74.7208 478.279 67.8528 
v 75.0299 478.455 67.9701 
v 75.4655 478.604 68.069 
v 76 478.664 68.1094 
v 76.5345 478.604 68.069 
v 76.9701 478.455 67.9701 
v 77.2792 478.279 67.8528 
v 74.6235 478.376 67.4588 
v 74.931 478.604 67.5345 
v 75.397 478.809 67.603 
v 76 478.897 67.6325 
v 76.603 478.809 67.603 
v 77.069 478.604 67.5345 
v 77.3765 478.376 67.4588 
v 74.5858 478.414 67 
v 74.8906 478.664 67 
v 75.3675 478.897 67 
v 76 479 67 
v 76.6325 478.897 67 
v 77.1094 478.664 67 
v 77.4142 478.414 67 
v 74.6235 478.376 66.5412 
v 74.931 478.604 66.4655 
v 75.397 478.809 66.397 
v 76 478.897 66.3675 
v 76.603 478.809 66.397 
v 77.069 478.604 66.4655 
v 77.3765 478.376 66.5412 
v 74.7208 478.279 66.1472 
v 75.0299 478.455 66.0299 
v 75.4655 478.604 65.931 
v 76 478.664 65.8906 
v 76.5345 478.604 65.931 
v 76.9701 478.455 66.0299 
v 77.2792 478.279 66.1472 
v 74.8453 478.155 65.8453 
v 75.1472 478.279 65.7208 
v 75.5412 478.376 65.6235 
v 76 478.414 65.5858 
v 76.4588 478.376 65.6235 
v 76.8528 478.279 65.7208 
v 77.1547 478.155 65.8453 
v 77.1547 478.155 68.1547 
v 76.8528 478.279 68.2792 
v 76.4588 478.376 68.3765 
v 76 478.414 68.4142 
v 75.5412 478.376 68.3765 
v 75.1472 478.279 68.2792 
v 74.8453 478.155 68.1547 
v 77.2792 477.853 68.2792 
v 76.9701 477.97 68.4552 
v 76.5345 478.069 68.6036 
v 76 478.109 68.6641 
v 75.4655 478.069 68.6036 
v 75.0299 477.97 68.4552 
v 74.7208 477.853 68.2792 
v 77.3765 477.459 68.3765 
v 77.069 477.535 68.6036 
v 76.603 477.603 68.8091 
v 76 477.632 68.8974 
v 75.397 477.603 68.8091 
v 74.931 477.535 68.6036 
v 74.6235 477.459 68.3765 
v 77.4142 477 68.4142 
v 77.1094 477 68.6641 
v 76.6325 477 68.8974 
v 76 477 69 
v 75.3675 477 68.8974 
v 74.8906 477 68.6641 
v 74.5858 477 68.4142 
v 77.3765 476.541 68.3765 
v 77.069 476.465 68.6036 
v 76.603 476.397 68.8091 
v 76 476.368 68.8974 
v 75.397 476.397 68.8091 
v 74.931 476.465 68.6036 
v 74.6235 476.541 68.3765 
v 77.2792 476.147 68.2792 
v 76.9701 476.03 68.4552 
v 76.5345 475.931 68.6036 
v 76 475.891 68.6641 
v 75.4655 475.931 68.6036 
v 75.0299 476.03 68.4552 
v 74.7208 476.147 68.2792 
v 77.1547 475.845 68.1547 
v 76.8528 475.721 68.2792 
v 76.4588 475.624 68.3765 
v 76 475.586 68.4142 
v 75.5412 475.624 68.3765 
v 75.1472 475.721 68.2792 
v 74.8453 475.845 68.1547 
v 74.8453 478.155 68.1547 
v 74.7208 478.279 67.8528 
v 74.6235 478.376 67.4588 
v 74.5858 478.414 67 
v 74.6235 478.376 66.5412 
v 74.7208 478.279 66.1472 
v 74.8453 478.155 65.8453 
v 74.7208 477.853 68.2792 
v 74.5448 477.97 67.9701 
v 74.3964 478.069 67.5345 
v 74.3359 478.109 67 
v 74.3964 478.069 66.4655 
v 74.5448 477.97 66.0299 
v 74.7208 477.853 65.7208 
v 74.6235 477.459 68.3765 
v 74.3964 477.535 68.069 
v 74.1909 477.603 67.603 
v 74.1026 477.632 67 
v 74.1909 477.603 66.397 
v 74.3964 477.535 65.931 
v 74.6235 477.459 65.6235 
v 74.5858 477 68.4142 
v 74.3359 477 68.1094 
v 74.1026 477 67.6325 
v 74 477 67 
v 74.1026 477 66.3675 
v 74.3359 477 65.8906 
v 74.5858 477 65.5858 
v 74.6235 476.541 68.3765 
v 74.3964 476.465 68.069 
v 74.1909 476.397 67.603 
v 74.1026 476.368 67 
v 74.1909 476.397 66.397 
v 74.3964 476.465 65.931 
v 74.6235 476.541 65.6235 
v 74.7208 476.147 68.2792 
v 74.5448 476.03 67.9701 
v 74.3964 475.931 67.5345 
v 74.3359 475.891 67 
v 74.3964 475.931 66.4655 
v 74.5448 476.03 66.0299 
v 74.7208 476.147 65.7208 
v 74.8453 475.845 68.1547 
v 74.7208 475.721 67.8528 
v 74.6235 475.624 67.4588 
v 74.5858 475.586 67 
v 74.6235 475.624 66.5412 
v 74.7208 475.721 66.1472 
v 74.8453 475.845 65.8453 
v 74.8453 475.845 65.8453 
v 75.1472 475.721 65.7208 
v 75.5412 475.624 65.6235 
v 76 475.586 65.5858 
v 76.4588 475.624 65.6235 
v 76.8528 475.721 65.7208 
v 77.1547 475.845 65.8453 
v 74.7208 475.721 66.1472 
v 75.0299 475.545 66.0299 
v 75.4655 475.396 65.931 
v 76 475.336 65.8906 
v 76.5345 475.396 65.931 
v 76.9701 475.545 66.0299 
v 77.2792 475.721 66.1472 
v 74.6235 475.624 66.5412 
v 74.931 475.396 66.4655 
v 75.397 475.191 66.397 
v 76 475.103 66.3675 
v 76.603 475.191 66.397 
v 77.069 475.396 66.4655 
v 77.3765 475.624 66.5412 
v 74.5858 475.586 67 
v 74.8906 475.336 67 
v 75.3675 475.103 67 
v 76 475 67 
v 76.6325 475.103 67 
v 77.1094 475.336 67 
v 77.4142 475.586 67 
v 74.6235 475.624 67.4588 
v 74.931 475.396 67.5345 
v 75.397 475.191 67.603 
v 76 475.103 67.6325 
v 76.603 475.191 67.603 
v 77.069 475.396 67.5345 
v 77.3765 475.624 67.4588 
v 74.7208 475.721 67.8528 
v 75.0299 475.545 67.9701 
v 75.4655 475.396 68.069 
v 76 475.336 68.1094 
v 76.5345 475.396 68.069 
v 76.9701 475.545 67.9701 
v 77.2792 475.721 67.8528 
v 74.8453 475.845 68.1547 
v 75.1472 475.721 68.2792 
v 75.5412 475.624 68.3765 
v 76 475.586 68.4142 
v 76.4588 475.624 68.3765 
v 76.8528 475.721 68.2792 
v 77.1547 475.845 68.1547 
v 74.8453 478.155 65.8453 
v 75.1472 478.279 65.7208 
v 75.5412 478.376 65.6235 
v 76 478.414 65.5858 
v 76.4588 478.376 65.6235 
v 76.8528 478.279 65.7208 
v 77.1547 478.155 65.8453 
v 74.7208 477.853 65.7208 
v 75.0299 477.97 65.5448 
v 75.4655 478.069 65.3964 
v 76 478.109 65.3359 
v 76.5345 478.069 65.3964 
v 76.9701 477.97 65.5448 
v 77.2792 477.853 65.7208 
v 74.6235 477.459 65.6235 
v 74.931 477.535 65.3964 
v 75.397 477.603 65.1909 
v 76 477.632 65.1026 
v 76.603 477.603 65.1909 
v 77.069 477.535 65.3964 
v 77.3765 477.459 65.6235 
v 74.5858 477 65.5858 
v 74.8906 477 65.3359 
v 75.3675 477 65.1026 
v 76 477 65 
v 76.6325 477 65.1026 
v 77.1094 477 65.3359 
v 77.4142 477 65.5858 
v 74.6235 476.541 65.6235 
v 74.931 476.465 65.3964 
v 75.397 476.397 65.1909 
v 76 476.368 65.1026 
v 76.603 476.397 65.1909 
v 77.069 476.465 65.3964 
v 77.3765 476.541 65.6235 
v 74.7208 476.147 65.7208 
v 75.0299 476.03 65.5448 
v 75.4655 475.931 65.3964 
v 76 475.891 65.3359 
v 76.5345 475.931 65.3964 
v 76.9701 476.03 65.5448 
v 77.2792 476.147 65.7208 
v 74.8453 475.845 65.8453 
v 75.1472 475.721 65.7208 
v 75.5412 475.624 65.6235 
v 76 475.586 65.5858 
v 76.4588 475.624 65.6235 
v 76.8528 475.721 65.7208 
v 77.1547 475.845 65.8453 

vn 0.574803 0.574803 -0.574803 
vn 0.637795 0.637795 -0.425197 
vn 0.685039 0.685039 -0.228346 
vn 0.708661 0.708661 0 
vn 0.685039 0.685039 0.228346 
vn 0.637795 0.637795 0.425197 
vn 0.574803 0.574803 0.574803 
vn 0.637795 0.425197 -0.637795 
vn 0.724409 0.488189 -0.488189 
vn 0.80315 0.535433 -0.267717 
vn 0.834646 0.551181 0 
vn 0.80315 0.535433 0.267717 
vn 0.724409 0.488189 0.488189 
vn 0.637795 0.425197 0.637795 
vn 0.685039 0.228346 -0.685039 
vn 0.80315 0.267717 -0.535433 
vn 0.905512 0.299213 -0.299213 
vn 0.944882 0.314961 0 
vn 0.905512 0.299213 0.299213 
vn 0.80315 0.267717 0.535433 
vn 0.685039 0.228346 0.685039 
vn 0.708661 0 -0.708661 
vn 0.834646 0 -0.551181 
vn 0.944882 0 -0.314961 
vn 1 0 0 
vn 0.944882 0 0.314961 
vn 0.834646 0 0.551181 
vn 0.708661 0 0.708661 
vn 0.685039 -0.228346 -0.685039 
vn 0.80315 -0.267717 -0.535433 
vn 0.905512 -0.299213 -0.299213 
vn 0.944882 -0.314961 0 
vn 0.905512 -0.299213 0.299213 
vn 0.80315 -0.267717 0.535433 
vn 0.685039 -0.228346 0.685039 
vn 0.637795 -0.425197 -0.637795 
vn 0.724409 -0.488189 -0.488189 
vn 0.80315 -0.535433 -0.267717 
vn 0.834646 -0.551181 0 
vn 0.80315 -0.535433 0.267717 
vn 0.724409 -0.488189 0.488189 
vn 0.637795 -0.425197 0.637795 
vn 0.574803 -0.574803 -0.574803 
vn 0.637795 -0.637795 -0.425197 
vn 0.685039 -0.685039 -0.228346 
vn 0.708661 -0.708661 0 
vn 0.685039 -0.685039 0.228346 
vn 0.637795 -0.637795 0.425197 
vn 0.574803 -0.574803 0.574803 
vn -0.574803 0.574803 0.574803 
vn -0.425197 0.637795 0.637795 
vn -0.228346 0.685039 0.685039 
vn 0 0.708661 0.708661 
vn 0.228346 0.685039 0.685039 
vn 0.425197 0.637795 0.637795 
vn 0.574803 0.574803 0.574803 
vn -0.637795 0.637795 0.425197 
vn -0.488189 0.724409 0.488189 
vn -0.267717 0.80315 0.535433 
vn 0 0.834646 0.551181 
vn 0.267717 0.80315 0.535433 
vn 0.488189 0.724409 0.488189 
vn 0.637795 0.637795 0.425197 
vn -0.685039 0.685039 0.228346 
vn -0.535433 0.80315 0.267717 
vn -0.299213 0.905512 0.299213 
vn 0 0.944882 0.314961 
vn 0.299213 0.905512 0.299213 
vn 0.535433 0.80315 0.267717 
vn 0.685039 0.685039 0.228346 
vn -0.708661 0.708661 0 
vn -0.551181 0.834646 0 
vn -0.314961 0.944882 0 
vn 0 1 0 
vn 0.314961 0.944882 0 
vn 0.551181 0.834646 0 
vn 0.708661 0.708661 0 
vn -0.685039 0.685039 -0.228346 
vn -0.535433 0.80315 -0.267717 
vn -0.299213 0.905512 -0.299213 
vn 0 0.944882 -0.314961 
vn 0.299213 0.905512 -0.299213 
vn 0.535433 0.80315 -0.267717 
vn 0.685039 0.685039 -0.228346 
vn -0.637795 0.637795 -0.425197 
vn -0.488189 0.724409 -0.488189 
vn -0.267717 0.80315 -0.535433 
vn 0 0.834646 -0.551181 
vn 0.267717 0.80315 -0.535433 
vn 0.488189 0.724409 -0.488189 
vn 0.637795 0.637795 -0.425197 
vn -0.574803 0.574803 -0.574803 
vn -0.425197 0.637795 -0.637795 
vn -0.228346 0.685039 -0.685039 
vn 0 0.708661 -0.708661 
vn 0.228346 0.685039 -0.685039 
vn 0.425197 0.637795 -0.637795 
vn 0.574803 0.574803 -0.574803 
vn 0.574803 0.574803 0.574803 
vn 0.425197 0.637795 0.637795 
vn 0.228346 0.685039 0.685039 
vn 0 0.708661 0.708661 
vn -0.228346 0.685039 0.685039 
vn -0.425197 0.637795 0.637795 
vn -0.574803 0.574803 0.574803 
vn 0.637795 0.425197 0.637795 
vn 0.488189 0.488189 0.724409 
vn 0.267717 0.535433 0.80315 
vn 0 0.551181 0.834646 
vn -0.267717 0.535433 0.80315 
vn -0.488189 0.488189 0.724409 
vn -0.637795 0.425197 0.637795 
vn 0.685039 0.228346 0.685039 
vn 0.535433 0.267717 0.80315 
vn 0.299213 0.299213 0.905512 
vn 0 0.314961 0.944882 
vn -0.299213 0.299213 0.905512 
vn -0.535433 0.267717 0.80315 
vn -0.685039 0.228346 0.685039 
vn 0.708661 0 0.708661 
vn 0.551181 0 0.834646 
vn 0.314961 0 0.944882 
vn 0 0 1 
vn -0.314961 0 0.944882 
vn -0.551181 0 0.834646 
vn -0.708661 0 0.708661 
vn 0.685039 -0.228346 0.685039 
vn 0.535433 -0.267717 0.80315 
vn 0.299213 -0.299213 0.905512 
vn 0 -0.314961 0.944882 
vn -0.299213 -0.299213 0.905512 
vn -0.535433 -0.267717 0.80315 
vn -0.685039 -0.228346 0.685039 
vn 0.637795 -0.425197 0.637795 
vn 0.488189 -0.488189 0.724409 
vn 0.267717 -0.535433 0.80315 
vn 0 -0.551181 0.834646 
vn -0.267717 -0.535433 0.80315 
vn -0.488189 -0.488189 0.724409 
vn -0.637795 -0.425197 0.637795 
vn 0.574803 -0.574803 0.574803 
vn 0.425197 -0.637795 0.637795 
vn 0.228346 -0.685039 0.685039 
vn 0 -0.708661 0.708661 
vn -0.228346 -0.685039 0.685039 
vn -0.425197 -0.637795 0.637795 
vn -0.574803 -0.574803 0.574803 
vn -0.574803 0.574803 0.574803 
vn -0.637795 0.637795 0.425197 
vn -0.685039 0.685039 0.228346 
vn -0.708661 0.708661 0 
vn -0.685039 0.685039 -0.228346 
vn -0.637795 0.637795 -0.425197 
vn -0.574803 0.574803 -0.574803 
vn -0.637795 0.425197 0.637795 
vn -0.724409 0.488189 0.488189 
vn -0.80315 0.535433 0.267717 
vn -0.834646 0.551181 0 
vn -0.80315 0.535433 -0.267717 
vn -0.724409 0.488189 -0.488189 
vn -0.637795 0.425197 -0.637795 
vn -0.685039 0.228346 0.685039 
vn -0.80315 0.267717 0.535433 
vn -0.905512 0.299213 0.299213 
vn -0.944882 0.314961 0 
vn -0.905512 0.299213 -0.299213 
vn -0.80315 0.267717 -0.535433 
vn -0.685039 0.228346 -0.685039 
vn -0.708661 0 0.708661 
vn -0.834646 0 0.551181 
vn -0.944882 0 0.314961 
vn -1 0 0 
vn -0.944882 0 -0.314961 
vn -0.834646 0 -0.551181 
vn -0.708661 0 -0.708661 
vn -0.685039 -0.228346 0.685039 
vn -0.80315 -0.267717 0.535433 
vn -0.905512 -0.299213 0.299213 
vn -0.944882 -0.314961 0 
vn -0.905512 -0.299213 -0.299213 
vn -0.80315 -0.267717 -0.535433 
vn -0.685039 -0.228346 -0.685039 
vn -0.637795 -0.425197 0.637795 
vn -0.724409 -0.488189 0.488189 
vn -0.80315 -0.535433 0.267717 
vn -0.834646 -0.551181 0 
vn -0.80315 -0.535433 -0.267717 
vn -0.724409 -0.488189 -0.488189 
vn -0.637795 -0.425197 -0.637795 
vn -0.574803 -0.574803 0.574803 
vn -0.637795 -0.637795 0.425197 
vn -0.685039 -0.685039 0.228346 
vn -0.708661 -0.708661 0 
vn -0.685039 -0.685039 -0.228346 
vn -0.637795 -0.637795 -0.425197 
vn -0.574803 -0.574803 -0.574803 
vn -0.574803 -0.574803 -0.574803 
vn -0.425197 -0.637795 -0.637795 
vn -0.228346 -0.685039 -0.685039 
vn 0 -0.708661 -0.708661 
vn 0.228346 -0.685039 -0.685039 
vn 0.425197 -0.637795 -0.637795 
vn 0.574803 -0.574803 -0.574803 
vn -0.637795 -0.637795 -0.425197 
vn -0.488189 -0.724409 -0.488189 
vn -0.267717 -0.80315 -0.535433 
vn 0 -0.834646 -0.551181 
vn 0.267717 -0.80315 -0.535433 
vn 0.488189 -0.724409 -0.488189 
vn 0.637795 -0.637795 -0.425197 
vn -0.685039 -0.685039 -0.228346 
vn -0.535433 -0.80315 -0.267717 
vn -0.299213 -0.905512 -0.299213 
vn 0 -0.944882 -0.314961 
vn 0.299213 -0.905512 -0.299213 
vn 0.535433 -0.80315 -0.267717 
vn 0.685039 -0.685039 -0.228346 
vn -0.708661 -0.708661 0 
vn -0.551181 -0.834646 0 
vn -0.314961 -0.944882 0 
vn 0 -1 0 
vn 0.314961 -0.944882 0 
vn 0.551181 -0.834646 0 
vn 0.708661 -0.708661 0 
vn -0.685039 -0.685039 0.228346 
vn -0.535433 -0.80315 0.267717 
vn -0.299213 -0.905512 0.299213 
vn 0 -0.944882 0.314961 
vn 0.299213 -0.905512 0.299213 
vn 0.535433 -0.80315 0.267717 
vn 0.685039 -0.685039 0.228346 
vn -0.637795 -0.637795 0.425197 
vn -0.488189 -0.724409 0.488189 
vn -0.267717 -0.80315 0.535433 
vn 0 -0.834646 0.551181 
vn 0.267717 -0.80315 0.535433 
vn 0.488189 -0.724409 0.488189 
vn 0.637795 -0.637795 0.425197 
vn -0.574803 -0.574803 0.574803 
vn -0.425197 -0.637795 0.637795 
vn -0.228346 -0.685039 0.685039 
vn 0 -0.708661 0.708661 
vn 0.228346 -0.685039 0.685039 
vn 0.425197 -0.637795 0.637795 
vn 0.574803 -0.574803 0.574803 
vn -0.574803 0.574803 -0.574803 
vn -0.425197 0.637795 -0.637795 
vn -0.228346 0.685039 -0.685039 
vn 0 0.708661 -0.708661 
vn 0.228346 0.685039 -0.685039 
vn 0.425197 0.637795 -0.637795 
vn 0.574803 0.574803 -0.574803 
vn -0.637795 0.425197 -0.637795 
vn -0.488189 0.488189 -0.724409 
vn -0.267717 0.535433 -0.80315 
vn 0 0.551181 -0.834646 
vn 0.267717 0.535433 -0.80315 
vn 0.488189 0.488189 -0.724409 
vn 0.637795 0.425197 -0.637795 
vn -0.685039 0.228346 -0.685039 
vn -0.535433 0.267717 -0.80315 
vn -0.299213 0.299213 -0.905512 
vn 0 0.314961 -0.944882 
vn 0.299213 0.299213 -0.905512 
vn 0.535433 0.267717 -0.80315 
vn 0.685039 0.228346 -0.685039 
vn -0.708661 0 -0.708661 
vn -0.551181 0 -0.834646 
vn -0.314961 0 -0.944882 
vn 0 0 -1 
vn 0.314961 0 -0.944882 
vn 0.551181 0 -0.834646 
vn 0.708661 0 -0.708661 
vn -0.685039 -0.228346 -0.685039 
vn -0.535433 -0.267717 -0.80315 
vn -0.299213 -0.299213 -0.905512 
vn 0 -0.314961 -0.944882 
vn 0.299213 -0.299213 -0.905512 
vn 0.535433 -0.267717 -0.80315 
vn 0.685039 -0.228346 -0.685039 
vn -0.637795 -0.425197 -0.637795 
vn -0.488189 -0.488189 -0.724409 
vn -0.267717 -0.535433 -0.80315 
vn 0 -0.551181 -0.834646 
vn 0.267717 -0.535433 -0.80315 
vn 0.488189 -0.488189 -0.724409 
vn 0.637795 -0.425197 -0.637795 
vn -0.574803 -0.574803 -0.574803 
vn -0.425197 -0.637795 -0.637795 
vn -0.228346 -0.685039 -0.685039 
vn 0 -0.708661 -0.708661 
vn 0.228346 -0.685039 -0.685039 
vn 0.425197 -0.637795 -0.637795 
vn 0.574803 -0.574803 -0.574803 

vt 9.85133 4.23432 
vt 9.18466 4.23432 
vt 8.518 4.23432 
vt 7.85133 4.23432 
vt 7.18466 4.23432 
vt 6.518 4.23432 
vt 5.85133 4.23432 
vt 9.85133 3.56766 
vt 9.18466 3.56766 
vt 8.518 3.56766 
vt 7.85133 3.56766 
vt 7.18466 3.56766 
vt 6.518 3.56766 
vt 5.85133 3.56766 
vt 9.85133 2.90099 
vt 9.18466 2.90099 
vt 8.518 2.90099 
vt 7.85133 2.90099 
vt 7.18466 2.90099 
vt 6.518 2.90099 
vt 5.85133 2.90099 
vt 9.85133 2.23432 
vt 9.18466 2.23432 
vt 8.518 2.23432 
vt 7.85133 2.23432 
vt 7.18466 2.23432 
vt 6.518 2.23432 
vt 5.85133 2.23432 
vt 9.85133 1.56766 
vt 9.18466 1.56766 
vt 8.518 1.56766 
vt 7.85133 1.56766 
vt 7.18466 1.56766 
vt 6.518 1.56766 
vt 5.85133 1.56766 
vt 9.85133 0.900991 
vt 9.18466 0.900991 
vt 8.518 0.900991 
vt 7.85133 0.900991 
vt 7.18466 0.900991 
vt 6.518 0.900991 
vt 5.85133 0.900991 
vt 9.85133 0.234324 
vt 9.18466 0.234324 
vt 8.518 0.234324 
vt 7.85133 0.234324 
vt 7.18466 0.234324 
vt 6.518 0.234324 
vt 5.85133 0.234324 
vt 9.85133 4.23432 
vt 9.18466 4.23432 
vt 8.518 4.23432 
vt 7.85133 4.23432 
vt 7.18466 4.23432 
vt 6.518 4.23432 
vt 5.85133 4.23432 
vt 9.85133 3.56766 
vt 9.18466 3.56766 
vt 8.518 3.56766 
vt 7.85133 3.56766 
vt 7.18466 3.56766 
vt 6.518 3.56766 
vt 5.85133 3.56766 
vt 9.85133 2.90099 
vt 9.18466 2.90099 
vt 8.518 2.90099 
vt 7.85133 2.90099 
vt 7.18466 2.90099 
vt 6.518 2.90099 
vt 5.85133 2.90099 
vt 9.85133 2.23432 
vt 9.18466 2.23432 
vt 8.518 2.23432 
vt 7.85133 2.23432 
vt 7.18466 2.23432 
vt 6.518 2.23432 
vt 5.85133 2.23432 
vt 9.85133 1.56766 
vt 9.18466 1.56766 
vt 8.518 1.56766 
vt 7.85133 1.56766 
vt 7.18466 1.56766 
vt 6.518 1.56766 
vt 5.85133 1.56766 
vt 9.85133 0.900991 
vt 9.18466 0.900991 
vt 8.518 0.900991 
vt 7.85133 0.900991 
vt 7.18466 0.900991 
vt 6.518 0.900991 
vt 5.85133 0.900991 
vt 9.85133 0.234324 
vt 9.18466 0.234324 
vt 8.518 0.234324 
vt 7.85133 0.234324 
vt 7.18466 0.234324 
vt 6.518 0.234324 
vt 5.85133 0.234324 
vt 9.85133 4.23432 
vt 9.18466 4.23432 
vt 8.518 4.23432 
vt 7.85133 4.23432 
vt 7.18466 4.23432 
vt 6.518 4.23432 
vt 5.85133 4.23432 
vt 9.85133 3.56766 
vt 9.18466 3.56766 
vt 8.518 3.56766 
vt 7.85133 3.56766 
vt 7.18466 3.56766 
vt 6.518 3.56766 
vt 5.85133 3.56766 
vt 9.85133 2.90099 
vt 9.18466 2.90099 
vt 8.518 2.90099 
vt 7.85133 2.90099 
vt 7.18466 2.90099 
vt 6.518 2.90099 
vt 5.85133 2.90099 
vt 9.85133 2.23432 
vt 9.18466 2.23432 
vt 8.518 2.23432 
vt 7.85133 2.23432 
vt 7.18466 2.23432 
vt 6.518 2.23432 
vt 5.85133 2.23432 
vt 9.85133 1.56766 
vt 9.18466 1.56766 
vt 8.518 1.56766 
vt 7.85133 1.56766 
vt 7.18466 1.56766 
vt 6.518 1.56766 
vt 5.85133 1.56766 
vt 9.85133 0.900991 
vt 9.18466 0.900991 
vt 8.518 0.900991 
vt 7.85133 0.900991 
vt 7.18466 0.900991 
vt 6.518 0.900991 
vt 5.85133 0.900991 
vt 9.85133 0.234324 
vt 9.18466 0.234324 
vt 8.518 0.234324 
vt 7.85133 0.234324 
vt 7.18466 0.234324 
vt 6.518 0.234324 
vt 5.85133 0.234324 
vt 9.85133 4.23432 
vt 9.18466 4.23432 
vt 8.518 4.23432 
vt 7.85133 4.23432 
vt 7.18466 4.23432 
vt 6.518 4.23432 
vt 5.85133 4.23432 
vt 9.85133 3.56766 
vt 9.18466 3.56766 
vt 8.518 3.56766 
vt 7.85133 3.56766 
vt 7.18466 3.56766 
vt 6.518 3.56766 
vt 5.85133 3.56766 
vt 9.85133 2.90099 
vt 9.18466 2.90099 
vt 8.518 2.90099 
vt 7.85133 2.90099 
vt 7.18466 2.90099 
vt 6.518 2.90099 
vt 5.85133 2.90099 
vt 9.85133 2.23432 
vt 9.18466 2.23432 
vt 8.518 2.23432 
vt 7.85133 2.23432 
vt 7.18466 2.23432 
vt 6.518 2.23432 
vt 5.85133 2.23432 
vt 9.85133 1.56766 
vt 9.18466 1.56766 
vt 8.518 1.56766 
vt 7.85133 1.56766 
vt 7.18466 1.56766 
vt 6.518 1.56766 
vt 5.85133 1.56766 
vt 9.85133 0.900991 
vt 9.18466 0.900991 
vt 8.518 0.900991 
vt 7.85133 0.900991 
vt 7.18466 0.900991 
vt 6.518 0.900991 
vt 5.85133 0.900991 
vt 9.85133 0.234324 
vt 9.18466 0.234324 
vt 8.518 0.234324 
vt 7.85133 0.234324 
vt 7.18466 0.234324 
vt 6.518 0.234324 
vt 5.85133 0.234324 
vt 9.85133 4.23432 
vt 9.18466 4.23432 
vt 8.518 4.23432 
vt 7.85133 4.23432 
vt 7.18466 4.23432 
vt 6.518 4.23432 
vt 5.85133 4.23432 
vt 9.85133 3.56766 
vt 9.18466 3.56766 
vt 8.518 3.56766 
vt 7.85133 3.56766 
vt 7.18466 3.56766 
vt 6.518 3.56766 
vt 5.85133 3.56766 
vt 9.85133 2.90099 
vt 9.18466 2.90099 
vt 8.518 2.90099 
vt 7.85133 2.90099 
vt 7.18466 2.90099 
vt 6.518 2.90099 
vt 5.85133 2.90099 
vt 9.85133 2.23432 
vt 9.18466 2.23432 
vt 8.518 2.23432 
vt 7.85133 2.23432 
vt 7.18466 2.23432 
vt 6.518 2.23432 
vt 5.85133 2.23432 
vt 9.85133 1.56766 
vt 9.18466 1.56766 
vt 8.518 1.56766 
vt 7.85133 1.56766 
vt 7.18466 1.56766 
vt 6.518 1.56766 
vt 5.85133 1.56766 
vt 9.85133 0.900991 
vt 9.18466 0.900991 
vt 8.518 0.900991 
vt 7.85133 0.900991 
vt 7.18466 0.900991 
vt 6.518 0.900991 
vt 5.85133 0.900991 
vt 9.85133 0.234324 
vt 9.18466 0.234324 
vt 8.518 0.234324 
vt 7.85133 0.234324 
vt 7.18466 0.234324 
vt 6.518 0.234324 
vt 5.85133 0.234324 
vt 9.85133 4.23432 
vt 9.18466 4.23432 
vt 8.518 4.23432 
vt 7.85133 4.23432 
vt 7.18466 4.23432 
vt 6.518 4.23432 
vt 5.85133 4.23432 
vt 9.85133 3.56766 
vt 9.18466 3.56766 
vt 8.518 3.56766 
vt 7.85133 3.56766 
vt 7.18466 3.56766 
vt 6.518 3.56766 
vt 5.85133 3.56766 
vt 9.85133 2.90099 
vt 9.18466 2.90099 
vt 8.518 2.90099 
vt 7.85133 2.90099 
vt 7.18466 2.90099 
vt 6.518 2.90099 
vt 5.85133 2.90099 
vt 9.85133 2.23432 
vt 9.18466 2.23432 
vt 8.518 2.23432 
vt 7.85133 2.23432 
vt 7.18466 2.23432 
vt 6.518 2.23432 
vt 5.85133 2.23432 
vt 9.85133 1.56766 
vt 9.18466 1.56766 
vt 8.518 1.56766 
vt 7.85133 1.56766 
vt 7.18466 1.56766 
vt 6.518 1.56766 
vt 5.85133 1.56766 
vt 9.85133 0.900991 
vt 9.18466 0.900991 
vt 8.518 0.900991 
vt 7.85133 0.900991 
vt 7.18466 0.900991 
vt 6.518 0.900991 
vt 5.85133 0.900991 
vt 9.85133 0.234324 
vt 9.18466 0.234324 
vt 8.518 0.234324 
vt 7.85133 0.234324 
vt 7.18466 0.234324 
vt 6.518 0.234324 
vt 5.85133 0.234324 

usemtl 11Mtl

f 2107/2107/2107 2108/2108/2108 2114/2114/2114 
f 2114/2114/2114 2108/2108/2108 2115/2115/2115 
f 2108/2108/2108 2109/2109/2109 2115/2115/2115 
f 2115/2115/2115 2109/2109/2109 2116/2116/2116 
f 2109/2109/2109 2110/2110/2110 2116/2116/2116 
f 2116/2116/2116 2110/2110/2110 2117/2117/2117 
f 2110/2110/2110 2111/2111/2111 2117/2117/2117 
f 2117/2117/2117 2111/2111/2111 2118/2118/2118 
f 2111/2111/2111 2112/2112/2112 2118/2118/2118 
f 2118/2118/2118 2112/2112/2112 2119/2119/2119 
f 2112/2112/2112 2113/2113/2113 2119/2119/2119 
f 2119/2119/2119 2113/2113/2113 2120/2120/2120 
f 2114/2114/2114 2115/2115/2115 2121/2121/2121 
f 2121/2121/2121 2115/2115/2115 2122/2122/2122 
f 2115/2115/2115 2116/2116/2116 2122/2122/2122 
f 2122/2122/2122 2116/2116/2116 2123/2123/2123 
f 2116/2116/2116 2117/2117/2117 2123/2123/2123 
f 2123/2123/2123 2117/2117/2117 2124/2124/2124 
f 2117/2117/2117 2118/2118/2118 2124/2124/2124 
f 2124/2124/2124 2118/2118/2118 2125/2125/2125 
f 2118/2118/2118 2119/2119/2119 2125/2125/2125 
f 2125/2125/2125 2119/2119/2119 2126/2126/2126 
f 2119/2119/2119 2120/2120/2120 2126/2126/2126 
f 2126/2126/2126 2120/2120/2120 2127/2127/2127 
f 2121/2121/2121 2122/2122/2122 2128/2128/2128 
f 2128/2128/2128 2122/2122/2122 2129/2129/2129 
f 2122/2122/2122 2123/2123/2123 2129/2129/2129 
f 2129/2129/2129 2123/2123/2123 2130/2130/2130 
f 2123/2123/2123 2124/2124/2124 2130/2130/2130 
f 2130/2130/2130 2124/2124/2124 2131/2131/2131 
f 2124/2124/2124 2125/2125/2125 2131/2131/2131 
f 2131/2131/2131 2125/2125/2125 2132/2132/2132 
f 2125/2125/2125 2126/2126/2126 2132/2132/2132 
f 2132/2132/2132 2126/2126/2126 2133/2133/2133 
f 2126/2126/2126 2127/2127/2127 2133/2133/2133 
f 2133/2133/2133 2127/2127/2127 2134/2134/2134 
f 2128/2128/2128 2129/2129/2129 2135/2135/2135 
f 2135/2135/2135 2129/2129/2129 2136/2136/2136 
f 2129/2129/2129 2130/2130/2130 2136/2136/2136 
f 2136/2136/2136 2130/2130/2130 2137/2137/2137 
f 2130/2130/2130 2131/2131/2131 2137/2137/2137 
f 2137/2137/2137 2131/2131/2131 2138/2138/2138 
f 2131/2131/2131 2132/2132/2132 2138/2138/2138 
f 2138/2138/2138 2132/2132/2132 2139/2139/2139 
f 2132/2132/2132 2133/2133/2133 2139/2139/2139 
f 2139/2139/2139 2133/2133/2133 2140/2140/2140 
f 2133/2133/2133 2134/2134/2134 2140/2140/2140 
f 2140/2140/2140 2134/2134/2134 2141/2141/2141 
f 2135/2135/2135 2136/2136/2136 2142/2142/2142 
f 2142/2142/2142 2136/2136/2136 2143/2143/2143 
f 2136/2136/2136 2137/2137/2137 2143/2143/2143 
f 2143/2143/2143 2137/2137/2137 2144/2144/2144 
f 2137/2137/2137 2138/2138/2138 2144/2144/2144 
f 2144/2144/2144 2138/2138/2138 2145/2145/2145 
f 2138/2138/2138 2139/2139/2139 2145/2145/2145 
f 2145/2145/2145 2139/2139/2139 2146/2146/2146 
f 2139/2139/2139 2140/2140/2140 2146/2146/2146 
f 2146/2146/2146 2140/2140/2140 2147/2147/2147 
f 2140/2140/2140 2141/2141/2141 2147/2147/2147 
f 2147/2147/2147 2141/2141/2141 2148/2148/2148 
f 2142/2142/2142 2143/2143/2143 2149/2149/2149 
f 2149/2149/2149 2143/2143/2143 2150/2150/2150 
f 2143/2143/2143 2144/2144/2144 2150/2150/2150 
f 2150/2150/2150 2144/2144/2144 2151/2151/2151 
f 2144/2144/2144 2145/2145/2145 2151/2151/2151 
f 2151/2151/2151 2145/2145/2145 2152/2152/2152 
f 2145/2145/2145 2146/2146/2146 2152/2152/2152 
f 2152/2152/2152 2146/2146/2146 2153/2153/2153 
f 2146/2146/2146 2147/2147/2147 2153/2153/2153 
f 2153/2153/2153 2147/2147/2147 2154/2154/2154 
f 2147/2147/2147 2148/2148/2148 2154/2154/2154 
f 2154/2154/2154 2148/2148/2148 2155/2155/2155 
f 2156/2156/2156 2157/2157/2157 2163/2163/2163 
f 2163/2163/2163 2157/2157/2157 2164/2164/2164 
f 2157/2157/2157 2158/2158/2158 2164/2164/2164 
f 2164/2164/2164 2158/2158/2158 2165/2165/2165 
f 2158/2158/2158 2159/2159/2159 2165/2165/2165 
f 2165/2165/2165 2159/2159/2159 2166/2166/2166 
f 2159/2159/2159 2160/2160/2160 2166/2166/2166 
f 2166/2166/2166 2160/2160/2160 2167/2167/2167 
f 2160/2160/2160 2161/2161/2161 2167/2167/2167 
f 2167/2167/2167 2161/2161/2161 2168/2168/2168 
f 2161/2161/2161 2162/2162/2162 2168/2168/2168 
f 2168/2168/2168 2162/2162/2162 2169/2169/2169 
f 2163/2163/2163 2164/2164/2164 2170/2170/2170 
f 2170/2170/2170 2164/2164/2164 2171/2171/2171 
f 2164/2164/2164 2165/2165/2165 2171/2171/2171 
f 2171/2171/2171 2165/2165/2165 2172/2172/2172 
f 2165/2165/2165 2166/2166/2166 2172/2172/2172 
f 2172/2172/2172 2166/2166/2166 2173/2173/2173 
f 2166/2166/2166 2167/2167/2167 2173/2173/2173 
f 2173/2173/2173 2167/2167/2167 2174/2174/2174 
f 2167/2167/2167 2168/2168/2168 2174/2174/2174 
f 2174/2174/2174 2168/2168/2168 2175/2175/2175 
f 2168/2168/2168 2169/2169/2169 2175/2175/2175 
f 2175/2175/2175 2169/2169/2169 2176/2176/2176 
f 2170/2170/2170 2171/2171/2171 2177/2177/2177 
f 2177/2177/2177 2171/2171/2171 2178/2178/2178 
f 2171/2171/2171 2172/2172/2172 2178/2178/2178 
f 2178/2178/2178 2172/2172/2172 2179/2179/2179 
f 2172/2172/2172 2173/2173/2173 2179/2179/2179 
f 2179/2179/2179 2173/2173/2173 2180/2180/2180 
f 2173/2173/2173 2174/2174/2174 2180/2180/2180 
f 2180/2180/2180 2174/2174/2174 2181/2181/2181 
f 2174/2174/2174 2175/2175/2175 2181/2181/2181 
f 2181/2181/2181 2175/2175/2175 2182/2182/2182 
f 2175/2175/2175 2176/2176/2176 2182/2182/2182 
f 2182/2182/2182 2176/2176/2176 2183/2183/2183 
f 2177/2177/2177 2178/2178/2178 2184/2184/2184 
f 2184/2184/2184 2178/2178/2178 2185/2185/2185 
f 2178/2178/2178 2179/2179/2179 2185/2185/2185 
f 2185/2185/2185 2179/2179/2179 2186/2186/2186 
f 2179/2179/2179 2180/2180/2180 2186/2186/2186 
f 2186/2186/2186 2180/2180/2180 2187/2187/2187 
f 2180/2180/2180 2181/2181/2181 2187/2187/2187 
f 2187/2187/2187 2181/2181/2181 2188/2188/2188 
f 2181/2181/2181 2182/2182/2182 2188/2188/2188 
f 2188/2188/2188 2182/2182/2182 2189/2189/2189 
f 2182/2182/2182 2183/2183/2183 2189/2189/2189 
f 2189/2189/2189 2183/2183/2183 2190/2190/2190 
f 2184/2184/2184 2185/2185/2185 2191/2191/2191 
f 2191/2191/2191 2185/2185/2185 2192/2192/2192 
f 2185/2185/2185 2186/2186/2186 2192/2192/2192 
f 2192/2192/2192 2186/2186/2186 2193/2193/2193 
f 2186/2186/2186 2187/2187/2187 2193/2193/2193 
f 2193/2193/2193 2187/2187/2187 2194/2194/2194 
f 2187/2187/2187 2188/2188/2188 2194/2194/2194 
f 2194/2194/2194 2188/2188/2188 2195/2195/2195 
f 2188/2188/2188 2189/2189/2189 2195/2195/2195 
f 2195/2195/2195 2189/2189/2189 2196/2196/2196 
f 2189/2189/2189 2190/2190/2190 2196/2196/2196 
f 2196/2196/2196 2190/2190/2190 2197/2197/2197 
f 2191/2191/2191 2192/2192/2192 2198/2198/2198 
f 2198/2198/2198 2192/2192/2192 2199/2199/2199 
f 2192/2192/2192 2193/2193/2193 2199/2199/2199 
f 2199/2199/2199 2193/2193/2193 2200/2200/2200 
f 2193/2193/2193 2194/2194/2194 2200/2200/2200 
f 2200/2200/2200 2194/2194/2194 2201/2201/2201 
f 2194/2194/2194 2195/2195/2195 2201/2201/2201 
f 2201/2201/2201 2195/2195/2195 2202/2202/2202 
f 2195/2195/2195 2196/2196/2196 2202/2202/2202 
f 2202/2202/2202 2196/2196/2196 2203/2203/2203 
f 2196/2196/2196 2197/2197/2197 2203/2203/2203 
f 2203/2203/2203 2197/2197/2197 2204/2204/2204 
f 2205/2205/2205 2206/2206/2206 2212/2212/2212 
f 2212/2212/2212 2206/2206/2206 2213/2213/2213 
f 2206/2206/2206 2207/2207/2207 2213/2213/2213 
f 2213/2213/2213 2207/2207/2207 2214/2214/2214 
f 2207/2207/2207 2208/2208/2208 2214/2214/2214 
f 2214/2214/2214 2208/2208/2208 2215/2215/2215 
f 2208/2208/2208 2209/2209/2209 2215/2215/2215 
f 2215/2215/2215 2209/2209/2209 2216/2216/2216 
f 2209/2209/2209 2210/2210/2210 2216/2216/2216 
f 2216/2216/2216 2210/2210/2210 2217/2217/2217 
f 2210/2210/2210 2211/2211/2211 2217/2217/2217 
f 2217/2217/2217 2211/2211/2211 2218/2218/2218 
f 2212/2212/2212 2213/2213/2213 2219/2219/2219 
f 2219/2219/2219 2213/2213/2213 2220/2220/2220 
f 2213/2213/2213 2214/2214/2214 2220/2220/2220 
f 2220/2220/2220 2214/2214/2214 2221/2221/2221 
f 2214/2214/2214 2215/2215/2215 2221/2221/2221 
f 2221/2221/2221 2215/2215/2215 2222/2222/2222 
f 2215/2215/2215 2216/2216/2216 2222/2222/2222 
f 2222/2222/2222 2216/2216/2216 2223/2223/2223 
f 2216/2216/2216 2217/2217/2217 2223/2223/2223 
f 2223/2223/2223 2217/2217/2217 2224/2224/2224 
f 2217/2217/2217 2218/2218/2218 2224/2224/2224 
f 2224/2224/2224 2218/2218/2218 2225/2225/2225 
f 2219/2219/2219 2220/2220/2220 2226/2226/2226 
f 2226/2226/2226 2220/2220/2220 2227/2227/2227 
f 2220/2220/2220 2221/2221/2221 2227/2227/2227 
f 2227/2227/2227 2221/2221/2221 2228/2228/2228 
f 2221/2221/2221 2222/2222/2222 2228/2228/2228 
f 2228/2228/2228 2222/2222/2222 2229/2229/2229 
f 2222/2222/2222 2223/2223/2223 2229/2229/2229 
f 2229/2229/2229 2223/2223/2223 2230/2230/2230 
f 2223/2223/2223 2224/2224/2224 2230/2230/2230 
f 2230/2230/2230 2224/2224/2224 2231/2231/2231 
f 2224/2224/2224 2225/2225/2225 2231/2231/2231 
f 2231/2231/2231 2225/2225/2225 2232/2232/2232 
f 2226/2226/2226 2227/2227/2227 2233/2233/2233 
f 2233/2233/2233 2227/2227/2227 2234/2234/2234 
f 2227/2227/2227 2228/2228/2228 2234/2234/2234 
f 2234/2234/2234 2228/2228/2228 2235/2235/2235 
f 2228/2228/2228 2229/2229/2229 2235/2235/2235 
f 2235/2235/2235 2229/2229/2229 2236/2236/2236 
f 2229/2229/2229 2230/2230/2230 2236/2236/2236 
f 2236/2236/2236 2230/2230/2230 2237/2237/2237 
f 2230/2230/2230 2231/2231/2231 2237/2237/2237 
f 2237/2237/2237 2231/2231/2231 2238/2238/2238 
f 2231/2231/2231 2232/2232/2232 2238/2238/2238 
f 2238/2238/2238 2232/2232/2232 2239/2239/2239 
f 2233/2233/2233 2234/2234/2234 2240/2240/2240 
f 2240/2240/2240 2234/2234/2234 2241/2241/2241 
f 2234/2234/2234 2235/2235/2235 2241/2241/2241 
f 2241/2241/2241 2235/2235/2235 2242/2242/2242 
f 2235/2235/2235 2236/2236/2236 2242/2242/2242 
f 2242/2242/2242 2236/2236/2236 2243/2243/2243 
f 2236/2236/2236 2237/2237/2237 2243/2243/2243 
f 2243/2243/2243 2237/2237/2237 2244/2244/2244 
f 2237/2237/2237 2238/2238/2238 2244/2244/2244 
f 2244/2244/2244 2238/2238/2238 2245/2245/2245 
f 2238/2238/2238 2239/2239/2239 2245/2245/2245 
f 2245/2245/2245 2239/2239/2239 2246/2246/2246 
f 2240/2240/2240 2241/2241/2241 2247/2247/2247 
f 2247/2247/2247 2241/2241/2241 2248/2248/2248 
f 2241/2241/2241 2242/2242/2242 2248/2248/2248 
f 2248/2248/2248 2242/2242/2242 2249/2249/2249 
f 2242/2242/2242 2243/2243/2243 2249/2249/2249 
f 2249/2249/2249 2243/2243/2243 2250/2250/2250 
f 2243/2243/2243 2244/2244/2244 2250/2250/2250 
f 2250/2250/2250 2244/2244/2244 2251/2251/2251 
f 2244/2244/2244 2245/2245/2245 2251/2251/2251 
f 2251/2251/2251 2245/2245/2245 2252/2252/2252 
f 2245/2245/2245 2246/2246/2246 2252/2252/2252 
f 2252/2252/2252 2246/2246/2246 2253/2253/2253 
f 2254/2254/2254 2255/2255/2255 2261/2261/2261 
f 2261/2261/2261 2255/2255/2255 2262/2262/2262 
f 2255/2255/2255 2256/2256/2256 2262/2262/2262 
f 2262/2262/2262 2256/2256/2256 2263/2263/2263 
f 2256/2256/2256 2257/2257/2257 2263/2263/2263 
f 2263/2263/2263 2257/2257/2257 2264/2264/2264 
f 2257/2257/2257 2258/2258/2258 2264/2264/2264 
f 2264/2264/2264 2258/2258/2258 2265/2265/2265 
f 2258/2258/2258 2259/2259/2259 2265/2265/2265 
f 2265/2265/2265 2259/2259/2259 2266/2266/2266 
f 2259/2259/2259 2260/2260/2260 2266/2266/2266 
f 2266/2266/2266 2260/2260/2260 2267/2267/2267 
f 2261/2261/2261 2262/2262/2262 2268/2268/2268 
f 2268/2268/2268 2262/2262/2262 2269/2269/2269 
f 2262/2262/2262 2263/2263/2263 2269/2269/2269 
f 2269/2269/2269 2263/2263/2263 2270/2270/2270 
f 2263/2263/2263 2264/2264/2264 2270/2270/2270 
f 2270/2270/2270 2264/2264/2264 2271/2271/2271 
f 2264/2264/2264 2265/2265/2265 2271/2271/2271 
f 2271/2271/2271 2265/2265/2265 2272/2272/2272 
f 2265/2265/2265 2266/2266/2266 2272/2272/2272 
f 2272/2272/2272 2266/2266/2266 2273/2273/2273 
f 2266/2266/2266 2267/2267/2267 2273/2273/2273 
f 2273/2273/2273 2267/2267/2267 2274/2274/2274 
f 2268/2268/2268 2269/2269/2269 2275/2275/2275 
f 2275/2275/2275 2269/2269/2269 2276/2276/2276 
f 2269/2269/2269 2270/2270/2270 2276/2276/2276 
f 2276/2276/2276 2270/2270/2270 2277/2277/2277 
f 2270/2270/2270 2271/2271/2271 2277/2277/2277 
f 2277/2277/2277 2271/2271/2271 2278/2278/2278 
f 2271/2271/2271 2272/2272/2272 2278/2278/2278 
f 2278/2278/2278 2272/2272/2272 2279/2279/2279 
f 2272/2272/2272 2273/2273/2273 2279/2279/2279 
f 2279/2279/2279 2273/2273/2273 2280/2280/2280 
f 2273/2273/2273 2274/2274/2274 2280/2280/2280 
f 2280/2280/2280 2274/2274/2274 2281/2281/2281 
f 2275/2275/2275 2276/2276/2276 2282/2282/2282 
f 2282/2282/2282 2276/2276/2276 2283/2283/2283 
f 2276/2276/2276 2277/2277/2277 2283/2283/2283 
f 2283/2283/2283 2277/2277/2277 2284/2284/2284 
f 2277/2277/2277 2278/2278/2278 2284/2284/2284 
f 2284/2284/2284 2278/2278/2278 2285/2285/2285 
f 2278/2278/2278 2279/2279/2279 2285/2285/2285 
f 2285/2285/2285 2279/2279/2279 2286/2286/2286 
f 2279/2279/2279 2280/2280/2280 2286/2286/2286 
f 2286/2286/2286 2280/2280/2280 2287/2287/2287 
f 2280/2280/2280 2281/2281/2281 2287/2287/2287 
f 2287/2287/2287 2281/2281/2281 2288/2288/2288 
f 2282/2282/2282 2283/2283/2283 2289/2289/2289 
f 2289/2289/2289 2283/2283/2283 2290/2290/2290 
f 2283/2283/2283 2284/2284/2284 2290/2290/2290 
f 2290/2290/2290 2284/2284/2284 2291/2291/2291 
f 2284/2284/2284 2285/2285/2285 2291/2291/2291 
f 2291/2291/2291 2285/2285/2285 2292/2292/2292 
f 2285/2285/2285 2286/2286/2286 2292/2292/2292 
f 2292/2292/2292 2286/2286/2286 2293/2293/2293 
f 2286/2286/2286 2287/2287/2287 2293/2293/2293 
f 2293/2293/2293 2287/2287/2287 2294/2294/2294 
f 2287/2287/2287 2288/2288/2288 2294/2294/2294 
f 2294/2294/2294 2288/2288/2288 2295/2295/2295 
f 2289/2289/2289 2290/2290/2290 2296/2296/2296 
f 2296/2296/2296 2290/2290/2290 2297/2297/2297 
f 2290/2290/2290 2291/2291/2291 2297/2297/2297 
f 2297/2297/2297 2291/2291/2291 2298/2298/2298 
f 2291/2291/2291 2292/2292/2292 2298/2298/2298 
f 2298/2298/2298 2292/2292/2292 2299/2299/2299 
f 2292/2292/2292 2293/2293/2293 2299/2299/2299 
f 2299/2299/2299 2293/2293/2293 2300/2300/2300 
f 2293/2293/2293 2294/2294/2294 2300/2300/2300 
f 2300/2300/2300 2294/2294/2294 2301/2301/2301 
f 2294/2294/2294 2295/2295/2295 2301/2301/2301 
f 2301/2301/2301 2295/2295/2295 2302/2302/2302 
f 2303/2303/2303 2304/2304/2304 2310/2310/2310 
f 2310/2310/2310 2304/2304/2304 2311/2311/2311 
f 2304/2304/2304 2305/2305/2305 2311/2311/2311 
f 2311/2311/2311 2305/2305/2305 2312/2312/2312 
f 2305/2305/2305 2306/2306/2306 2312/2312/2312 
f 2312/2312/2312 2306/2306/2306 2313/2313/2313 
f 2306/2306/2306 2307/2307/2307 2313/2313/2313 
f 2313/2313/2313 2307/2307/2307 2314/2314/2314 
f 2307/2307/2307 2308/2308/2308 2314/2314/2314 
f 2314/2314/2314 2308/2308/2308 2315/2315/2315 
f 2308/2308/2308 2309/2309/2309 2315/2315/2315 
f 2315/2315/2315 2309/2309/2309 2316/2316/2316 
f 2310/2310/2310 2311/2311/2311 2317/2317/2317 
f 2317/2317/2317 2311/2311/2311 2318/2318/2318 
f 2311/2311/2311 2312/2312/2312 2318/2318/2318 
f 2318/2318/2318 2312/2312/2312 2319/2319/2319 
f 2312/2312/2312 2313/2313/2313 2319/2319/2319 
f 2319/2319/2319 2313/2313/2313 2320/2320/2320 
f 2313/2313/2313 2314/2314/2314 2320/2320/2320 
f 2320/2320/2320 2314/2314/2314 2321/2321/2321 
f 2314/2314/2314 2315/2315/2315 2321/2321/2321 
f 2321/2321/2321 2315/2315/2315 2322/2322/2322 
f 2315/2315/2315 2316/2316/2316 2322/2322/2322 
f 2322/2322/2322 2316/2316/2316 2323/2323/2323 
f 2317/2317/2317 2318/2318/2318 2324/2324/2324 
f 2324/2324/2324 2318/2318/2318 2325/2325/2325 
f 2318/2318/2318 2319/2319/2319 2325/2325/2325 
f 2325/2325/2325 2319/2319/2319 2326/2326/2326 
f 2319/2319/2319 2320/2320/2320 2326/2326/2326 
f 2326/2326/2326 2320/2320/2320 2327/2327/2327 
f 2320/2320/2320 2321/2321/2321 2327/2327/2327 
f 2327/2327/2327 2321/2321/2321 2328/2328/2328 
f 2321/2321/2321 2322/2322/2322 2328/2328/2328 
f 2328/2328/2328 2322/2322/2322 2329/2329/2329 
f 2322/2322/2322 2323/2323/2323 2329/2329/2329 
f 2329/2329/2329 2323/2323/2323 2330/2330/2330 
f 2324/2324/2324 2325/2325/2325 2331/2331/2331 
f 2331/2331/2331 2325/2325/2325 2332/2332/2332 
f 2325/2325/2325 2326/2326/2326 2332/2332/2332 
f 2332/2332/2332 2326/2326/2326 2333/2333/2333 
f 2326/2326/2326 2327/2327/2327 2333/2333/2333 
f 2333/2333/2333 2327/2327/2327 2334/2334/2334 
f 2327/2327/2327 2328/2328/2328 2334/2334/2334 
f 2334/2334/2334 2328/2328/2328 2335/2335/2335 
f 2328/2328/2328 2329/2329/2329 2335/2335/2335 
f 2335/2335/2335 2329/2329/2329 2336/2336/2336 
f 2329/2329/2329 2330/2330/2330 2336/2336/2336 
f 2336/2336/2336 2330/2330/2330 2337/2337/2337 
f 2331/2331/2331 2332/2332/2332 2338/2338/2338 
f 2338/2338/2338 2332/2332/2332 2339/2339/2339 
f 2332/2332/2332 2333/2333/2333 2339/2339/2339 
f 2339/2339/2339 2333/2333/2333 2340/2340/2340 
f 2333/2333/2333 2334/2334/2334 2340/2340/2340 
f 2340/2340/2340 2334/2334/2334 2341/2341/2341 
f 2334/2334/2334 2335/2335/2335 2341/2341/2341 
f 2341/2341/2341 2335/2335/2335 2342/2342/2342 
f 2335/2335/2335 2336/2336/2336 2342/2342/2342 
f 2342/2342/2342 2336/2336/2336 2343/2343/2343 
f 2336/2336/2336 2337/2337/2337 2343/2343/2343 
f 2343/2343/2343 2337/2337/2337 2344/2344/2344 
f 2338/2338/2338 2339/2339/2339 2345/2345/2345 
f 2345/2345/2345 2339/2339/2339 2346/2346/2346 
f 2339/2339/2339 2340/2340/2340 2346/2346/2346 
f 2346/2346/2346 2340/2340/2340 2347/2347/2347 
f 2340/2340/2340 2341/2341/2341 2347/2347/2347 
f 2347/2347/2347 2341/2341/2341 2348/2348/2348 
f 2341/2341/2341 2342/2342/2342 2348/2348/2348 
f 2348/2348/2348 2342/2342/2342 2349/2349/2349 
f 2342/2342/2342 2343/2343/2343 2349/2349/2349 
f 2349/2349/2349 2343/2343/2343 2350/2350/2350 
f 2343/2343/2343 2344/2344/2344 2350/2350/2350 
f 2350/2350/2350 2344/2344/2344 2351/2351/2351 
f 2352/2352/2352 2353/2353/2353 2359/2359/2359 
f 2359/2359/2359 2353/2353/2353 2360/2360/2360 
f 2353/2353/2353 2354/2354/2354 2360/2360/2360 
f 2360/2360/2360 2354/2354/2354 2361/2361/2361 
f 2354/2354/2354 2355/2355/2355 2361/2361/2361 
f 2361/2361/2361 2355/2355/2355 2362/2362/2362 
f 2355/2355/2355 2356/2356/2356 2362/2362/2362 
f 2362/2362/2362 2356/2356/2356 2363/2363/2363 
f 2356/2356/2356 2357/2357/2357 2363/2363/2363 
f 2363/2363/2363 2357/2357/2357 2364/2364/2364 
f 2357/2357/2357 2358/2358/2358 2364/2364/2364 
f 2364/2364/2364 2358/2358/2358 2365/2365/2365 
f 2359/2359/2359 2360/2360/2360 2366/2366/2366 
f 2366/2366/2366 2360/2360/2360 2367/2367/2367 
f 2360/2360/2360 2361/2361/2361 2367/2367/2367 
f 2367/2367/2367 2361/2361/2361 2368/2368/2368 
f 2361/2361/2361 2362/2362/2362 2368/2368/2368 
f 2368/2368/2368 2362/2362/2362 2369/2369/2369 
f 2362/2362/2362 2363/2363/2363 2369/2369/2369 
f 2369/2369/2369 2363/2363/2363 2370/2370/2370 
f 2363/2363/2363 2364/2364/2364 2370/2370/2370 
f 2370/2370/2370 2364/2364/2364 2371/2371/2371 
f 2364/2364/2364 2365/2365/2365 2371/2371/2371 
f 2371/2371/2371 2365/2365/2365 2372/2372/2372 
f 2366/2366/2366 2367/2367/2367 2373/2373/2373 
f 2373/2373/2373 2367/2367/2367 2374/2374/2374 
f 2367/2367/2367 2368/2368/2368 2374/2374/2374 
f 2374/2374/2374 2368/2368/2368 2375/2375/2375 
f 2368/2368/2368 2369/2369/2369 2375/2375/2375 
f 2375/2375/2375 2369/2369/2369 2376/2376/2376 
f 2369/2369/2369 2370/2370/2370 2376/2376/2376 
f 2376/2376/2376 2370/2370/2370 2377/2377/2377 
f 2370/2370/2370 2371/2371/2371 2377/2377/2377 
f 2377/2377/2377 2371/2371/2371 2378/2378/2378 
f 2371/2371/2371 2372/2372/2372 2378/2378/2378 
f 2378/2378/2378 2372/2372/2372 2379/2379/2379 
f 2373/2373/2373 2374/2374/2374 2380/2380/2380 
f 2380/2380/2380 2374/2374/2374 2381/2381/2381 
f 2374/2374/2374 2375/2375/2375 2381/2381/2381 
f 2381/2381/2381 2375/2375/2375 2382/2382/2382 
f 2375/2375/2375 2376/2376/2376 2382/2382/2382 
f 2382/2382/2382 2376/2376/2376 2383/2383/2383 
f 2376/2376/2376 2377/2377/2377 2383/2383/2383 
f 2383/2383/2383 2377/2377/2377 2384/2384/2384 
f 2377/2377/2377 2378/2378/2378 2384/2384/2384 
f 2384/2384/2384 2378/2378/2378 2385/2385/2385 
f 2378/2378/2378 2379/2379/2379 2385/2385/2385 
f 2385/2385/2385 2379/2379/2379 2386/2386/2386 
f 2380/2380/2380 2381/2381/2381 2387/2387/2387 
f 2387/2387/2387 2381/2381/2381 2388/2388/2388 
f 2381/2381/2381 2382/2382/2382 2388/2388/2388 
f 2388/2388/2388 2382/2382/2382 2389/2389/2389 
f 2382/2382/2382 2383/2383/2383 2389/2389/2389 
f 2389/2389/2389 2383/2383/2383 2390/2390/2390 
f 2383/2383/2383 2384/2384/2384 2390/2390/2390 
f 2390/2390/2390 2384/2384/2384 2391/2391/2391 
f 2384/2384/2384 2385/2385/2385 2391/2391/2391 
f 2391/2391/2391 2385/2385/2385 2392/2392/2392 
f 2385/2385/2385 2386/2386/2386 2392/2392/2392 
f 2392/2392/2392 2386/2386/2386 2393/2393/2393 
f 2387/2387/2387 2388/2388/2388 2394/2394/2394 
f 2394/2394/2394 2388/2388/2388 2395/2395/2395 
f 2388/2388/2388 2389/2389/2389 2395/2395/2395 
f 2395/2395/2395 2389/2389/2389 2396/2396/2396 
f 2389/2389/2389 2390/2390/2390 2396/2396/2396 
f 2396/2396/2396 2390/2390/2390 2397/2397/2397 
f 2390/2390/2390 2391/2391/2391 2397/2397/2397 
f 2397/2397/2397 2391/2391/2391 2398/2398/2398 
f 2391/2391/2391 2392/2392/2392 2398/2398/2398 
f 2398/2398/2398 2392/2392/2392 2399/2399/2399 
f 2392/2392/2392 2393/2393/2393 2399/2399/2399 
f 2399/2399/2399 2393/2393/2393 2400/2400/2400 

g 61

v 109.155 478.155 49.8453 
v 109.279 478.279 50.1472 
v 109.376 478.376 50.5412 
v 109.414 478.414 51 
v 109.376 478.376 51.4588 
v 109.279 478.279 51.8528 
v 109.155 478.155 52.1547 
v 109.279 477.853 49.7208 
v 109.455 477.97 50.0299 
v 109.604 478.069 50.4655 
v 109.664 478.109 51 
v 109.604 478.069 51.5345 
v 109.455 477.97 51.9701 
v 109.279 477.853 52.2792 
v 109.376 477.459 49.6235 
v 109.604 477.535 49.931 
v 109.809 477.603 50.397 
v 109.897 477.632 51 
v 109.809 477.603 51.603 
v 109.604 477.535 52.069 
v 109.376 477.459 52.3765 
v 109.414 477 49.5858 
v 109.664 477 49.8906 
v 109.897 477 50.3675 
v 110 477 51 
v 109.897 477 51.6325 
v 109.664 477 52.1094 
v 109.414 477 52.4142 
v 109.376 476.541 49.6235 
v 109.604 476.465 49.931 
v 109.809 476.397 50.397 
v 109.897 476.368 51 
v 109.809 476.397 51.603 
v 109.604 476.465 52.069 
v 109.376 476.541 52.3765 
v 109.279 476.147 49.7208 
v 109.455 476.03 50.0299 
v 109.604 475.931 50.4655 
v 109.664 475.891 51 
v 109.604 475.931 51.5345 
v 109.455 476.03 51.9701 
v 109.279 476.147 52.2792 
v 109.155 475.845 49.8453 
v 109.279 475.721 50.1472 
v 109.376 475.624 50.5412 
v 109.414 475.586 51 
v 109.376 475.624 51.4588 
v 109.279 475.721 51.8528 
v 109.155 475.845 52.1547 
v 106.845 478.155 52.1547 
v 107.147 478.279 52.2792 
v 107.541 478.376 52.3765 
v 108 478.414 52.4142 
v 108.459 478.376 52.3765 
v 108.853 478.279 52.2792 
v 109.155 478.155 52.1547 
v 106.721 478.279 51.8528 
v 107.03 478.455 51.9701 
v 107.465 478.604 52.069 
v 108 478.664 52.1094 
v 108.535 478.604 52.069 
v 108.97 478.455 51.9701 
v 109.279 478.279 51.8528 
v 106.624 478.376 51.4588 
v 106.931 478.604 51.5345 
v 107.397 478.809 51.603 
v 108 478.897 51.6325 
v 108.603 478.809 51.603 
v 109.069 478.604 51.5345 
v 109.376 478.376 51.4588 
v 106.586 478.414 51 
v 106.891 478.664 51 
v 107.368 478.897 51 
v 108 479 51 
v 108.632 478.897 51 
v 109.109 478.664 51 
v 109.414 478.414 51 
v 106.624 478.376 50.5412 
v 106.931 478.604 50.4655 
v 107.397 478.809 50.397 
v 108 478.897 50.3675 
v 108.603 478.809 50.397 
v 109.069 478.604 50.4655 
v 109.376 478.376 50.5412 
v 106.721 478.279 50.1472 
v 107.03 478.455 50.0299 
v 107.465 478.604 49.931 
v 108 478.664 49.8906 
v 108.535 478.604 49.931 
v 108.97 478.455 50.0299 
v 109.279 478.279 50.1472 
v 106.845 478.155 49.8453 
v 107.147 478.279 49.7208 
v 107.541 478.376 49.6235 
v 108 478.414 49.5858 
v 108.459 478.376 49.6235 
v 108.853 478.279 49.7208 
v 109.155 478.155 49.8453 
v 109.155 478.155 52.1547 
v 108.853 478.279 52.2792 
v 108.459 478.376 52.3765 
v 108 478.414 52.4142 
v 107.541 478.376 52.3765 
v 107.147 478.279 52.2792 
v 106.845 478.155 52.1547 
v 109.279 477.853 52.2792 
v 108.97 477.97 52.4552 
v 108.535 478.069 52.6036 
v 108 478.109 52.6641 
v 107.465 478.069 52.6036 
v 107.03 477.97 52.4552 
v 106.721 477.853 52.2792 
v 109.376 477.459 52.3765 
v 109.069 477.535 52.6036 
v 108.603 477.603 52.8091 
v 108 477.632 52.8974 
v 107.397 477.603 52.8091 
v 106.931 477.535 52.6036 
v 106.624 477.459 52.3765 
v 109.414 477 52.4142 
v 109.109 477 52.6641 
v 108.632 477 52.8974 
v 108 477 53 
v 107.368 477 52.8974 
v 106.891 477 52.6641 
v 106.586 477 52.4142 
v 109.376 476.541 52.3765 
v 109.069 476.465 52.6036 
v 108.603 476.397 52.8091 
v 108 476.368 52.8974 
v 107.397 476.397 52.8091 
v 106.931 476.465 52.6036 
v 106.624 476.541 52.3765 
v 109.279 476.147 52.2792 
v 108.97 476.03 52.4552 
v 108.535 475.931 52.6036 
v 108 475.891 52.6641 
v 107.465 475.931 52.6036 
v 107.03 476.03 52.4552 
v 106.721 476.147 52.2792 
v 109.155 475.845 52.1547 
v 108.853 475.721 52.2792 
v 108.459 475.624 52.3765 
v 108 475.586 52.4142 
v 107.541 475.624 52.3765 
v 107.147 475.721 52.2792 
v 106.845 475.845 52.1547 
v 106.845 478.155 52.1547 
v 106.721 478.279 51.8528 
v 106.624 478.376 51.4588 
v 106.586 478.414 51 
v 106.624 478.376 50.5412 
v 106.721 478.279 50.1472 
v 106.845 478.155 49.8453 
v 106.721 477.853 52.2792 
v 106.545 477.97 51.9701 
v 106.396 478.069 51.5345 
v 106.336 478.109 51 
v 106.396 478.069 50.4655 
v 106.545 477.97 50.0299 
v 106.721 477.853 49.7208 
v 106.624 477.459 52.3765 
v 106.396 477.535 52.069 
v 106.191 477.603 51.603 
v 106.103 477.632 51 
v 106.191 477.603 50.397 
v 106.396 477.535 49.931 
v 106.624 477.459 49.6235 
v 106.586 477 52.4142 
v 106.336 477 52.1094 
v 106.103 477 51.6325 
v 106 477 51 
v 106.103 477 50.3675 
v 106.336 477 49.8906 
v 106.586 477 49.5858 
v 106.624 476.541 52.3765 
v 106.396 476.465 52.069 
v 106.191 476.397 51.603 
v 106.103 476.368 51 
v 106.191 476.397 50.397 
v 106.396 476.465 49.931 
v 106.624 476.541 49.6235 
v 106.721 476.147 52.2792 
v 106.545 476.03 51.9701 
v 106.396 475.931 51.5345 
v 106.336 475.891 51 
v 106.396 475.931 50.4655 
v 106.545 476.03 50.0299 
v 106.721 476.147 49.7208 
v 106.845 475.845 52.1547 
v 106.721 475.721 51.8528 
v 106.624 475.624 51.4588 
v 106.586 475.586 51 
v 106.624 475.624 50.5412 
v 106.721 475.721 50.1472 
v 106.845 475.845 49.8453 
v 106.845 475.845 49.8453 
v 107.147 475.721 49.7208 
v 107.541 475.624 49.6235 
v 108 475.586 49.5858 
v 108.459 475.624 49.6235 
v 108.853 475.721 49.7208 
v 109.155 475.845 49.8453 
v 106.721 475.721 50.1472 
v 107.03 475.545 50.0299 
v 107.465 475.396 49.931 
v 108 475.336 49.8906 
v 108.535 475.396 49.931 
v 108.97 475.545 50.0299 
v 109.279 475.721 50.1472 
v 106.624 475.624 50.5412 
v 106.931 475.396 50.4655 
v 107.397 475.191 50.397 
v 108 475.103 50.3675 
v 108.603 475.191 50.397 
v 109.069 475.396 50.4655 
v 109.376 475.624 50.5412 
v 106.586 475.586 51 
v 106.891 475.336 51 
v 107.368 475.103 51 
v 108 475 51 
v 108.632 475.103 51 
v 109.109 475.336 51 
v 109.414 475.586 51 
v 106.624 475.624 51.4588 
v 106.931 475.396 51.5345 
v 107.397 475.191 51.603 
v 108 475.103 51.6325 
v 108.603 475.191 51.603 
v 109.069 475.396 51.5345 
v 109.376 475.624 51.4588 
v 106.721 475.721 51.8528 
v 107.03 475.545 51.9701 
v 107.465 475.396 52.069 
v 108 475.336 52.1094 
v 108.535 475.396 52.069 
v 108.97 475.545 51.9701 
v 109.279 475.721 51.8528 
v 106.845 475.845 52.1547 
v 107.147 475.721 52.2792 
v 107.541 475.624 52.3765 
v 108 475.586 52.4142 
v 108.459 475.624 52.3765 
v 108.853 475.721 52.2792 
v 109.155 475.845 52.1547 
v 106.845 478.155 49.8453 
v 107.147 478.279 49.7208 
v 107.541 478.376 49.6235 
v 108 478.414 49.5858 
v 108.459 478.376 49.6235 
v 108.853 478.279 49.7208 
v 109.155 478.155 49.8453 
v 106.721 477.853 49.7208 
v 107.03 477.97 49.5448 
v 107.465 478.069 49.3964 
v 108 478.109 49.3359 
v 108.535 478.069 49.3964 
v 108.97 477.97 49.5448 
v 109.279 477.853 49.7208 
v 106.624 477.459 49.6235 
v 106.931 477.535 49.3964 
v 107.397 477.603 49.1909 
v 108 477.632 49.1026 
v 108.603 477.603 49.1909 
v 109.069 477.535 49.3964 
v 109.376 477.459 49.6235 
v 106.586 477 49.5858 
v 106.891 477 49.3359 
v 107.368 477 49.1026 
v 108 477 49 
v 108.632 477 49.1026 
v 109.109 477 49.3359 
v 109.414 477 49.5858 
v 106.624 476.541 49.6235 
v 106.931 476.465 49.3964 
v 107.397 476.397 49.1909 
v 108 476.368 49.1026 
v 108.603 476.397 49.1909 
v 109.069 476.465 49.3964 
v 109.376 476.541 49.6235 
v 106.721 476.147 49.7208 
v 107.03 476.03 49.5448 
v 107.465 475.931 49.3964 
v 108 475.891 49.3359 
v 108.535 475.931 49.3964 
v 108.97 476.03 49.5448 
v 109.279 476.147 49.7208 
v 106.845 475.845 49.8453 
v 107.147 475.721 49.7208 
v 107.541 475.624 49.6235 
v 108 475.586 49.5858 
v 108.459 475.624 49.6235 
v 108.853 475.721 49.7208 
v 109.155 475.845 49.8453 

vn 0.574803 0.574803 -0.574803 
vn 0.637795 0.637795 -0.425197 
vn 0.685039 0.685039 -0.228346 
vn 0.708661 0.708661 0 
vn 0.685039 0.685039 0.228346 
vn 0.637795 0.637795 0.425197 
vn 0.574803 0.574803 0.574803 
vn 0.637795 0.425197 -0.637795 
vn 0.724409 0.488189 -0.488189 
vn 0.80315 0.535433 -0.267717 
vn 0.834646 0.551181 0 
vn 0.80315 0.535433 0.267717 
vn 0.724409 0.488189 0.488189 
vn 0.637795 0.425197 0.637795 
vn 0.685039 0.228346 -0.685039 
vn 0.80315 0.267717 -0.535433 
vn 0.905512 0.299213 -0.299213 
vn 0.944882 0.314961 0 
vn 0.905512 0.299213 0.299213 
vn 0.80315 0.267717 0.535433 
vn 0.685039 0.228346 0.685039 
vn 0.708661 0 -0.708661 
vn 0.834646 0 -0.551181 
vn 0.944882 0 -0.314961 
vn 1 0 0 
vn 0.944882 0 0.314961 
vn 0.834646 0 0.551181 
vn 0.708661 0 0.708661 
vn 0.685039 -0.228346 -0.685039 
vn 0.80315 -0.267717 -0.535433 
vn 0.905512 -0.299213 -0.299213 
vn 0.944882 -0.314961 0 
vn 0.905512 -0.299213 0.299213 
vn 0.80315 -0.267717 0.535433 
vn 0.685039 -0.228346 0.685039 
vn 0.637795 -0.425197 -0.637795 
vn 0.724409 -0.488189 -0.488189 
vn 0.80315 -0.535433 -0.267717 
vn 0.834646 -0.551181 0 
vn 0.80315 -0.535433 0.267717 
vn 0.724409 -0.488189 0.488189 
vn 0.637795 -0.425197 0.637795 
vn 0.574803 -0.574803 -0.574803 
vn 0.637795 -0.637795 -0.425197 
vn 0.685039 -0.685039 -0.228346 
vn 0.708661 -0.708661 0 
vn 0.685039 -0.685039 0.228346 
vn 0.637795 -0.637795 0.425197 
vn 0.574803 -0.574803 0.574803 
vn -0.574803 0.574803 0.574803 
vn -0.425197 0.637795 0.637795 
vn -0.228346 0.685039 0.685039 
vn 0 0.708661 0.708661 
vn 0.228346 0.685039 0.685039 
vn 0.425197 0.637795 0.637795 
vn 0.574803 0.574803 0.574803 
vn -0.637795 0.637795 0.425197 
vn -0.488189 0.724409 0.488189 
vn -0.267717 0.80315 0.535433 
vn 0 0.834646 0.551181 
vn 0.267717 0.80315 0.535433 
vn 0.488189 0.724409 0.488189 
vn 0.637795 0.637795 0.425197 
vn -0.685039 0.685039 0.228346 
vn -0.535433 0.80315 0.267717 
vn -0.299213 0.905512 0.299213 
vn 0 0.944882 0.314961 
vn 0.299213 0.905512 0.299213 
vn 0.535433 0.80315 0.267717 
vn 0.685039 0.685039 0.228346 
vn -0.708661 0.708661 0 
vn -0.551181 0.834646 0 
vn -0.314961 0.944882 0 
vn 0 1 0 
vn 0.314961 0.944882 0 
vn 0.551181 0.834646 0 
vn 0.708661 0.708661 0 
vn -0.685039 0.685039 -0.228346 
vn -0.535433 0.80315 -0.267717 
vn -0.299213 0.905512 -0.299213 
vn 0 0.944882 -0.314961 
vn 0.299213 0.905512 -0.299213 
vn 0.535433 0.80315 -0.267717 
vn 0.685039 0.685039 -0.228346 
vn -0.637795 0.637795 -0.425197 
vn -0.488189 0.724409 -0.488189 
vn -0.267717 0.80315 -0.535433 
vn 0 0.834646 -0.551181 
vn 0.267717 0.80315 -0.535433 
vn 0.488189 0.724409 -0.488189 
vn 0.637795 0.637795 -0.425197 
vn -0.574803 0.574803 -0.574803 
vn -0.425197 0.637795 -0.637795 
vn -0.228346 0.685039 -0.685039 
vn 0 0.708661 -0.708661 
vn 0.228346 0.685039 -0.685039 
vn 0.425197 0.637795 -0.637795 
vn 0.574803 0.574803 -0.574803 
vn 0.574803 0.574803 0.574803 
vn 0.425197 0.637795 0.637795 
vn 0.228346 0.685039 0.685039 
vn 0 0.708661 0.708661 
vn -0.228346 0.685039 0.685039 
vn -0.425197 0.637795 0.637795 
vn -0.574803 0.574803 0.574803 
vn 0.637795 0.425197 0.637795 
vn 0.488189 0.488189 0.724409 
vn 0.267717 0.535433 0.80315 
vn 0 0.551181 0.834646 
vn -0.267717 0.535433 0.80315 
vn -0.488189 0.488189 0.724409 
vn -0.637795 0.425197 0.637795 
vn 0.685039 0.228346 0.685039 
vn 0.535433 0.267717 0.80315 
vn 0.299213 0.299213 0.905512 
vn 0 0.314961 0.944882 
vn -0.299213 0.299213 0.905512 
vn -0.535433 0.267717 0.80315 
vn -0.685039 0.228346 0.685039 
vn 0.708661 0 0.708661 
vn 0.551181 0 0.834646 
vn 0.314961 0 0.944882 
vn 0 0 1 
vn -0.314961 0 0.944882 
vn -0.551181 0 0.834646 
vn -0.708661 0 0.708661 
vn 0.685039 -0.228346 0.685039 
vn 0.535433 -0.267717 0.80315 
vn 0.299213 -0.299213 0.905512 
vn 0 -0.314961 0.944882 
vn -0.299213 -0.299213 0.905512 
vn -0.535433 -0.267717 0.80315 
vn -0.685039 -0.228346 0.685039 
vn 0.637795 -0.425197 0.637795 
vn 0.488189 -0.488189 0.724409 
vn 0.267717 -0.535433 0.80315 
vn 0 -0.551181 0.834646 
vn -0.267717 -0.535433 0.80315 
vn -0.488189 -0.488189 0.724409 
vn -0.637795 -0.425197 0.637795 
vn 0.574803 -0.574803 0.574803 
vn 0.425197 -0.637795 0.637795 
vn 0.228346 -0.685039 0.685039 
vn 0 -0.708661 0.708661 
vn -0.228346 -0.685039 0.685039 
vn -0.425197 -0.637795 0.637795 
vn -0.574803 -0.574803 0.574803 
vn -0.574803 0.574803 0.574803 
vn -0.637795 0.637795 0.425197 
vn -0.685039 0.685039 0.228346 
vn -0.708661 0.708661 0 
vn -0.685039 0.685039 -0.228346 
vn -0.637795 0.637795 -0.425197 
vn -0.574803 0.574803 -0.574803 
vn -0.637795 0.425197 0.637795 
vn -0.724409 0.488189 0.488189 
vn -0.80315 0.535433 0.267717 
vn -0.834646 0.551181 0 
vn -0.80315 0.535433 -0.267717 
vn -0.724409 0.488189 -0.488189 
vn -0.637795 0.425197 -0.637795 
vn -0.685039 0.228346 0.685039 
vn -0.80315 0.267717 0.535433 
vn -0.905512 0.299213 0.299213 
vn -0.944882 0.314961 0 
vn -0.905512 0.299213 -0.299213 
vn -0.80315 0.267717 -0.535433 
vn -0.685039 0.228346 -0.685039 
vn -0.708661 0 0.708661 
vn -0.834646 0 0.551181 
vn -0.944882 0 0.314961 
vn -1 0 0 
vn -0.944882 0 -0.314961 
vn -0.834646 0 -0.551181 
vn -0.708661 0 -0.708661 
vn -0.685039 -0.228346 0.685039 
vn -0.80315 -0.267717 0.535433 
vn -0.905512 -0.299213 0.299213 
vn -0.944882 -0.314961 0 
vn -0.905512 -0.299213 -0.299213 
vn -0.80315 -0.267717 -0.535433 
vn -0.685039 -0.228346 -0.685039 
vn -0.637795 -0.425197 0.637795 
vn -0.724409 -0.488189 0.488189 
vn -0.80315 -0.535433 0.267717 
vn -0.834646 -0.551181 0 
vn -0.80315 -0.535433 -0.267717 
vn -0.724409 -0.488189 -0.488189 
vn -0.637795 -0.425197 -0.637795 
vn -0.574803 -0.574803 0.574803 
vn -0.637795 -0.637795 0.425197 
vn -0.685039 -0.685039 0.228346 
vn -0.708661 -0.708661 0 
vn -0.685039 -0.685039 -0.228346 
vn -0.637795 -0.637795 -0.425197 
vn -0.574803 -0.574803 -0.574803 
vn -0.574803 -0.574803 -0.574803 
vn -0.425197 -0.637795 -0.637795 
vn -0.228346 -0.685039 -0.685039 
vn 0 -0.708661 -0.708661 
vn 0.228346 -0.685039 -0.685039 
vn 0.425197 -0.637795 -0.637795 
vn 0.574803 -0.574803 -0.574803 
vn -0.637795 -0.637795 -0.425197 
vn -0.488189 -0.724409 -0.488189 
vn -0.267717 -0.80315 -0.535433 
vn 0 -0.834646 -0.551181 
vn 0.267717 -0.80315 -0.535433 
vn 0.488189 -0.724409 -0.488189 
vn 0.637795 -0.637795 -0.425197 
vn -0.685039 -0.685039 -0.228346 
vn -0.535433 -0.80315 -0.267717 
vn -0.299213 -0.905512 -0.299213 
vn 0 -0.944882 -0.314961 
vn 0.299213 -0.905512 -0.299213 
vn 0.535433 -0.80315 -0.267717 
vn 0.685039 -0.685039 -0.228346 
vn -0.708661 -0.708661 0 
vn -0.551181 -0.834646 0 
vn -0.314961 -0.944882 0 
vn 0 -1 0 
vn 0.314961 -0.944882 0 
vn 0.551181 -0.834646 0 
vn 0.708661 -0.708661 0 
vn -0.685039 -0.685039 0.228346 
vn -0.535433 -0.80315 0.267717 
vn -0.299213 -0.905512 0.299213 
vn 0 -0.944882 0.314961 
vn 0.299213 -0.905512 0.299213 
vn 0.535433 -0.80315 0.267717 
vn 0.685039 -0.685039 0.228346 
vn -0.637795 -0.637795 0.425197 
vn -0.488189 -0.724409 0.488189 
vn -0.267717 -0.80315 0.535433 
vn 0 -0.834646 0.551181 
vn 0.267717 -0.80315 0.535433 
vn 0.488189 -0.724409 0.488189 
vn 0.637795 -0.637795 0.425197 
vn -0.574803 -0.574803 0.574803 
vn -0.425197 -0.637795 0.637795 
vn -0.228346 -0.685039 0.685039 
vn 0 -0.708661 0.708661 
vn 0.228346 -0.685039 0.685039 
vn 0.425197 -0.637795 0.637795 
vn 0.574803 -0.574803 0.574803 
vn -0.574803 0.574803 -0.574803 
vn -0.425197 0.637795 -0.637795 
vn -0.228346 0.685039 -0.685039 
vn 0 0.708661 -0.708661 
vn 0.228346 0.685039 -0.685039 
vn 0.425197 0.637795 -0.637795 
vn 0.574803 0.574803 -0.574803 
vn -0.637795 0.425197 -0.637795 
vn -0.488189 0.488189 -0.724409 
vn -0.267717 0.535433 -0.80315 
vn 0 0.551181 -0.834646 
vn 0.267717 0.535433 -0.80315 
vn 0.488189 0.488189 -0.724409 
vn 0.637795 0.425197 -0.637795 
vn -0.685039 0.228346 -0.685039 
vn -0.535433 0.267717 -0.80315 
vn -0.299213 0.299213 -0.905512 
vn 0 0.314961 -0.944882 
vn 0.299213 0.299213 -0.905512 
vn 0.535433 0.267717 -0.80315 
vn 0.685039 0.228346 -0.685039 
vn -0.708661 0 -0.708661 
vn -0.551181 0 -0.834646 
vn -0.314961 0 -0.944882 
vn 0 0 -1 
vn 0.314961 0 -0.944882 
vn 0.551181 0 -0.834646 
vn 0.708661 0 -0.708661 
vn -0.685039 -0.228346 -0.685039 
vn -0.535433 -0.267717 -0.80315 
vn -0.299213 -0.299213 -0.905512 
vn 0 -0.314961 -0.944882 
vn 0.299213 -0.299213 -0.905512 
vn 0.535433 -0.267717 -0.80315 
vn 0.685039 -0.228346 -0.685039 
vn -0.637795 -0.425197 -0.637795 
vn -0.488189 -0.488189 -0.724409 
vn -0.267717 -0.535433 -0.80315 
vn 0 -0.551181 -0.834646 
vn 0.267717 -0.535433 -0.80315 
vn 0.488189 -0.488189 -0.724409 
vn 0.637795 -0.425197 -0.637795 
vn -0.574803 -0.574803 -0.574803 
vn -0.425197 -0.637795 -0.637795 
vn -0.228346 -0.685039 -0.685039 
vn 0 -0.708661 -0.708661 
vn 0.228346 -0.685039 -0.685039 
vn 0.425197 -0.637795 -0.637795 
vn 0.574803 -0.574803 -0.574803 

vt 0.705112 0.68218 
vt 0.0384455 0.68218 
vt -0.628221 0.68218 
vt -1.29489 0.68218 
vt -1.96155 0.68218 
vt -2.62822 0.68218 
vt -3.29489 0.68218 
vt 0.705112 0.015513 
vt 0.0384455 0.015513 
vt -0.628221 0.015513 
vt -1.29489 0.015513 
vt -1.96155 0.015513 
vt -2.62822 0.015513 
vt -3.29489 0.015513 
vt 0.705112 -0.651154 
vt 0.0384455 -0.651154 
vt -0.628221 -0.651154 
vt -1.29489 -0.651154 
vt -1.96155 -0.651154 
vt -2.62822 -0.651154 
vt -3.29489 -0.651154 
vt 0.705112 -1.31782 
vt 0.0384455 -1.31782 
vt -0.628221 -1.31782 
vt -1.29489 -1.31782 
vt -1.96155 -1.31782 
vt -2.62822 -1.31782 
vt -3.29489 -1.31782 
vt 0.705112 -1.98449 
vt 0.0384455 -1.98449 
vt -0.628221 -1.98449 
vt -1.29489 -1.98449 
vt -1.96155 -1.98449 
vt -2.62822 -1.98449 
vt -3.29489 -1.98449 
vt 0.705112 -2.65115 
vt 0.0384455 -2.65115 
vt -0.628221 -2.65115 
vt -1.29489 -2.65115 
vt -1.96155 -2.65115 
vt -2.62822 -2.65115 
vt -3.29489 -2.65115 
vt 0.705112 -3.31782 
vt 0.0384455 -3.31782 
vt -0.628221 -3.31782 
vt -1.29489 -3.31782 
vt -1.96155 -3.31782 
vt -2.62822 -3.31782 
vt -3.29489 -3.31782 
vt 0.705112 0.68218 
vt 0.0384455 0.68218 
vt -0.628221 0.68218 
vt -1.29489 0.68218 
vt -1.96155 0.68218 
vt -2.62822 0.68218 
vt -3.29489 0.68218 
vt 0.705112 0.015513 
vt 0.0384455 0.015513 
vt -0.628221 0.015513 
vt -1.29489 0.015513 
vt -1.96155 0.015513 
vt -2.62822 0.015513 
vt -3.29489 0.015513 
vt 0.705112 -0.651154 
vt 0.0384455 -0.651154 
vt -0.628221 -0.651154 
vt -1.29489 -0.651154 
vt -1.96155 -0.651154 
vt -2.62822 -0.651154 
vt -3.29489 -0.651154 
vt 0.705112 -1.31782 
vt 0.0384455 -1.31782 
vt -0.628221 -1.31782 
vt -1.29489 -1.31782 
vt -1.96155 -1.31782 
vt -2.62822 -1.31782 
vt -3.29489 -1.31782 
vt 0.705112 -1.98449 
vt 0.0384455 -1.98449 
vt -0.628221 -1.98449 
vt -1.29489 -1.98449 
vt -1.96155 -1.98449 
vt -2.62822 -1.98449 
vt -3.29489 -1.98449 
vt 0.705112 -2.65115 
vt 0.0384455 -2.65115 
vt -0.628221 -2.65115 
vt -1.29489 -2.65115 
vt -1.96155 -2.65115 
vt -2.62822 -2.65115 
vt -3.29489 -2.65115 
vt 0.705112 -3.31782 
vt 0.0384455 -3.31782 
vt -0.628221 -3.31782 
vt -1.29489 -3.31782 
vt -1.96155 -3.31782 
vt -2.62822 -3.31782 
vt -3.29489 -3.31782 
vt 0.705112 0.68218 
vt 0.0384455 0.68218 
vt -0.628221 0.68218 
vt -1.29489 0.68218 
vt -1.96155 0.68218 
vt -2.62822 0.68218 
vt -3.29489 0.68218 
vt 0.705112 0.015513 
vt 0.0384455 0.015513 
vt -0.628221 0.015513 
vt -1.29489 0.015513 
vt -1.96155 0.015513 
vt -2.62822 0.015513 
vt -3.29489 0.015513 
vt 0.705112 -0.651154 
vt 0.0384455 -0.651154 
vt -0.628221 -0.651154 
vt -1.29489 -0.651154 
vt -1.96155 -0.651154 
vt -2.62822 -0.651154 
vt -3.29489 -0.651154 
vt 0.705112 -1.31782 
vt 0.0384455 -1.31782 
vt -0.628221 -1.31782 
vt -1.29489 -1.31782 
vt -1.96155 -1.31782 
vt -2.62822 -1.31782 
vt -3.29489 -1.31782 
vt 0.705112 -1.98449 
vt 0.0384455 -1.98449 
vt -0.628221 -1.98449 
vt -1.29489 -1.98449 
vt -1.96155 -1.98449 
vt -2.62822 -1.98449 
vt -3.29489 -1.98449 
vt 0.705112 -2.65115 
vt 0.0384455 -2.65115 
vt -0.628221 -2.65115 
vt -1.29489 -2.65115 
vt -1.96155 -2.65115 
vt -2.62822 -2.65115 
vt -3.29489 -2.65115 
vt 0.705112 -3.31782 
vt 0.0384455 -3.31782 
vt -0.628221 -3.31782 
vt -1.29489 -3.31782 
vt -1.96155 -3.31782 
vt -2.62822 -3.31782 
vt -3.29489 -3.31782 
vt 0.705112 0.68218 
vt 0.0384455 0.68218 
vt -0.628221 0.68218 
vt -1.29489 0.68218 
vt -1.96155 0.68218 
vt -2.62822 0.68218 
vt -3.29489 0.68218 
vt 0.705112 0.015513 
vt 0.0384455 0.015513 
vt -0.628221 0.015513 
vt -1.29489 0.015513 
vt -1.96155 0.015513 
vt -2.62822 0.015513 
vt -3.29489 0.015513 
vt 0.705112 -0.651154 
vt 0.0384455 -0.651154 
vt -0.628221 -0.651154 
vt -1.29489 -0.651154 
vt -1.96155 -0.651154 
vt -2.62822 -0.651154 
vt -3.29489 -0.651154 
vt 0.705112 -1.31782 
vt 0.0384455 -1.31782 
vt -0.628221 -1.31782 
vt -1.29489 -1.31782 
vt -1.96155 -1.31782 
vt -2.62822 -1.31782 
vt -3.29489 -1.31782 
vt 0.705112 -1.98449 
vt 0.0384455 -1.98449 
vt -0.628221 -1.98449 
vt -1.29489 -1.98449 
vt -1.96155 -1.98449 
vt -2.62822 -1.98449 
vt -3.29489 -1.98449 
vt 0.705112 -2.65115 
vt 0.0384455 -2.65115 
vt -0.628221 -2.65115 
vt -1.29489 -2.65115 
vt -1.96155 -2.65115 
vt -2.62822 -2.65115 
vt -3.29489 -2.65115 
vt 0.705112 -3.31782 
vt 0.0384455 -3.31782 
vt -0.628221 -3.31782 
vt -1.29489 -3.31782 
vt -1.96155 -3.31782 
vt -2.62822 -3.31782 
vt -3.29489 -3.31782 
vt 0.705112 0.68218 
vt 0.0384455 0.68218 
vt -0.628221 0.68218 
vt -1.29489 0.68218 
vt -1.96155 0.68218 
vt -2.62822 0.68218 
vt -3.29489 0.68218 
vt 0.705112 0.015513 
vt 0.0384455 0.015513 
vt -0.628221 0.015513 
vt -1.29489 0.015513 
vt -1.96155 0.015513 
vt -2.62822 0.015513 
vt -3.29489 0.015513 
vt 0.705112 -0.651154 
vt 0.0384455 -0.651154 
vt -0.628221 -0.651154 
vt -1.29489 -0.651154 
vt -1.96155 -0.651154 
vt -2.62822 -0.651154 
vt -3.29489 -0.651154 
vt 0.705112 -1.31782 
vt 0.0384455 -1.31782 
vt -0.628221 -1.31782 
vt -1.29489 -1.31782 
vt -1.96155 -1.31782 
vt -2.62822 -1.31782 
vt -3.29489 -1.31782 
vt 0.705112 -1.98449 
vt 0.0384455 -1.98449 
vt -0.628221 -1.98449 
vt -1.29489 -1.98449 
vt -1.96155 -1.98449 
vt -2.62822 -1.98449 
vt -3.29489 -1.98449 
vt 0.705112 -2.65115 
vt 0.0384455 -2.65115 
vt -0.628221 -2.65115 
vt -1.29489 -2.65115 
vt -1.96155 -2.65115 
vt -2.62822 -2.65115 
vt -3.29489 -2.65115 
vt 0.705112 -3.31782 
vt 0.0384455 -3.31782 
vt -0.628221 -3.31782 
vt -1.29489 -3.31782 
vt -1.96155 -3.31782 
vt -2.62822 -3.31782 
vt -3.29489 -3.31782 
vt 0.705112 0.68218 
vt 0.0384455 0.68218 
vt -0.628221 0.68218 
vt -1.29489 0.68218 
vt -1.96155 0.68218 
vt -2.62822 0.68218 
vt -3.29489 0.68218 
vt 0.705112 0.015513 
vt 0.0384455 0.015513 
vt -0.628221 0.015513 
vt -1.29489 0.015513 
vt -1.96155 0.015513 
vt -2.62822 0.015513 
vt -3.29489 0.015513 
vt 0.705112 -0.651154 
vt 0.0384455 -0.651154 
vt -0.628221 -0.651154 
vt -1.29489 -0.651154 
vt -1.96155 -0.651154 
vt -2.62822 -0.651154 
vt -3.29489 -0.651154 
vt 0.705112 -1.31782 
vt 0.0384455 -1.31782 
vt -0.628221 -1.31782 
vt -1.29489 -1.31782 
vt -1.96155 -1.31782 
vt -2.62822 -1.31782 
vt -3.29489 -1.31782 
vt 0.705112 -1.98449 
vt 0.0384455 -1.98449 
vt -0.628221 -1.98449 
vt -1.29489 -1.98449 
vt -1.96155 -1.98449 
vt -2.62822 -1.98449 
vt -3.29489 -1.98449 
vt 0.705112 -2.65115 
vt 0.0384455 -2.65115 
vt -0.628221 -2.65115 
vt -1.29489 -2.65115 
vt -1.96155 -2.65115 
vt -2.62822 -2.65115 
vt -3.29489 -2.65115 
vt 0.705112 -3.31782 
vt 0.0384455 -3.31782 
vt -0.628221 -3.31782 
vt -1.29489 -3.31782 
vt -1.96155 -3.31782 
vt -2.62822 -3.31782 
vt -3.29489 -3.31782 

usemtl 11Mtl

f 2401/2401/2401 2402/2402/2402 2408/2408/2408 
f 2408/2408/2408 2402/2402/2402 2409/2409/2409 
f 2402/2402/2402 2403/2403/2403 2409/2409/2409 
f 2409/2409/2409 2403/2403/2403 2410/2410/2410 
f 2403/2403/2403 2404/2404/2404 2410/2410/2410 
f 2410/2410/2410 2404/2404/2404 2411/2411/2411 
f 2404/2404/2404 2405/2405/2405 2411/2411/2411 
f 2411/2411/2411 2405/2405/2405 2412/2412/2412 
f 2405/2405/2405 2406/2406/2406 2412/2412/2412 
f 2412/2412/2412 2406/2406/2406 2413/2413/2413 
f 2406/2406/2406 2407/2407/2407 2413/2413/2413 
f 2413/2413/2413 2407/2407/2407 2414/2414/2414 
f 2408/2408/2408 2409/2409/2409 2415/2415/2415 
f 2415/2415/2415 2409/2409/2409 2416/2416/2416 
f 2409/2409/2409 2410/2410/2410 2416/2416/2416 
f 2416/2416/2416 2410/2410/2410 2417/2417/2417 
f 2410/2410/2410 2411/2411/2411 2417/2417/2417 
f 2417/2417/2417 2411/2411/2411 2418/2418/2418 
f 2411/2411/2411 2412/2412/2412 2418/2418/2418 
f 2418/2418/2418 2412/2412/2412 2419/2419/2419 
f 2412/2412/2412 2413/2413/2413 2419/2419/2419 
f 2419/2419/2419 2413/2413/2413 2420/2420/2420 
f 2413/2413/2413 2414/2414/2414 2420/2420/2420 
f 2420/2420/2420 2414/2414/2414 2421/2421/2421 
f 2415/2415/2415 2416/2416/2416 2422/2422/2422 
f 2422/2422/2422 2416/2416/2416 2423/2423/2423 
f 2416/2416/2416 2417/2417/2417 2423/2423/2423 
f 2423/2423/2423 2417/2417/2417 2424/2424/2424 
f 2417/2417/2417 2418/2418/2418 2424/2424/2424 
f 2424/2424/2424 2418/2418/2418 2425/2425/2425 
f 2418/2418/2418 2419/2419/2419 2425/2425/2425 
f 2425/2425/2425 2419/2419/2419 2426/2426/2426 
f 2419/2419/2419 2420/2420/2420 2426/2426/2426 
f 2426/2426/2426 2420/2420/2420 2427/2427/2427 
f 2420/2420/2420 2421/2421/2421 2427/2427/2427 
f 2427/2427/2427 2421/2421/2421 2428/2428/2428 
f 2422/2422/2422 2423/2423/2423 2429/2429/2429 
f 2429/2429/2429 2423/2423/2423 2430/2430/2430 
f 2423/2423/2423 2424/2424/2424 2430/2430/2430 
f 2430/2430/2430 2424/2424/2424 2431/2431/2431 
f 2424/2424/2424 2425/2425/2425 2431/2431/2431 
f 2431/2431/2431 2425/2425/2425 2432/2432/2432 
f 2425/2425/2425 2426/2426/2426 2432/2432/2432 
f 2432/2432/2432 2426/2426/2426 2433/2433/2433 
f 2426/2426/2426 2427/2427/2427 2433/2433/2433 
f 2433/2433/2433 2427/2427/2427 2434/2434/2434 
f 2427/2427/2427 2428/2428/2428 2434/2434/2434 
f 2434/2434/2434 2428/2428/2428 2435/2435/2435 
f 2429/2429/2429 2430/2430/2430 2436/2436/2436 
f 2436/2436/2436 2430/2430/2430 2437/2437/2437 
f 2430/2430/2430 2431/2431/2431 2437/2437/2437 
f 2437/2437/2437 2431/2431/2431 2438/2438/2438 
f 2431/2431/2431 2432/2432/2432 2438/2438/2438 
f 2438/2438/2438 2432/2432/2432 2439/2439/2439 
f 2432/2432/2432 2433/2433/2433 2439/2439/2439 
f 2439/2439/2439 2433/2433/2433 2440/2440/2440 
f 2433/2433/2433 2434/2434/2434 2440/2440/2440 
f 2440/2440/2440 2434/2434/2434 2441/2441/2441 
f 2434/2434/2434 2435/2435/2435 2441/2441/2441 
f 2441/2441/2441 2435/2435/2435 2442/2442/2442 
f 2436/2436/2436 2437/2437/2437 2443/2443/2443 
f 2443/2443/2443 2437/2437/2437 2444/2444/2444 
f 2437/2437/2437 2438/2438/2438 2444/2444/2444 
f 2444/2444/2444 2438/2438/2438 2445/2445/2445 
f 2438/2438/2438 2439/2439/2439 2445/2445/2445 
f 2445/2445/2445 2439/2439/2439 2446/2446/2446 
f 2439/2439/2439 2440/2440/2440 2446/2446/2446 
f 2446/2446/2446 2440/2440/2440 2447/2447/2447 
f 2440/2440/2440 2441/2441/2441 2447/2447/2447 
f 2447/2447/2447 2441/2441/2441 2448/2448/2448 
f 2441/2441/2441 2442/2442/2442 2448/2448/2448 
f 2448/2448/2448 2442/2442/2442 2449/2449/2449 
f 2450/2450/2450 2451/2451/2451 2457/2457/2457 
f 2457/2457/2457 2451/2451/2451 2458/2458/2458 
f 2451/2451/2451 2452/2452/2452 2458/2458/2458 
f 2458/2458/2458 2452/2452/2452 2459/2459/2459 
f 2452/2452/2452 2453/2453/2453 2459/2459/2459 
f 2459/2459/2459 2453/2453/2453 2460/2460/2460 
f 2453/2453/2453 2454/2454/2454 2460/2460/2460 
f 2460/2460/2460 2454/2454/2454 2461/2461/2461 
f 2454/2454/2454 2455/2455/2455 2461/2461/2461 
f 2461/2461/2461 2455/2455/2455 2462/2462/2462 
f 2455/2455/2455 2456/2456/2456 2462/2462/2462 
f 2462/2462/2462 2456/2456/2456 2463/2463/2463 
f 2457/2457/2457 2458/2458/2458 2464/2464/2464 
f 2464/2464/2464 2458/2458/2458 2465/2465/2465 
f 2458/2458/2458 2459/2459/2459 2465/2465/2465 
f 2465/2465/2465 2459/2459/2459 2466/2466/2466 
f 2459/2459/2459 2460/2460/2460 2466/2466/2466 
f 2466/2466/2466 2460/2460/2460 2467/2467/2467 
f 2460/2460/2460 2461/2461/2461 2467/2467/2467 
f 2467/2467/2467 2461/2461/2461 2468/2468/2468 
f 2461/2461/2461 2462/2462/2462 2468/2468/2468 
f 2468/2468/2468 2462/2462/2462 2469/2469/2469 
f 2462/2462/2462 2463/2463/2463 2469/2469/2469 
f 2469/2469/2469 2463/2463/2463 2470/2470/2470 
f 2464/2464/2464 2465/2465/2465 2471/2471/2471 
f 2471/2471/2471 2465/2465/2465 2472/2472/2472 
f 2465/2465/2465 2466/2466/2466 2472/2472/2472 
f 2472/2472/2472 2466/2466/2466 2473/2473/2473 
f 2466/2466/2466 2467/2467/2467 2473/2473/2473 
f 2473/2473/2473 2467/2467/2467 2474/2474/2474 
f 2467/2467/2467 2468/2468/2468 2474/2474/2474 
f 2474/2474/2474 2468/2468/2468 2475/2475/2475 
f 2468/2468/2468 2469/2469/2469 2475/2475/2475 
f 2475/2475/2475 2469/2469/2469 2476/2476/2476 
f 2469/2469/2469 2470/2470/2470 2476/2476/2476 
f 2476/2476/2476 2470/2470/2470 2477/2477/2477 
f 2471/2471/2471 2472/2472/2472 2478/2478/2478 
f 2478/2478/2478 2472/2472/2472 2479/2479/2479 
f 2472/2472/2472 2473/2473/2473 2479/2479/2479 
f 2479/2479/2479 2473/2473/2473 2480/2480/2480 
f 2473/2473/2473 2474/2474/2474 2480/2480/2480 
f 2480/2480/2480 2474/2474/2474 2481/2481/2481 
f 2474/2474/2474 2475/2475/2475 2481/2481/2481 
f 2481/2481/2481 2475/2475/2475 2482/2482/2482 
f 2475/2475/2475 2476/2476/2476 2482/2482/2482 
f 2482/2482/2482 2476/2476/2476 2483/2483/2483 
f 2476/2476/2476 2477/2477/2477 2483/2483/2483 
f 2483/2483/2483 2477/2477/2477 2484/2484/2484 
f 2478/2478/2478 2479/2479/2479 2485/2485/2485 
f 2485/2485/2485 2479/2479/2479 2486/2486/2486 
f 2479/2479/2479 2480/2480/2480 2486/2486/2486 
f 2486/2486/2486 2480/2480/2480 2487/2487/2487 
f 2480/2480/2480 2481/2481/2481 2487/2487/2487 
f 2487/2487/2487 2481/2481/2481 2488/2488/2488 
f 2481/2481/2481 2482/2482/2482 2488/2488/2488 
f 2488/2488/2488 2482/2482/2482 2489/2489/2489 
f 2482/2482/2482 2483/2483/2483 2489/2489/2489 
f 2489/2489/2489 2483/2483/2483 2490/2490/2490 
f 2483/2483/2483 2484/2484/2484 2490/2490/2490 
f 2490/2490/2490 2484/2484/2484 2491/2491/2491 
f 2485/2485/2485 2486/2486/2486 2492/2492/2492 
f 2492/2492/2492 2486/2486/2486 2493/2493/2493 
f 2486/2486/2486 2487/2487/2487 2493/2493/2493 
f 2493/2493/2493 2487/2487/2487 2494/2494/2494 
f 2487/2487/2487 2488/2488/2488 2494/2494/2494 
f 2494/2494/2494 2488/2488/2488 2495/2495/2495 
f 2488/2488/2488 2489/2489/2489 2495/2495/2495 
f 2495/2495/2495 2489/2489/2489 2496/2496/2496 
f 2489/2489/2489 2490/2490/2490 2496/2496/2496 
f 2496/2496/2496 2490/2490/2490 2497/2497/2497 
f 2490/2490/2490 2491/2491/2491 2497/2497/2497 
f 2497/2497/2497 2491/2491/2491 2498/2498/2498 
f 2499/2499/2499 2500/2500/2500 2506/2506/2506 
f 2506/2506/2506 2500/2500/2500 2507/2507/2507 
f 2500/2500/2500 2501/2501/2501 2507/2507/2507 
f 2507/2507/2507 2501/2501/2501 2508/2508/2508 
f 2501/2501/2501 2502/2502/2502 2508/2508/2508 
f 2508/2508/2508 2502/2502/2502 2509/2509/2509 
f 2502/2502/2502 2503/2503/2503 2509/2509/2509 
f 2509/2509/2509 2503/2503/2503 2510/2510/2510 
f 2503/2503/2503 2504/2504/2504 2510/2510/2510 
f 2510/2510/2510 2504/2504/2504 2511/2511/2511 
f 2504/2504/2504 2505/2505/2505 2511/2511/2511 
f 2511/2511/2511 2505/2505/2505 2512/2512/2512 
f 2506/2506/2506 2507/2507/2507 2513/2513/2513 
f 2513/2513/2513 2507/2507/2507 2514/2514/2514 
f 2507/2507/2507 2508/2508/2508 2514/2514/2514 
f 2514/2514/2514 2508/2508/2508 2515/2515/2515 
f 2508/2508/2508 2509/2509/2509 2515/2515/2515 
f 2515/2515/2515 2509/2509/2509 2516/2516/2516 
f 2509/2509/2509 2510/2510/2510 2516/2516/2516 
f 2516/2516/2516 2510/2510/2510 2517/2517/2517 
f 2510/2510/2510 2511/2511/2511 2517/2517/2517 
f 2517/2517/2517 2511/2511/2511 2518/2518/2518 
f 2511/2511/2511 2512/2512/2512 2518/2518/2518 
f 2518/2518/2518 2512/2512/2512 2519/2519/2519 
f 2513/2513/2513 2514/2514/2514 2520/2520/2520 
f 2520/2520/2520 2514/2514/2514 2521/2521/2521 
f 2514/2514/2514 2515/2515/2515 2521/2521/2521 
f 2521/2521/2521 2515/2515/2515 2522/2522/2522 
f 2515/2515/2515 2516/2516/2516 2522/2522/2522 
f 2522/2522/2522 2516/2516/2516 2523/2523/2523 
f 2516/2516/2516 2517/2517/2517 2523/2523/2523 
f 2523/2523/2523 2517/2517/2517 2524/2524/2524 
f 2517/2517/2517 2518/2518/2518 2524/2524/2524 
f 2524/2524/2524 2518/2518/2518 2525/2525/2525 
f 2518/2518/2518 2519/2519/2519 2525/2525/2525 
f 2525/2525/2525 2519/2519/2519 2526/2526/2526 
f 2520/2520/2520 2521/2521/2521 2527/2527/2527 
f 2527/2527/2527 2521/2521/2521 2528/2528/2528 
f 2521/2521/2521 2522/2522/2522 2528/2528/2528 
f 2528/2528/2528 2522/2522/2522 2529/2529/2529 
f 2522/2522/2522 2523/2523/2523 2529/2529/2529 
f 2529/2529/2529 2523/2523/2523 2530/2530/2530 
f 2523/2523/2523 2524/2524/2524 2530/2530/2530 
f 2530/2530/2530 2524/2524/2524 2531/2531/2531 
f 2524/2524/2524 2525/2525/2525 2531/2531/2531 
f 2531/2531/2531 2525/2525/2525 2532/2532/2532 
f 2525/2525/2525 2526/2526/2526 2532/2532/2532 
f 2532/2532/2532 2526/2526/2526 2533/2533/2533 
f 2527/2527/2527 2528/2528/2528 2534/2534/2534 
f 2534/2534/2534 2528/2528/2528 2535/2535/2535 
f 2528/2528/2528 2529/2529/2529 2535/2535/2535 
f 2535/2535/2535 2529/2529/2529 2536/2536/2536 
f 2529/2529/2529 2530/2530/2530 2536/2536/2536 
f 2536/2536/2536 2530/2530/2530 2537/2537/2537 
f 2530/2530/2530 2531/2531/2531 2537/2537/2537 
f 2537/2537/2537 2531/2531/2531 2538/2538/2538 
f 2531/2531/2531 2532/2532/2532 2538/2538/2538 
f 2538/2538/2538 2532/2532/2532 2539/2539/2539 
f 2532/2532/2532 2533/2533/2533 2539/2539/2539 
f 2539/2539/2539 2533/2533/2533 2540/2540/2540 
f 2534/2534/2534 2535/2535/2535 2541/2541/2541 
f 2541/2541/2541 2535/2535/2535 2542/2542/2542 
f 2535/2535/2535 2536/2536/2536 2542/2542/2542 
f 2542/2542/2542 2536/2536/2536 2543/2543/2543 
f 2536/2536/2536 2537/2537/2537 2543/2543/2543 
f 2543/2543/2543 2537/2537/2537 2544/2544/2544 
f 2537/2537/2537 2538/2538/2538 2544/2544/2544 
f 2544/2544/2544 2538/2538/2538 2545/2545/2545 
f 2538/2538/2538 2539/2539/2539 2545/2545/2545 
f 2545/2545/2545 2539/2539/2539 2546/2546/2546 
f 2539/2539/2539 2540/2540/2540 2546/2546/2546 
f 2546/2546/2546 2540/2540/2540 2547/2547/2547 
f 2548/2548/2548 2549/2549/2549 2555/2555/2555 
f 2555/2555/2555 2549/2549/2549 2556/2556/2556 
f 2549/2549/2549 2550/2550/2550 2556/2556/2556 
f 2556/2556/2556 2550/2550/2550 2557/2557/2557 
f 2550/2550/2550 2551/2551/2551 2557/2557/2557 
f 2557/2557/2557 2551/2551/2551 2558/2558/2558 
f 2551/2551/2551 2552/2552/2552 2558/2558/2558 
f 2558/2558/2558 2552/2552/2552 2559/2559/2559 
f 2552/2552/2552 2553/2553/2553 2559/2559/2559 
f 2559/2559/2559 2553/2553/2553 2560/2560/2560 
f 2553/2553/2553 2554/2554/2554 2560/2560/2560 
f 2560/2560/2560 2554/2554/2554 2561/2561/2561 
f 2555/2555/2555 2556/2556/2556 2562/2562/2562 
f 2562/2562/2562 2556/2556/2556 2563/2563/2563 
f 2556/2556/2556 2557/2557/2557 2563/2563/2563 
f 2563/2563/2563 2557/2557/2557 2564/2564/2564 
f 2557/2557/2557 2558/2558/2558 2564/2564/2564 
f 2564/2564/2564 2558/2558/2558 2565/2565/2565 
f 2558/2558/2558 2559/2559/2559 2565/2565/2565 
f 2565/2565/2565 2559/2559/2559 2566/2566/2566 
f 2559/2559/2559 2560/2560/2560 2566/2566/2566 
f 2566/2566/2566 2560/2560/2560 2567/2567/2567 
f 2560/2560/2560 2561/2561/2561 2567/2567/2567 
f 2567/2567/2567 2561/2561/2561 2568/2568/2568 
f 2562/2562/2562 2563/2563/2563 2569/2569/2569 
f 2569/2569/2569 2563/2563/2563 2570/2570/2570 
f 2563/2563/2563 2564/2564/2564 2570/2570/2570 
f 2570/2570/2570 2564/2564/2564 2571/2571/2571 
f 2564/2564/2564 2565/2565/2565 2571/2571/2571 
f 2571/2571/2571 2565/2565/2565 2572/2572/2572 
f 2565/2565/2565 2566/2566/2566 2572/2572/2572 
f 2572/2572/2572 2566/2566/2566 2573/2573/2573 
f 2566/2566/2566 2567/2567/2567 2573/2573/2573 
f 2573/2573/2573 2567/2567/2567 2574/2574/2574 
f 2567/2567/2567 2568/2568/2568 2574/2574/2574 
f 2574/2574/2574 2568/2568/2568 2575/2575/2575 
f 2569/2569/2569 2570/2570/2570 2576/2576/2576 
f 2576/2576/2576 2570/2570/2570 2577/2577/2577 
f 2570/2570/2570 2571/2571/2571 2577/2577/2577 
f 2577/2577/2577 2571/2571/2571 2578/2578/2578 
f 2571/2571/2571 2572/2572/2572 2578/2578/2578 
f 2578/2578/2578 2572/2572/2572 2579/2579/2579 
f 2572/2572/2572 2573/2573/2573 2579/2579/2579 
f 2579/2579/2579 2573/2573/2573 2580/2580/2580 
f 2573/2573/2573 2574/2574/2574 2580/2580/2580 
f 2580/2580/2580 2574/2574/2574 2581/2581/2581 
f 2574/2574/2574 2575/2575/2575 2581/2581/2581 
f 2581/2581/2581 2575/2575/2575 2582/2582/2582 
f 2576/2576/2576 2577/2577/2577 2583/2583/2583 
f 2583/2583/2583 2577/2577/2577 2584/2584/2584 
f 2577/2577/2577 2578/2578/2578 2584/2584/2584 
f 2584/2584/2584 2578/2578/2578 2585/2585/2585 
f 2578/2578/2578 2579/2579/2579 2585/2585/2585 
f 2585/2585/2585 2579/2579/2579 2586/2586/2586 
f 2579/2579/2579 2580/2580/2580 2586/2586/2586 
f 2586/2586/2586 2580/2580/2580 2587/2587/2587 
f 2580/2580/2580 2581/2581/2581 2587/2587/2587 
f 2587/2587/2587 2581/2581/2581 2588/2588/2588 
f 2581/2581/2581 2582/2582/2582 2588/2588/2588 
f 2588/2588/2588 2582/2582/2582 2589/2589/2589 
f 2583/2583/2583 2584/2584/2584 2590/2590/2590 
f 2590/2590/2590 2584/2584/2584 2591/2591/2591 
f 2584/2584/2584 2585/2585/2585 2591/2591/2591 
f 2591/2591/2591 2585/2585/2585 2592/2592/2592 
f 2585/2585/2585 2586/2586/2586 2592/2592/2592 
f 2592/2592/2592 2586/2586/2586 2593/2593/2593 
f 2586/2586/2586 2587/2587/2587 2593/2593/2593 
f 2593/2593/2593 2587/2587/2587 2594/2594/2594 
f 2587/2587/2587 2588/2588/2588 2594/2594/2594 
f 2594/2594/2594 2588/2588/2588 2595/2595/2595 
f 2588/2588/2588 2589/2589/2589 2595/2595/2595 
f 2595/2595/2595 2589/2589/2589 2596/2596/2596 
f 2597/2597/2597 2598/2598/2598 2604/2604/2604 
f 2604/2604/2604 2598/2598/2598 2605/2605/2605 
f 2598/2598/2598 2599/2599/2599 2605/2605/2605 
f 2605/2605/2605 2599/2599/2599 2606/2606/2606 
f 2599/2599/2599 2600/2600/2600 2606/2606/2606 
f 2606/2606/2606 2600/2600/2600 2607/2607/2607 
f 2600/2600/2600 2601/2601/2601 2607/2607/2607 
f 2607/2607/2607 2601/2601/2601 2608/2608/2608 
f 2601/2601/2601 2602/2602/2602 2608/2608/2608 
f 2608/2608/2608 2602/2602/2602 2609/2609/2609 
f 2602/2602/2602 2603/2603/2603 2609/2609/2609 
f 2609/2609/2609 2603/2603/2603 2610/2610/2610 
f 2604/2604/2604 2605/2605/2605 2611/2611/2611 
f 2611/2611/2611 2605/2605/2605 2612/2612/2612 
f 2605/2605/2605 2606/2606/2606 2612/2612/2612 
f 2612/2612/2612 2606/2606/2606 2613/2613/2613 
f 2606/2606/2606 2607/2607/2607 2613/2613/2613 
f 2613/2613/2613 2607/2607/2607 2614/2614/2614 
f 2607/2607/2607 2608/2608/2608 2614/2614/2614 
f 2614/2614/2614 2608/2608/2608 2615/2615/2615 
f 2608/2608/2608 2609/2609/2609 2615/2615/2615 
f 2615/2615/2615 2609/2609/2609 2616/2616/2616 
f 2609/2609/2609 2610/2610/2610 2616/2616/2616 
f 2616/2616/2616 2610/2610/2610 2617/2617/2617 
f 2611/2611/2611 2612/2612/2612 2618/2618/2618 
f 2618/2618/2618 2612/2612/2612 2619/2619/2619 
f 2612/2612/2612 2613/2613/2613 2619/2619/2619 
f 2619/2619/2619 2613/2613/2613 2620/2620/2620 
f 2613/2613/2613 2614/2614/2614 2620/2620/2620 
f 2620/2620/2620 2614/2614/2614 2621/2621/2621 
f 2614/2614/2614 2615/2615/2615 2621/2621/2621 
f 2621/2621/2621 2615/2615/2615 2622/2622/2622 
f 2615/2615/2615 2616/2616/2616 2622/2622/2622 
f 2622/2622/2622 2616/2616/2616 2623/2623/2623 
f 2616/2616/2616 2617/2617/2617 2623/2623/2623 
f 2623/2623/2623 2617/2617/2617 2624/2624/2624 
f 2618/2618/2618 2619/2619/2619 2625/2625/2625 
f 2625/2625/2625 2619/2619/2619 2626/2626/2626 
f 2619/2619/2619 2620/2620/2620 2626/2626/2626 
f 2626/2626/2626 2620/2620/2620 2627/2627/2627 
f 2620/2620/2620 2621/2621/2621 2627/2627/2627 
f 2627/2627/2627 2621/2621/2621 2628/2628/2628 
f 2621/2621/2621 2622/2622/2622 2628/2628/2628 
f 2628/2628/2628 2622/2622/2622 2629/2629/2629 
f 2622/2622/2622 2623/2623/2623 2629/2629/2629 
f 2629/2629/2629 2623/2623/2623 2630/2630/2630 
f 2623/2623/2623 2624/2624/2624 2630/2630/2630 
f 2630/2630/2630 2624/2624/2624 2631/2631/2631 
f 2625/2625/2625 2626/2626/2626 2632/2632/2632 
f 2632/2632/2632 2626/2626/2626 2633/2633/2633 
f 2626/2626/2626 2627/2627/2627 2633/2633/2633 
f 2633/2633/2633 2627/2627/2627 2634/2634/2634 
f 2627/2627/2627 2628/2628/2628 2634/2634/2634 
f 2634/2634/2634 2628/2628/2628 2635/2635/2635 
f 2628/2628/2628 2629/2629/2629 2635/2635/2635 
f 2635/2635/2635 2629/2629/2629 2636/2636/2636 
f 2629/2629/2629 2630/2630/2630 2636/2636/2636 
f 2636/2636/2636 2630/2630/2630 2637/2637/2637 
f 2630/2630/2630 2631/2631/2631 2637/2637/2637 
f 2637/2637/2637 2631/2631/2631 2638/2638/2638 
f 2632/2632/2632 2633/2633/2633 2639/2639/2639 
f 2639/2639/2639 2633/2633/2633 2640/2640/2640 
f 2633/2633/2633 2634/2634/2634 2640/2640/2640 
f 2640/2640/2640 2634/2634/2634 2641/2641/2641 
f 2634/2634/2634 2635/2635/2635 2641/2641/2641 
f 2641/2641/2641 2635/2635/2635 2642/2642/2642 
f 2635/2635/2635 2636/2636/2636 2642/2642/2642 
f 2642/2642/2642 2636/2636/2636 2643/2643/2643 
f 2636/2636/2636 2637/2637/2637 2643/2643/2643 
f 2643/2643/2643 2637/2637/2637 2644/2644/2644 
f 2637/2637/2637 2638/2638/2638 2644/2644/2644 
f 2644/2644/2644 2638/2638/2638 2645/2645/2645 
f 2646/2646/2646 2647/2647/2647 2653/2653/2653 
f 2653/2653/2653 2647/2647/2647 2654/2654/2654 
f 2647/2647/2647 2648/2648/2648 2654/2654/2654 
f 2654/2654/2654 2648/2648/2648 2655/2655/2655 
f 2648/2648/2648 2649/2649/2649 2655/2655/2655 
f 2655/2655/2655 2649/2649/2649 2656/2656/2656 
f 2649/2649/2649 2650/2650/2650 2656/2656/2656 
f 2656/2656/2656 2650/2650/2650 2657/2657/2657 
f 2650/2650/2650 2651/2651/2651 2657/2657/2657 
f 2657/2657/2657 2651/2651/2651 2658/2658/2658 
f 2651/2651/2651 2652/2652/2652 2658/2658/2658 
f 2658/2658/2658 2652/2652/2652 2659/2659/2659 
f 2653/2653/2653 2654/2654/2654 2660/2660/2660 
f 2660/2660/2660 2654/2654/2654 2661/2661/2661 
f 2654/2654/2654 2655/2655/2655 2661/2661/2661 
f 2661/2661/2661 2655/2655/2655 2662/2662/2662 
f 2655/2655/2655 2656/2656/2656 2662/2662/2662 
f 2662/2662/2662 2656/2656/2656 2663/2663/2663 
f 2656/2656/2656 2657/2657/2657 2663/2663/2663 
f 2663/2663/2663 2657/2657/2657 2664/2664/2664 
f 2657/2657/2657 2658/2658/2658 2664/2664/2664 
f 2664/2664/2664 2658/2658/2658 2665/2665/2665 
f 2658/2658/2658 2659/2659/2659 2665/2665/2665 
f 2665/2665/2665 2659/2659/2659 2666/2666/2666 
f 2660/2660/2660 2661/2661/2661 2667/2667/2667 
f 2667/2667/2667 2661/2661/2661 2668/2668/2668 
f 2661/2661/2661 2662/2662/2662 2668/2668/2668 
f 2668/2668/2668 2662/2662/2662 2669/2669/2669 
f 2662/2662/2662 2663/2663/2663 2669/2669/2669 
f 2669/2669/2669 2663/2663/2663 2670/2670/2670 
f 2663/2663/2663 2664/2664/2664 2670/2670/2670 
f 2670/2670/2670 2664/2664/2664 2671/2671/2671 
f 2664/2664/2664 2665/2665/2665 2671/2671/2671 
f 2671/2671/2671 2665/2665/2665 2672/2672/2672 
f 2665/2665/2665 2666/2666/2666 2672/2672/2672 
f 2672/2672/2672 2666/2666/2666 2673/2673/2673 
f 2667/2667/2667 2668/2668/2668 2674/2674/2674 
f 2674/2674/2674 2668/2668/2668 2675/2675/2675 
f 2668/2668/2668 2669/2669/2669 2675/2675/2675 
f 2675/2675/2675 2669/2669/2669 2676/2676/2676 
f 2669/2669/2669 2670/2670/2670 2676/2676/2676 
f 2676/2676/2676 2670/2670/2670 2677/2677/2677 
f 2670/2670/2670 2671/2671/2671 2677/2677/2677 
f 2677/2677/2677 2671/2671/2671 2678/2678/2678 
f 2671/2671/2671 2672/2672/2672 2678/2678/2678 
f 2678/2678/2678 2672/2672/2672 2679/2679/2679 
f 2672/2672/2672 2673/2673/2673 2679/2679/2679 
f 2679/2679/2679 2673/2673/2673 2680/2680/2680 
f 2674/2674/2674 2675/2675/2675 2681/2681/2681 
f 2681/2681/2681 2675/2675/2675 2682/2682/2682 
f 2675/2675/2675 2676/2676/2676 2682/2682/2682 
f 2682/2682/2682 2676/2676/2676 2683/2683/2683 
f 2676/2676/2676 2677/2677/2677 2683/2683/2683 
f 2683/2683/2683 2677/2677/2677 2684/2684/2684 
f 2677/2677/2677 2678/2678/2678 2684/2684/2684 
f 2684/2684/2684 2678/2678/2678 2685/2685/2685 
f 2678/2678/2678 2679/2679/2679 2685/2685/2685 
f 2685/2685/2685 2679/2679/2679 2686/2686/2686 
f 2679/2679/2679 2680/2680/2680 2686/2686/2686 
f 2686/2686/2686 2680/2680/2680 2687/2687/2687 
f 2681/2681/2681 2682/2682/2682 2688/2688/2688 
f 2688/2688/2688 2682/2682/2682 2689/2689/2689 
f 2682/2682/2682 2683/2683/2683 2689/2689/2689 
f 2689/2689/2689 2683/2683/2683 2690/2690/2690 
f 2683/2683/2683 2684/2684/2684 2690/2690/2690 
f 2690/2690/2690 2684/2684/2684 2691/2691/2691 
f 2684/2684/2684 2685/2685/2685 2691/2691/2691 
f 2691/2691/2691 2685/2685/2685 2692/2692/2692 
f 2685/2685/2685 2686/2686/2686 2692/2692/2692 
f 2692/2692/2692 2686/2686/2686 2693/2693/2693 
f 2686/2686/2686 2687/2687/2687 2693/2693/2693 
f 2693/2693/2693 2687/2687/2687 2694/2694/2694 

g 51

v 43.1547 478.155 -43.1547 
v 43.2792 478.279 -42.8528 
v 43.3765 478.376 -42.4588 
v 43.4142 478.414 -42 
v 43.3765 478.376 -41.5412 
v 43.2792 478.279 -41.1472 
v 43.1547 478.155 -40.8453 
v 43.2792 477.853 -43.2792 
v 43.4552 477.97 -42.9701 
v 43.6036 478.069 -42.5345 
v 43.6641 478.109 -42 
v 43.6036 478.069 -41.4655 
v 43.4552 477.97 -41.0299 
v 43.2792 477.853 -40.7208 
v 43.3765 477.459 -43.3765 
v 43.6036 477.535 -43.069 
v 43.8091 477.603 -42.603 
v 43.8974 477.632 -42 
v 43.8091 477.603 -41.397 
v 43.6036 477.535 -40.931 
v 43.3765 477.459 -40.6235 
v 43.4142 477 -43.4142 
v 43.6641 477 -43.1094 
v 43.8974 477 -42.6325 
v 44 477 -42 
v 43.8974 477 -41.3675 
v 43.6641 477 -40.8906 
v 43.4142 477 -40.5858 
v 43.3765 476.541 -43.3765 
v 43.6036 476.465 -43.069 
v 43.8091 476.397 -42.603 
v 43.8974 476.368 -42 
v 43.8091 476.397 -41.397 
v 43.6036 476.465 -40.931 
v 43.3765 476.541 -40.6235 
v 43.2792 476.147 -43.2792 
v 43.4552 476.03 -42.9701 
v 43.6036 475.931 -42.5345 
v 43.6641 475.891 -42 
v 43.6036 475.931 -41.4655 
v 43.4552 476.03 -41.0299 
v 43.2792 476.147 -40.7208 
v 43.1547 475.845 -43.1547 
v 43.2792 475.721 -42.8528 
v 43.3765 475.624 -42.4588 
v 43.4142 475.586 -42 
v 43.3765 475.624 -41.5412 
v 43.2792 475.721 -41.1472 
v 43.1547 475.845 -40.8453 
v 40.8453 478.155 -40.8453 
v 41.1472 478.279 -40.7208 
v 41.5412 478.376 -40.6235 
v 42 478.414 -40.5858 
v 42.4588 478.376 -40.6235 
v 42.8528 478.279 -40.7208 
v 43.1547 478.155 -40.8453 
v 40.7208 478.279 -41.1472 
v 41.0299 478.455 -41.0299 
v 41.4655 478.604 -40.931 
v 42 478.664 -40.8906 
v 42.5345 478.604 -40.931 
v 42.9701 478.455 -41.0299 
v 43.2792 478.279 -41.1472 
v 40.6235 478.376 -41.5412 
v 40.931 478.604 -41.4655 
v 41.397 478.809 -41.397 
v 42 478.897 -41.3675 
v 42.603 478.809 -41.397 
v 43.069 478.604 -41.4655 
v 43.3765 478.376 -41.5412 
v 40.5858 478.414 -42 
v 40.8906 478.664 -42 
v 41.3675 478.897 -42 
v 42 479 -42 
v 42.6325 478.897 -42 
v 43.1094 478.664 -42 
v 43.4142 478.414 -42 
v 40.6235 478.376 -42.4588 
v 40.931 478.604 -42.5345 
v 41.397 478.809 -42.603 
v 42 478.897 -42.6325 
v 42.603 478.809 -42.603 
v 43.069 478.604 -42.5345 
v 43.3765 478.376 -42.4588 
v 40.7208 478.279 -42.8528 
v 41.0299 478.455 -42.9701 
v 41.4655 478.604 -43.069 
v 42 478.664 -43.1094 
v 42.5345 478.604 -43.069 
v 42.9701 478.455 -42.9701 
v 43.2792 478.279 -42.8528 
v 40.8453 478.155 -43.1547 
v 41.1472 478.279 -43.2792 
v 41.5412 478.376 -43.3765 
v 42 478.414 -43.4142 
v 42.4588 478.376 -43.3765 
v 42.8528 478.279 -43.2792 
v 43.1547 478.155 -43.1547 
v 43.1547 478.155 -40.8453 
v 42.8528 478.279 -40.7208 
v 42.4588 478.376 -40.6235 
v 42 478.414 -40.5858 
v 41.5412 478.376 -40.6235 
v 41.1472 478.279 -40.7208 
v 40.8453 478.155 -40.8453 
v 43.2792 477.853 -40.7208 
v 42.9701 477.97 -40.5448 
v 42.5345 478.069 -40.3964 
v 42 478.109 -40.3359 
v 41.4655 478.069 -40.3964 
v 41.0299 477.97 -40.5448 
v 40.7208 477.853 -40.7208 
v 43.3765 477.459 -40.6235 
v 43.069 477.535 -40.3964 
v 42.603 477.603 -40.1909 
v 42 477.632 -40.1026 
v 41.397 477.603 -40.1909 
v 40.931 477.535 -40.3964 
v 40.6235 477.459 -40.6235 
v 43.4142 477 -40.5858 
v 43.1094 477 -40.3359 
v 42.6325 477 -40.1026 
v 42 477 -40 
v 41.3675 477 -40.1026 
v 40.8906 477 -40.3359 
v 40.5858 477 -40.5858 
v 43.3765 476.541 -40.6235 
v 43.069 476.465 -40.3964 
v 42.603 476.397 -40.1909 
v 42 476.368 -40.1026 
v 41.397 476.397 -40.1909 
v 40.931 476.465 -40.3964 
v 40.6235 476.541 -40.6235 
v 43.2792 476.147 -40.7208 
v 42.9701 476.03 -40.5448 
v 42.5345 475.931 -40.3964 
v 42 475.891 -40.3359 
v 41.4655 475.931 -40.3964 
v 41.0299 476.03 -40.5448 
v 40.7208 476.147 -40.7208 
v 43.1547 475.845 -40.8453 
v 42.8528 475.721 -40.7208 
v 42.4588 475.624 -40.6235 
v 42 475.586 -40.5858 
v 41.5412 475.624 -40.6235 
v 41.1472 475.721 -40.7208 
v 40.8453 475.845 -40.8453 
v 40.8453 478.155 -40.8453 
v 40.7208 478.279 -41.1472 
v 40.6235 478.376 -41.5412 
v 40.5858 478.414 -42 
v 40.6235 478.376 -42.4588 
v 40.7208 478.279 -42.8528 
v 40.8453 478.155 -43.1547 
v 40.7208 477.853 -40.7208 
v 40.5448 477.97 -41.0299 
v 40.3964 478.069 -41.4655 
v 40.3359 478.109 -42 
v 40.3964 478.069 -42.5345 
v 40.5448 477.97 -42.9701 
v 40.7208 477.853 -43.2792 
v 40.6235 477.459 -40.6235 
v 40.3964 477.535 -40.931 
v 40.1909 477.603 -41.397 
v 40.1026 477.632 -42 
v 40.1909 477.603 -42.603 
v 40.3964 477.535 -43.069 
v 40.6235 477.459 -43.3765 
v 40.5858 477 -40.5858 
v 40.3359 477 -40.8906 
v 40.1026 477 -41.3675 
v 40 477 -42 
v 40.1026 477 -42.6325 
v 40.3359 477 -43.1094 
v 40.5858 477 -43.4142 
v 40.6235 476.541 -40.6235 
v 40.3964 476.465 -40.931 
v 40.1909 476.397 -41.397 
v 40.1026 476.368 -42 
v 40.1909 476.397 -42.603 
v 40.3964 476.465 -43.069 
v 40.6235 476.541 -43.3765 
v 40.7208 476.147 -40.7208 
v 40.5448 476.03 -41.0299 
v 40.3964 475.931 -41.4655 
v 40.3359 475.891 -42 
v 40.3964 475.931 -42.5345 
v 40.5448 476.03 -42.9701 
v 40.7208 476.147 -43.2792 
v 40.8453 475.845 -40.8453 
v 40.7208 475.721 -41.1472 
v 40.6235 475.624 -41.5412 
v 40.5858 475.586 -42 
v 40.6235 475.624 -42.4588 
v 40.7208 475.721 -42.8528 
v 40.8453 475.845 -43.1547 
v 40.8453 475.845 -43.1547 
v 41.1472 475.721 -43.2792 
v 41.5412 475.624 -43.3765 
v 42 475.586 -43.4142 
v 42.4588 475.624 -43.3765 
v 42.8528 475.721 -43.2792 
v 43.1547 475.845 -43.1547 
v 40.7208 475.721 -42.8528 
v 41.0299 475.545 -42.9701 
v 41.4655 475.396 -43.069 
v 42 475.336 -43.1094 
v 42.5345 475.396 -43.069 
v 42.9701 475.545 -42.9701 
v 43.2792 475.721 -42.8528 
v 40.6235 475.624 -42.4588 
v 40.931 475.396 -42.5345 
v 41.397 475.191 -42.603 
v 42 475.103 -42.6325 
v 42.603 475.191 -42.603 
v 43.069 475.396 -42.5345 
v 43.3765 475.624 -42.4588 
v 40.5858 475.586 -42 
v 40.8906 475.336 -42 
v 41.3675 475.103 -42 
v 42 475 -42 
v 42.6325 475.103 -42 
v 43.1094 475.336 -42 
v 43.4142 475.586 -42 
v 40.6235 475.624 -41.5412 
v 40.931 475.396 -41.4655 
v 41.397 475.191 -41.397 
v 42 475.103 -41.3675 
v 42.603 475.191 -41.397 
v 43.069 475.396 -41.4655 
v 43.3765 475.624 -41.5412 
v 40.7208 475.721 -41.1472 
v 41.0299 475.545 -41.0299 
v 41.4655 475.396 -40.931 
v 42 475.336 -40.8906 
v 42.5345 475.396 -40.931 
v 42.9701 475.545 -41.0299 
v 43.2792 475.721 -41.1472 
v 40.8453 475.845 -40.8453 
v 41.1472 475.721 -40.7208 
v 41.5412 475.624 -40.6235 
v 42 475.586 -40.5858 
v 42.4588 475.624 -40.6235 
v 42.8528 475.721 -40.7208 
v 43.1547 475.845 -40.8453 
v 40.8453 478.155 -43.1547 
v 41.1472 478.279 -43.2792 
v 41.5412 478.376 -43.3765 
v 42 478.414 -43.4142 
v 42.4588 478.376 -43.3765 
v 42.8528 478.279 -43.2792 
v 43.1547 478.155 -43.1547 
v 40.7208 477.853 -43.2792 
v 41.0299 477.97 -43.4552 
v 41.4655 478.069 -43.6036 
v 42 478.109 -43.6641 
v 42.5345 478.069 -43.6036 
v 42.9701 477.97 -43.4552 
v 43.2792 477.853 -43.2792 
v 40.6235 477.459 -43.3765 
v 40.931 477.535 -43.6036 
v 41.397 477.603 -43.8091 
v 42 477.632 -43.8974 
v 42.603 477.603 -43.8091 
v 43.069 477.535 -43.6036 
v 43.3765 477.459 -43.3765 
v 40.5858 477 -43.4142 
v 40.8906 477 -43.6641 
v 41.3675 477 -43.8974 
v 42 477 -44 
v 42.6325 477 -43.8974 
v 43.1094 477 -43.6641 
v 43.4142 477 -43.4142 
v 40.6235 476.541 -43.3765 
v 40.931 476.465 -43.6036 
v 41.397 476.397 -43.8091 
v 42 476.368 -43.8974 
v 42.603 476.397 -43.8091 
v 43.069 476.465 -43.6036 
v 43.3765 476.541 -43.3765 
v 40.7208 476.147 -43.2792 
v 41.0299 476.03 -43.4552 
v 41.4655 475.931 -43.6036 
v 42 475.891 -43.6641 
v 42.5345 475.931 -43.6036 
v 42.9701 476.03 -43.4552 
v 43.2792 476.147 -43.2792 
v 40.8453 475.845 -43.1547 
v 41.1472 475.721 -43.2792 
v 41.5412 475.624 -43.3765 
v 42 475.586 -43.4142 
v 42.4588 475.624 -43.3765 
v 42.8528 475.721 -43.2792 
v 43.1547 475.845 -43.1547 

vn 0.574803 0.574803 -0.574803 
vn 0.637795 0.637795 -0.425197 
vn 0.685039 0.685039 -0.228346 
vn 0.708661 0.708661 0 
vn 0.685039 0.685039 0.228346 
vn 0.637795 0.637795 0.425197 
vn 0.574803 0.574803 0.574803 
vn 0.637795 0.425197 -0.637795 
vn 0.724409 0.488189 -0.488189 
vn 0.80315 0.535433 -0.267717 
vn 0.834646 0.551181 0 
vn 0.80315 0.535433 0.267717 
vn 0.724409 0.488189 0.488189 
vn 0.637795 0.425197 0.637795 
vn 0.685039 0.228346 -0.685039 
vn 0.80315 0.267717 -0.535433 
vn 0.905512 0.299213 -0.299213 
vn 0.944882 0.314961 0 
vn 0.905512 0.299213 0.299213 
vn 0.80315 0.267717 0.535433 
vn 0.685039 0.228346 0.685039 
vn 0.708661 0 -0.708661 
vn 0.834646 0 -0.551181 
vn 0.944882 0 -0.314961 
vn 1 0 0 
vn 0.944882 0 0.314961 
vn 0.834646 0 0.551181 
vn 0.708661 0 0.708661 
vn 0.685039 -0.228346 -0.685039 
vn 0.80315 -0.267717 -0.535433 
vn 0.905512 -0.299213 -0.299213 
vn 0.944882 -0.314961 0 
vn 0.905512 -0.299213 0.299213 
vn 0.80315 -0.267717 0.535433 
vn 0.685039 -0.228346 0.685039 
vn 0.637795 -0.425197 -0.637795 
vn 0.724409 -0.488189 -0.488189 
vn 0.80315 -0.535433 -0.267717 
vn 0.834646 -0.551181 0 
vn 0.80315 -0.535433 0.267717 
vn 0.724409 -0.488189 0.488189 
vn 0.637795 -0.425197 0.637795 
vn 0.574803 -0.574803 -0.574803 
vn 0.637795 -0.637795 -0.425197 
vn 0.685039 -0.685039 -0.228346 
vn 0.708661 -0.708661 0 
vn 0.685039 -0.685039 0.228346 
vn 0.637795 -0.637795 0.425197 
vn 0.574803 -0.574803 0.574803 
vn -0.574803 0.574803 0.574803 
vn -0.425197 0.637795 0.637795 
vn -0.228346 0.685039 0.685039 
vn 0 0.708661 0.708661 
vn 0.228346 0.685039 0.685039 
vn 0.425197 0.637795 0.637795 
vn 0.574803 0.574803 0.574803 
vn -0.637795 0.637795 0.425197 
vn -0.488189 0.724409 0.488189 
vn -0.267717 0.80315 0.535433 
vn 0 0.834646 0.551181 
vn 0.267717 0.80315 0.535433 
vn 0.488189 0.724409 0.488189 
vn 0.637795 0.637795 0.425197 
vn -0.685039 0.685039 0.228346 
vn -0.535433 0.80315 0.267717 
vn -0.299213 0.905512 0.299213 
vn 0 0.944882 0.314961 
vn 0.299213 0.905512 0.299213 
vn 0.535433 0.80315 0.267717 
vn 0.685039 0.685039 0.228346 
vn -0.708661 0.708661 0 
vn -0.551181 0.834646 0 
vn -0.314961 0.944882 0 
vn 0 1 0 
vn 0.314961 0.944882 0 
vn 0.551181 0.834646 0 
vn 0.708661 0.708661 0 
vn -0.685039 0.685039 -0.228346 
vn -0.535433 0.80315 -0.267717 
vn -0.299213 0.905512 -0.299213 
vn 0 0.944882 -0.314961 
vn 0.299213 0.905512 -0.299213 
vn 0.535433 0.80315 -0.267717 
vn 0.685039 0.685039 -0.228346 
vn -0.637795 0.637795 -0.425197 
vn -0.488189 0.724409 -0.488189 
vn -0.267717 0.80315 -0.535433 
vn 0 0.834646 -0.551181 
vn 0.267717 0.80315 -0.535433 
vn 0.488189 0.724409 -0.488189 
vn 0.637795 0.637795 -0.425197 
vn -0.574803 0.574803 -0.574803 
vn -0.425197 0.637795 -0.637795 
vn -0.228346 0.685039 -0.685039 
vn 0 0.708661 -0.708661 
vn 0.228346 0.685039 -0.685039 
vn 0.425197 0.637795 -0.637795 
vn 0.574803 0.574803 -0.574803 
vn 0.574803 0.574803 0.574803 
vn 0.425197 0.637795 0.637795 
vn 0.228346 0.685039 0.685039 
vn 0 0.708661 0.708661 
vn -0.228346 0.685039 0.685039 
vn -0.425197 0.637795 0.637795 
vn -0.574803 0.574803 0.574803 
vn 0.637795 0.425197 0.637795 
vn 0.488189 0.488189 0.724409 
vn 0.267717 0.535433 0.80315 
vn 0 0.551181 0.834646 
vn -0.267717 0.535433 0.80315 
vn -0.488189 0.488189 0.724409 
vn -0.637795 0.425197 0.637795 
vn 0.685039 0.228346 0.685039 
vn 0.535433 0.267717 0.80315 
vn 0.299213 0.299213 0.905512 
vn 0 0.314961 0.944882 
vn -0.299213 0.299213 0.905512 
vn -0.535433 0.267717 0.80315 
vn -0.685039 0.228346 0.685039 
vn 0.708661 0 0.708661 
vn 0.551181 0 0.834646 
vn 0.314961 0 0.944882 
vn 0 0 1 
vn -0.314961 0 0.944882 
vn -0.551181 0 0.834646 
vn -0.708661 0 0.708661 
vn 0.685039 -0.228346 0.685039 
vn 0.535433 -0.267717 0.80315 
vn 0.299213 -0.299213 0.905512 
vn 0 -0.314961 0.944882 
vn -0.299213 -0.299213 0.905512 
vn -0.535433 -0.267717 0.80315 
vn -0.685039 -0.228346 0.685039 
vn 0.637795 -0.425197 0.637795 
vn 0.488189 -0.488189 0.724409 
vn 0.267717 -0.535433 0.80315 
vn 0 -0.551181 0.834646 
vn -0.267717 -0.535433 0.80315 
vn -0.488189 -0.488189 0.724409 
vn -0.637795 -0.425197 0.637795 
vn 0.574803 -0.574803 0.574803 
vn 0.425197 -0.637795 0.637795 
vn 0.228346 -0.685039 0.685039 
vn 0 -0.708661 0.708661 
vn -0.228346 -0.685039 0.685039 
vn -0.425197 -0.637795 0.637795 
vn -0.574803 -0.574803 0.574803 
vn -0.574803 0.574803 0.574803 
vn -0.637795 0.637795 0.425197 
vn -0.685039 0.685039 0.228346 
vn -0.708661 0.708661 0 
vn -0.685039 0.685039 -0.228346 
vn -0.637795 0.637795 -0.425197 
vn -0.574803 0.574803 -0.574803 
vn -0.637795 0.425197 0.637795 
vn -0.724409 0.488189 0.488189 
vn -0.80315 0.535433 0.267717 
vn -0.834646 0.551181 0 
vn -0.80315 0.535433 -0.267717 
vn -0.724409 0.488189 -0.488189 
vn -0.637795 0.425197 -0.637795 
vn -0.685039 0.228346 0.685039 
vn -0.80315 0.267717 0.535433 
vn -0.905512 0.299213 0.299213 
vn -0.944882 0.314961 0 
vn -0.905512 0.299213 -0.299213 
vn -0.80315 0.267717 -0.535433 
vn -0.685039 0.228346 -0.685039 
vn -0.708661 0 0.708661 
vn -0.834646 0 0.551181 
vn -0.944882 0 0.314961 
vn -1 0 0 
vn -0.944882 0 -0.314961 
vn -0.834646 0 -0.551181 
vn -0.708661 0 -0.708661 
vn -0.685039 -0.228346 0.685039 
vn -0.80315 -0.267717 0.535433 
vn -0.905512 -0.299213 0.299213 
vn -0.944882 -0.314961 0 
vn -0.905512 -0.299213 -0.299213 
vn -0.80315 -0.267717 -0.535433 
vn -0.685039 -0.228346 -0.685039 
vn -0.637795 -0.425197 0.637795 
vn -0.724409 -0.488189 0.488189 
vn -0.80315 -0.535433 0.267717 
vn -0.834646 -0.551181 0 
vn -0.80315 -0.535433 -0.267717 
vn -0.724409 -0.488189 -0.488189 
vn -0.637795 -0.425197 -0.637795 
vn -0.574803 -0.574803 0.574803 
vn -0.637795 -0.637795 0.425197 
vn -0.685039 -0.685039 0.228346 
vn -0.708661 -0.708661 0 
vn -0.685039 -0.685039 -0.228346 
vn -0.637795 -0.637795 -0.425197 
vn -0.574803 -0.574803 -0.574803 
vn -0.574803 -0.574803 -0.574803 
vn -0.425197 -0.637795 -0.637795 
vn -0.228346 -0.685039 -0.685039 
vn 0 -0.708661 -0.708661 
vn 0.228346 -0.685039 -0.685039 
vn 0.425197 -0.637795 -0.637795 
vn 0.574803 -0.574803 -0.574803 
vn -0.637795 -0.637795 -0.425197 
vn -0.488189 -0.724409 -0.488189 
vn -0.267717 -0.80315 -0.535433 
vn 0 -0.834646 -0.551181 
vn 0.267717 -0.80315 -0.535433 
vn 0.488189 -0.724409 -0.488189 
vn 0.637795 -0.637795 -0.425197 
vn -0.685039 -0.685039 -0.228346 
vn -0.535433 -0.80315 -0.267717 
vn -0.299213 -0.905512 -0.299213 
vn 0 -0.944882 -0.314961 
vn 0.299213 -0.905512 -0.299213 
vn 0.535433 -0.80315 -0.267717 
vn 0.685039 -0.685039 -0.228346 
vn -0.708661 -0.708661 0 
vn -0.551181 -0.834646 0 
vn -0.314961 -0.944882 0 
vn 0 -1 0 
vn 0.314961 -0.944882 0 
vn 0.551181 -0.834646 0 
vn 0.708661 -0.708661 0 
vn -0.685039 -0.685039 0.228346 
vn -0.535433 -0.80315 0.267717 
vn -0.299213 -0.905512 0.299213 
vn 0 -0.944882 0.314961 
vn 0.299213 -0.905512 0.299213 
vn 0.535433 -0.80315 0.267717 
vn 0.685039 -0.685039 0.228346 
vn -0.637795 -0.637795 0.425197 
vn -0.488189 -0.724409 0.488189 
vn -0.267717 -0.80315 0.535433 
vn 0 -0.834646 0.551181 
vn 0.267717 -0.80315 0.535433 
vn 0.488189 -0.724409 0.488189 
vn 0.637795 -0.637795 0.425197 
vn -0.574803 -0.574803 0.574803 
vn -0.425197 -0.637795 0.637795 
vn -0.228346 -0.685039 0.685039 
vn 0 -0.708661 0.708661 
vn 0.228346 -0.685039 0.685039 
vn 0.425197 -0.637795 0.637795 
vn 0.574803 -0.574803 0.574803 
vn -0.574803 0.574803 -0.574803 
vn -0.425197 0.637795 -0.637795 
vn -0.228346 0.685039 -0.685039 
vn 0 0.708661 -0.708661 
vn 0.228346 0.685039 -0.685039 
vn 0.425197 0.637795 -0.637795 
vn 0.574803 0.574803 -0.574803 
vn -0.637795 0.425197 -0.637795 
vn -0.488189 0.488189 -0.724409 
vn -0.267717 0.535433 -0.80315 
vn 0 0.551181 -0.834646 
vn 0.267717 0.535433 -0.80315 
vn 0.488189 0.488189 -0.724409 
vn 0.637795 0.425197 -0.637795 
vn -0.685039 0.228346 -0.685039 
vn -0.535433 0.267717 -0.80315 
vn -0.299213 0.299213 -0.905512 
vn 0 0.314961 -0.944882 
vn 0.299213 0.299213 -0.905512 
vn 0.535433 0.267717 -0.80315 
vn 0.685039 0.228346 -0.685039 
vn -0.708661 0 -0.708661 
vn -0.551181 0 -0.834646 
vn -0.314961 0 -0.944882 
vn 0 0 -1 
vn 0.314961 0 -0.944882 
vn 0.551181 0 -0.834646 
vn 0.708661 0 -0.708661 
vn -0.685039 -0.228346 -0.685039 
vn -0.535433 -0.267717 -0.80315 
vn -0.299213 -0.299213 -0.905512 
vn 0 -0.314961 -0.944882 
vn 0.299213 -0.299213 -0.905512 
vn 0.535433 -0.267717 -0.80315 
vn 0.685039 -0.228346 -0.685039 
vn -0.637795 -0.425197 -0.637795 
vn -0.488189 -0.488189 -0.724409 
vn -0.267717 -0.535433 -0.80315 
vn 0 -0.551181 -0.834646 
vn 0.267717 -0.535433 -0.80315 
vn 0.488189 -0.488189 -0.724409 
vn 0.637795 -0.425197 -0.637795 
vn -0.574803 -0.574803 -0.574803 
vn -0.425197 -0.637795 -0.637795 
vn -0.228346 -0.685039 -0.685039 
vn 0 -0.708661 -0.708661 
vn 0.228346 -0.685039 -0.685039 
vn 0.425197 -0.637795 -0.637795 
vn 0.574803 -0.574803 -0.574803 

vt 0.0661721 1.91286 
vt -0.600495 1.91286 
vt -1.26716 1.91286 
vt -1.93383 1.91286 
vt -2.60049 1.91286 
vt -3.26716 1.91286 
vt -3.93383 1.91286 
vt 0.0661721 1.2462 
vt -0.600495 1.2462 
vt -1.26716 1.2462 
vt -1.93383 1.2462 
vt -2.60049 1.2462 
vt -3.26716 1.2462 
vt -3.93383 1.2462 
vt 0.0661721 0.579531 
vt -0.600495 0.579531 
vt -1.26716 0.579531 
vt -1.93383 0.579531 
vt -2.60049 0.579531 
vt -3.26716 0.579531 
vt -3.93383 0.579531 
vt 0.0661721 -0.0871359 
vt -0.600495 -0.0871359 
vt -1.26716 -0.0871359 
vt -1.93383 -0.0871359 
vt -2.60049 -0.0871359 
vt -3.26716 -0.0871359 
vt -3.93383 -0.0871359 
vt 0.0661721 -0.753803 
vt -0.600495 -0.753803 
vt -1.26716 -0.753803 
vt -1.93383 -0.753803 
vt -2.60049 -0.753803 
vt -3.26716 -0.753803 
vt -3.93383 -0.753803 
vt 0.0661721 -1.42047 
vt -0.600495 -1.42047 
vt -1.26716 -1.42047 
vt -1.93383 -1.42047 
vt -2.60049 -1.42047 
vt -3.26716 -1.42047 
vt -3.93383 -1.42047 
vt 0.0661721 -2.08714 
vt -0.600495 -2.08714 
vt -1.26716 -2.08714 
vt -1.93383 -2.08714 
vt -2.60049 -2.08714 
vt -3.26716 -2.08714 
vt -3.93383 -2.08714 
vt 0.0661721 1.91286 
vt -0.600495 1.91286 
vt -1.26716 1.91286 
vt -1.93383 1.91286 
vt -2.60049 1.91286 
vt -3.26716 1.91286 
vt -3.93383 1.91286 
vt 0.0661721 1.2462 
vt -0.600495 1.2462 
vt -1.26716 1.2462 
vt -1.93383 1.2462 
vt -2.60049 1.2462 
vt -3.26716 1.2462 
vt -3.93383 1.2462 
vt 0.0661721 0.579531 
vt -0.600495 0.579531 
vt -1.26716 0.579531 
vt -1.93383 0.579531 
vt -2.60049 0.579531 
vt -3.26716 0.579531 
vt -3.93383 0.579531 
vt 0.0661721 -0.0871359 
vt -0.600495 -0.0871359 
vt -1.26716 -0.0871359 
vt -1.93383 -0.0871359 
vt -2.60049 -0.0871359 
vt -3.26716 -0.0871359 
vt -3.93383 -0.0871359 
vt 0.0661721 -0.753803 
vt -0.600495 -0.753803 
vt -1.26716 -0.753803 
vt -1.93383 -0.753803 
vt -2.60049 -0.753803 
vt -3.26716 -0.753803 
vt -3.93383 -0.753803 
vt 0.0661721 -1.42047 
vt -0.600495 -1.42047 
vt -1.26716 -1.42047 
vt -1.93383 -1.42047 
vt -2.60049 -1.42047 
vt -3.26716 -1.42047 
vt -3.93383 -1.42047 
vt 0.0661721 -2.08714 
vt -0.600495 -2.08714 
vt -1.26716 -2.08714 
vt -1.93383 -2.08714 
vt -2.60049 -2.08714 
vt -3.26716 -2.08714 
vt -3.93383 -2.08714 
vt 0.0661721 1.91286 
vt -0.600495 1.91286 
vt -1.26716 1.91286 
vt -1.93383 1.91286 
vt -2.60049 1.91286 
vt -3.26716 1.91286 
vt -3.93383 1.91286 
vt 0.0661721 1.2462 
vt -0.600495 1.2462 
vt -1.26716 1.2462 
vt -1.93383 1.2462 
vt -2.60049 1.2462 
vt -3.26716 1.2462 
vt -3.93383 1.2462 
vt 0.0661721 0.579531 
vt -0.600495 0.579531 
vt -1.26716 0.579531 
vt -1.93383 0.579531 
vt -2.60049 0.579531 
vt -3.26716 0.579531 
vt -3.93383 0.579531 
vt 0.0661721 -0.0871359 
vt -0.600495 -0.0871359 
vt -1.26716 -0.0871359 
vt -1.93383 -0.0871359 
vt -2.60049 -0.0871359 
vt -3.26716 -0.0871359 
vt -3.93383 -0.0871359 
vt 0.0661721 -0.753803 
vt -0.600495 -0.753803 
vt -1.26716 -0.753803 
vt -1.93383 -0.753803 
vt -2.60049 -0.753803 
vt -3.26716 -0.753803 
vt -3.93383 -0.753803 
vt 0.0661721 -1.42047 
vt -0.600495 -1.42047 
vt -1.26716 -1.42047 
vt -1.93383 -1.42047 
vt -2.60049 -1.42047 
vt -3.26716 -1.42047 
vt -3.93383 -1.42047 
vt 0.0661721 -2.08714 
vt -0.600495 -2.08714 
vt -1.26716 -2.08714 
vt -1.93383 -2.08714 
vt -2.60049 -2.08714 
vt -3.26716 -2.08714 
vt -3.93383 -2.08714 
vt 0.0661721 1.91286 
vt -0.600495 1.91286 
vt -1.26716 1.91286 
vt -1.93383 1.91286 
vt -2.60049 1.91286 
vt -3.26716 1.91286 
vt -3.93383 1.91286 
vt 0.0661721 1.2462 
vt -0.600495 1.2462 
vt -1.26716 1.2462 
vt -1.93383 1.2462 
vt -2.60049 1.2462 
vt -3.26716 1.2462 
vt -3.93383 1.2462 
vt 0.0661721 0.579531 
vt -0.600495 0.579531 
vt -1.26716 0.579531 
vt -1.93383 0.579531 
vt -2.60049 0.579531 
vt -3.26716 0.579531 
vt -3.93383 0.579531 
vt 0.0661721 -0.0871359 
vt -0.600495 -0.0871359 
vt -1.26716 -0.0871359 
vt -1.93383 -0.0871359 
vt -2.60049 -0.0871359 
vt -3.26716 -0.0871359 
vt -3.93383 -0.0871359 
vt 0.0661721 -0.753803 
vt -0.600495 -0.753803 
vt -1.26716 -0.753803 
vt -1.93383 -0.753803 
vt -2.60049 -0.753803 
vt -3.26716 -0.753803 
vt -3.93383 -0.753803 
vt 0.0661721 -1.42047 
vt -0.600495 -1.42047 
vt -1.26716 -1.42047 
vt -1.93383 -1.42047 
vt -2.60049 -1.42047 
vt -3.26716 -1.42047 
vt -3.93383 -1.42047 
vt 0.0661721 -2.08714 
vt -0.600495 -2.08714 
vt -1.26716 -2.08714 
vt -1.93383 -2.08714 
vt -2.60049 -2.08714 
vt -3.26716 -2.08714 
vt -3.93383 -2.08714 
vt 0.0661721 1.91286 
vt -0.600495 1.91286 
vt -1.26716 1.91286 
vt -1.93383 1.91286 
vt -2.60049 1.91286 
vt -3.26716 1.91286 
vt -3.93383 1.91286 
vt 0.0661721 1.2462 
vt -0.600495 1.2462 
vt -1.26716 1.2462 
vt -1.93383 1.2462 
vt -2.60049 1.2462 
vt -3.26716 1.2462 
vt -3.93383 1.2462 
vt 0.0661721 0.579531 
vt -0.600495 0.579531 
vt -1.26716 0.579531 
vt -1.93383 0.579531 
vt -2.60049 0.579531 
vt -3.26716 0.579531 
vt -3.93383 0.579531 
vt 0.0661721 -0.0871359 
vt -0.600495 -0.0871359 
vt -1.26716 -0.0871359 
vt -1.93383 -0.0871359 
vt -2.60049 -0.0871359 
vt -3.26716 -0.0871359 
vt -3.93383 -0.0871359 
vt 0.0661721 -0.753803 
vt -0.600495 -0.753803 
vt -1.26716 -0.753803 
vt -1.93383 -0.753803 
vt -2.60049 -0.753803 
vt -3.26716 -0.753803 
vt -3.93383 -0.753803 
vt 0.0661721 -1.42047 
vt -0.600495 -1.42047 
vt -1.26716 -1.42047 
vt -1.93383 -1.42047 
vt -2.60049 -1.42047 
vt -3.26716 -1.42047 
vt -3.93383 -1.42047 
vt 0.0661721 -2.08714 
vt -0.600495 -2.08714 
vt -1.26716 -2.08714 
vt -1.93383 -2.08714 
vt -2.60049 -2.08714 
vt -3.26716 -2.08714 
vt -3.93383 -2.08714 
vt 0.0661721 1.91286 
vt -0.600495 1.91286 
vt -1.26716 1.91286 
vt -1.93383 1.91286 
vt -2.60049 1.91286 
vt -3.26716 1.91286 
vt -3.93383 1.91286 
vt 0.0661721 1.2462 
vt -0.600495 1.2462 
vt -1.26716 1.2462 
vt -1.93383 1.2462 
vt -2.60049 1.2462 
vt -3.26716 1.2462 
vt -3.93383 1.2462 
vt 0.0661721 0.579531 
vt -0.600495 0.579531 
vt -1.26716 0.579531 
vt -1.93383 0.579531 
vt -2.60049 0.579531 
vt -3.26716 0.579531 
vt -3.93383 0.579531 
vt 0.0661721 -0.0871359 
vt -0.600495 -0.0871359 
vt -1.26716 -0.0871359 
vt -1.93383 -0.0871359 
vt -2.60049 -0.0871359 
vt -3.26716 -0.0871359 
vt -3.93383 -0.0871359 
vt 0.0661721 -0.753803 
vt -0.600495 -0.753803 
vt -1.26716 -0.753803 
vt -1.93383 -0.753803 
vt -2.60049 -0.753803 
vt -3.26716 -0.753803 
vt -3.93383 -0.753803 
vt 0.0661721 -1.42047 
vt -0.600495 -1.42047 
vt -1.26716 -1.42047 
vt -1.93383 -1.42047 
vt -2.60049 -1.42047 
vt -3.26716 -1.42047 
vt -3.93383 -1.42047 
vt 0.0661721 -2.08714 
vt -0.600495 -2.08714 
vt -1.26716 -2.08714 
vt -1.93383 -2.08714 
vt -2.60049 -2.08714 
vt -3.26716 -2.08714 
vt -3.93383 -2.08714 

usemtl 11Mtl

f 2695/2695/2695 2696/2696/2696 2702/2702/2702 
f 2702/2702/2702 2696/2696/2696 2703/2703/2703 
f 2696/2696/2696 2697/2697/2697 2703/2703/2703 
f 2703/2703/2703 2697/2697/2697 2704/2704/2704 
f 2697/2697/2697 2698/2698/2698 2704/2704/2704 
f 2704/2704/2704 2698/2698/2698 2705/2705/2705 
f 2698/2698/2698 2699/2699/2699 2705/2705/2705 
f 2705/2705/2705 2699/2699/2699 2706/2706/2706 
f 2699/2699/2699 2700/2700/2700 2706/2706/2706 
f 2706/2706/2706 2700/2700/2700 2707/2707/2707 
f 2700/2700/2700 2701/2701/2701 2707/2707/2707 
f 2707/2707/2707 2701/2701/2701 2708/2708/2708 
f 2702/2702/2702 2703/2703/2703 2709/2709/2709 
f 2709/2709/2709 2703/2703/2703 2710/2710/2710 
f 2703/2703/2703 2704/2704/2704 2710/2710/2710 
f 2710/2710/2710 2704/2704/2704 2711/2711/2711 
f 2704/2704/2704 2705/2705/2705 2711/2711/2711 
f 2711/2711/2711 2705/2705/2705 2712/2712/2712 
f 2705/2705/2705 2706/2706/2706 2712/2712/2712 
f 2712/2712/2712 2706/2706/2706 2713/2713/2713 
f 2706/2706/2706 2707/2707/2707 2713/2713/2713 
f 2713/2713/2713 2707/2707/2707 2714/2714/2714 
f 2707/2707/2707 2708/2708/2708 2714/2714/2714 
f 2714/2714/2714 2708/2708/2708 2715/2715/2715 
f 2709/2709/2709 2710/2710/2710 2716/2716/2716 
f 2716/2716/2716 2710/2710/2710 2717/2717/2717 
f 2710/2710/2710 2711/2711/2711 2717/2717/2717 
f 2717/2717/2717 2711/2711/2711 2718/2718/2718 
f 2711/2711/2711 2712/2712/2712 2718/2718/2718 
f 2718/2718/2718 2712/2712/2712 2719/2719/2719 
f 2712/2712/2712 2713/2713/2713 2719/2719/2719 
f 2719/2719/2719 2713/2713/2713 2720/2720/2720 
f 2713/2713/2713 2714/2714/2714 2720/2720/2720 
f 2720/2720/2720 2714/2714/2714 2721/2721/2721 
f 2714/2714/2714 2715/2715/2715 2721/2721/2721 
f 2721/2721/2721 2715/2715/2715 2722/2722/2722 
f 2716/2716/2716 2717/2717/2717 2723/2723/2723 
f 2723/2723/2723 2717/2717/2717 2724/2724/2724 
f 2717/2717/2717 2718/2718/2718 2724/2724/2724 
f 2724/2724/2724 2718/2718/2718 2725/2725/2725 
f 2718/2718/2718 2719/2719/2719 2725/2725/2725 
f 2725/2725/2725 2719/2719/2719 2726/2726/2726 
f 2719/2719/2719 2720/2720/2720 2726/2726/2726 
f 2726/2726/2726 2720/2720/2720 2727/2727/2727 
f 2720/2720/2720 2721/2721/2721 2727/2727/2727 
f 2727/2727/2727 2721/2721/2721 2728/2728/2728 
f 2721/2721/2721 2722/2722/2722 2728/2728/2728 
f 2728/2728/2728 2722/2722/2722 2729/2729/2729 
f 2723/2723/2723 2724/2724/2724 2730/2730/2730 
f 2730/2730/2730 2724/2724/2724 2731/2731/2731 
f 2724/2724/2724 2725/2725/2725 2731/2731/2731 
f 2731/2731/2731 2725/2725/2725 2732/2732/2732 
f 2725/2725/2725 2726/2726/2726 2732/2732/2732 
f 2732/2732/2732 2726/2726/2726 2733/2733/2733 
f 2726/2726/2726 2727/2727/2727 2733/2733/2733 
f 2733/2733/2733 2727/2727/2727 2734/2734/2734 
f 2727/2727/2727 2728/2728/2728 2734/2734/2734 
f 2734/2734/2734 2728/2728/2728 2735/2735/2735 
f 2728/2728/2728 2729/2729/2729 2735/2735/2735 
f 2735/2735/2735 2729/2729/2729 2736/2736/2736 
f 2730/2730/2730 2731/2731/2731 2737/2737/2737 
f 2737/2737/2737 2731/2731/2731 2738/2738/2738 
f 2731/2731/2731 2732/2732/2732 2738/2738/2738 
f 2738/2738/2738 2732/2732/2732 2739/2739/2739 
f 2732/2732/2732 2733/2733/2733 2739/2739/2739 
f 2739/2739/2739 2733/2733/2733 2740/2740/2740 
f 2733/2733/2733 2734/2734/2734 2740/2740/2740 
f 2740/2740/2740 2734/2734/2734 2741/2741/2741 
f 2734/2734/2734 2735/2735/2735 2741/2741/2741 
f 2741/2741/2741 2735/2735/2735 2742/2742/2742 
f 2735/2735/2735 2736/2736/2736 2742/2742/2742 
f 2742/2742/2742 2736/2736/2736 2743/2743/2743 
f 2744/2744/2744 2745/2745/2745 2751/2751/2751 
f 2751/2751/2751 2745/2745/2745 2752/2752/2752 
f 2745/2745/2745 2746/2746/2746 2752/2752/2752 
f 2752/2752/2752 2746/2746/2746 2753/2753/2753 
f 2746/2746/2746 2747/2747/2747 2753/2753/2753 
f 2753/2753/2753 2747/2747/2747 2754/2754/2754 
f 2747/2747/2747 2748/2748/2748 2754/2754/2754 
f 2754/2754/2754 2748/2748/2748 2755/2755/2755 
f 2748/2748/2748 2749/2749/2749 2755/2755/2755 
f 2755/2755/2755 2749/2749/2749 2756/2756/2756 
f 2749/2749/2749 2750/2750/2750 2756/2756/2756 
f 2756/2756/2756 2750/2750/2750 2757/2757/2757 
f 2751/2751/2751 2752/2752/2752 2758/2758/2758 
f 2758/2758/2758 2752/2752/2752 2759/2759/2759 
f 2752/2752/2752 2753/2753/2753 2759/2759/2759 
f 2759/2759/2759 2753/2753/2753 2760/2760/2760 
f 2753/2753/2753 2754/2754/2754 2760/2760/2760 
f 2760/2760/2760 2754/2754/2754 2761/2761/2761 
f 2754/2754/2754 2755/2755/2755 2761/2761/2761 
f 2761/2761/2761 2755/2755/2755 2762/2762/2762 
f 2755/2755/2755 2756/2756/2756 2762/2762/2762 
f 2762/2762/2762 2756/2756/2756 2763/2763/2763 
f 2756/2756/2756 2757/2757/2757 2763/2763/2763 
f 2763/2763/2763 2757/2757/2757 2764/2764/2764 
f 2758/2758/2758 2759/2759/2759 2765/2765/2765 
f 2765/2765/2765 2759/2759/2759 2766/2766/2766 
f 2759/2759/2759 2760/2760/2760 2766/2766/2766 
f 2766/2766/2766 2760/2760/2760 2767/2767/2767 
f 2760/2760/2760 2761/2761/2761 2767/2767/2767 
f 2767/2767/2767 2761/2761/2761 2768/2768/2768 
f 2761/2761/2761 2762/2762/2762 2768/2768/2768 
f 2768/2768/2768 2762/2762/2762 2769/2769/2769 
f 2762/2762/2762 2763/2763/2763 2769/2769/2769 
f 2769/2769/2769 2763/2763/2763 2770/2770/2770 
f 2763/2763/2763 2764/2764/2764 2770/2770/2770 
f 2770/2770/2770 2764/2764/2764 2771/2771/2771 
f 2765/2765/2765 2766/2766/2766 2772/2772/2772 
f 2772/2772/2772 2766/2766/2766 2773/2773/2773 
f 2766/2766/2766 2767/2767/2767 2773/2773/2773 
f 2773/2773/2773 2767/2767/2767 2774/2774/2774 
f 2767/2767/2767 2768/2768/2768 2774/2774/2774 
f 2774/2774/2774 2768/2768/2768 2775/2775/2775 
f 2768/2768/2768 2769/2769/2769 2775/2775/2775 
f 2775/2775/2775 2769/2769/2769 2776/2776/2776 
f 2769/2769/2769 2770/2770/2770 2776/2776/2776 
f 2776/2776/2776 2770/2770/2770 2777/2777/2777 
f 2770/2770/2770 2771/2771/2771 2777/2777/2777 
f 2777/2777/2777 2771/2771/2771 2778/2778/2778 
f 2772/2772/2772 2773/2773/2773 2779/2779/2779 
f 2779/2779/2779 2773/2773/2773 2780/2780/2780 
f 2773/2773/2773 2774/2774/2774 2780/2780/2780 
f 2780/2780/2780 2774/2774/2774 2781/2781/2781 
f 2774/2774/2774 2775/2775/2775 2781/2781/2781 
f 2781/2781/2781 2775/2775/2775 2782/2782/2782 
f 2775/2775/2775 2776/2776/2776 2782/2782/2782 
f 2782/2782/2782 2776/2776/2776 2783/2783/2783 
f 2776/2776/2776 2777/2777/2777 2783/2783/2783 
f 2783/2783/2783 2777/2777/2777 2784/2784/2784 
f 2777/2777/2777 2778/2778/2778 2784/2784/2784 
f 2784/2784/2784 2778/2778/2778 2785/2785/2785 
f 2779/2779/2779 2780/2780/2780 2786/2786/2786 
f 2786/2786/2786 2780/2780/2780 2787/2787/2787 
f 2780/2780/2780 2781/2781/2781 2787/2787/2787 
f 2787/2787/2787 2781/2781/2781 2788/2788/2788 
f 2781/2781/2781 2782/2782/2782 2788/2788/2788 
f 2788/2788/2788 2782/2782/2782 2789/2789/2789 
f 2782/2782/2782 2783/2783/2783 2789/2789/2789 
f 2789/2789/2789 2783/2783/2783 2790/2790/2790 
f 2783/2783/2783 2784/2784/2784 2790/2790/2790 
f 2790/2790/2790 2784/2784/2784 2791/2791/2791 
f 2784/2784/2784 2785/2785/2785 2791/2791/2791 
f 2791/2791/2791 2785/2785/2785 2792/2792/2792 
f 2793/2793/2793 2794/2794/2794 2800/2800/2800 
f 2800/2800/2800 2794/2794/2794 2801/2801/2801 
f 2794/2794/2794 2795/2795/2795 2801/2801/2801 
f 2801/2801/2801 2795/2795/2795 2802/2802/2802 
f 2795/2795/2795 2796/2796/2796 2802/2802/2802 
f 2802/2802/2802 2796/2796/2796 2803/2803/2803 
f 2796/2796/2796 2797/2797/2797 2803/2803/2803 
f 2803/2803/2803 2797/2797/2797 2804/2804/2804 
f 2797/2797/2797 2798/2798/2798 2804/2804/2804 
f 2804/2804/2804 2798/2798/2798 2805/2805/2805 
f 2798/2798/2798 2799/2799/2799 2805/2805/2805 
f 2805/2805/2805 2799/2799/2799 2806/2806/2806 
f 2800/2800/2800 2801/2801/2801 2807/2807/2807 
f 2807/2807/2807 2801/2801/2801 2808/2808/2808 
f 2801/2801/2801 2802/2802/2802 2808/2808/2808 
f 2808/2808/2808 2802/2802/2802 2809/2809/2809 
f 2802/2802/2802 2803/2803/2803 2809/2809/2809 
f 2809/2809/2809 2803/2803/2803 2810/2810/2810 
f 2803/2803/2803 2804/2804/2804 2810/2810/2810 
f 2810/2810/2810 2804/2804/2804 2811/2811/2811 
f 2804/2804/2804 2805/2805/2805 2811/2811/2811 
f 2811/2811/2811 2805/2805/2805 2812/2812/2812 
f 2805/2805/2805 2806/2806/2806 2812/2812/2812 
f 2812/2812/2812 2806/2806/2806 2813/2813/2813 
f 2807/2807/2807 2808/2808/2808 2814/2814/2814 
f 2814/2814/2814 2808/2808/2808 2815/2815/2815 
f 2808/2808/2808 2809/2809/2809 2815/2815/2815 
f 2815/2815/2815 2809/2809/2809 2816/2816/2816 
f 2809/2809/2809 2810/2810/2810 2816/2816/2816 
f 2816/2816/2816 2810/2810/2810 2817/2817/2817 
f 2810/2810/2810 2811/2811/2811 2817/2817/2817 
f 2817/2817/2817 2811/2811/2811 2818/2818/2818 
f 2811/2811/2811 2812/2812/2812 2818/2818/2818 
f 2818/2818/2818 2812/2812/2812 2819/2819/2819 
f 2812/2812/2812 2813/2813/2813 2819/2819/2819 
f 2819/2819/2819 2813/2813/2813 2820/2820/2820 
f 2814/2814/2814 2815/2815/2815 2821/2821/2821 
f 2821/2821/2821 2815/2815/2815 2822/2822/2822 
f 2815/2815/2815 2816/2816/2816 2822/2822/2822 
f 2822/2822/2822 2816/2816/2816 2823/2823/2823 
f 2816/2816/2816 2817/2817/2817 2823/2823/2823 
f 2823/2823/2823 2817/2817/2817 2824/2824/2824 
f 2817/2817/2817 2818/2818/2818 2824/2824/2824 
f 2824/2824/2824 2818/2818/2818 2825/2825/2825 
f 2818/2818/2818 2819/2819/2819 2825/2825/2825 
f 2825/2825/2825 2819/2819/2819 2826/2826/2826 
f 2819/2819/2819 2820/2820/2820 2826/2826/2826 
f 2826/2826/2826 2820/2820/2820 2827/2827/2827 
f 2821/2821/2821 2822/2822/2822 2828/2828/2828 
f 2828/2828/2828 2822/2822/2822 2829/2829/2829 
f 2822/2822/2822 2823/2823/2823 2829/2829/2829 
f 2829/2829/2829 2823/2823/2823 2830/2830/2830 
f 2823/2823/2823 2824/2824/2824 2830/2830/2830 
f 2830/2830/2830 2824/2824/2824 2831/2831/2831 
f 2824/2824/2824 2825/2825/2825 2831/2831/2831 
f 2831/2831/2831 2825/2825/2825 2832/2832/2832 
f 2825/2825/2825 2826/2826/2826 2832/2832/2832 
f 2832/2832/2832 2826/2826/2826 2833/2833/2833 
f 2826/2826/2826 2827/2827/2827 2833/2833/2833 
f 2833/2833/2833 2827/2827/2827 2834/2834/2834 
f 2828/2828/2828 2829/2829/2829 2835/2835/2835 
f 2835/2835/2835 2829/2829/2829 2836/2836/2836 
f 2829/2829/2829 2830/2830/2830 2836/2836/2836 
f 2836/2836/2836 2830/2830/2830 2837/2837/2837 
f 2830/2830/2830 2831/2831/2831 2837/2837/2837 
f 2837/2837/2837 2831/2831/2831 2838/2838/2838 
f 2831/2831/2831 2832/2832/2832 2838/2838/2838 
f 2838/2838/2838 2832/2832/2832 2839/2839/2839 
f 2832/2832/2832 2833/2833/2833 2839/2839/2839 
f 2839/2839/2839 2833/2833/2833 2840/2840/2840 
f 2833/2833/2833 2834/2834/2834 2840/2840/2840 
f 2840/2840/2840 2834/2834/2834 2841/2841/2841 
f 2842/2842/2842 2843/2843/2843 2849/2849/2849 
f 2849/2849/2849 2843/2843/2843 2850/2850/2850 
f 2843/2843/2843 2844/2844/2844 2850/2850/2850 
f 2850/2850/2850 2844/2844/2844 2851/2851/2851 
f 2844/2844/2844 2845/2845/2845 2851/2851/2851 
f 2851/2851/2851 2845/2845/2845 2852/2852/2852 
f 2845/2845/2845 2846/2846/2846 2852/2852/2852 
f 2852/2852/2852 2846/2846/2846 2853/2853/2853 
f 2846/2846/2846 2847/2847/2847 2853/2853/2853 
f 2853/2853/2853 2847/2847/2847 2854/2854/2854 
f 2847/2847/2847 2848/2848/2848 2854/2854/2854 
f 2854/2854/2854 2848/2848/2848 2855/2855/2855 
f 2849/2849/2849 2850/2850/2850 2856/2856/2856 
f 2856/2856/2856 2850/2850/2850 2857/2857/2857 
f 2850/2850/2850 2851/2851/2851 2857/2857/2857 
f 2857/2857/2857 2851/2851/2851 2858/2858/2858 
f 2851/2851/2851 2852/2852/2852 2858/2858/2858 
f 2858/2858/2858 2852/2852/2852 2859/2859/2859 
f 2852/2852/2852 2853/2853/2853 2859/2859/2859 
f 2859/2859/2859 2853/2853/2853 2860/2860/2860 
f 2853/2853/2853 2854/2854/2854 2860/2860/2860 
f 2860/2860/2860 2854/2854/2854 2861/2861/2861 
f 2854/2854/2854 2855/2855/2855 2861/2861/2861 
f 2861/2861/2861 2855/2855/2855 2862/2862/2862 
f 2856/2856/2856 2857/2857/2857 2863/2863/2863 
f 2863/2863/2863 2857/2857/2857 2864/2864/2864 
f 2857/2857/2857 2858/2858/2858 2864/2864/2864 
f 2864/2864/2864 2858/2858/2858 2865/2865/2865 
f 2858/2858/2858 2859/2859/2859 2865/2865/2865 
f 2865/2865/2865 2859/2859/2859 2866/2866/2866 
f 2859/2859/2859 2860/2860/2860 2866/2866/2866 
f 2866/2866/2866 2860/2860/2860 2867/2867/2867 
f 2860/2860/2860 2861/2861/2861 2867/2867/2867 
f 2867/2867/2867 2861/2861/2861 2868/2868/2868 
f 2861/2861/2861 2862/2862/2862 2868/2868/2868 
f 2868/2868/2868 2862/2862/2862 2869/2869/2869 
f 2863/2863/2863 2864/2864/2864 2870/2870/2870 
f 2870/2870/2870 2864/2864/2864 2871/2871/2871 
f 2864/2864/2864 2865/2865/2865 2871/2871/2871 
f 2871/2871/2871 2865/2865/2865 2872/2872/2872 
f 2865/2865/2865 2866/2866/2866 2872/2872/2872 
f 2872/2872/2872 2866/2866/2866 2873/2873/2873 
f 2866/2866/2866 2867/2867/2867 2873/2873/2873 
f 2873/2873/2873 2867/2867/2867 2874/2874/2874 
f 2867/2867/2867 2868/2868/2868 2874/2874/2874 
f 2874/2874/2874 2868/2868/2868 2875/2875/2875 
f 2868/2868/2868 2869/2869/2869 2875/2875/2875 
f 2875/2875/2875 2869/2869/2869 2876/2876/2876 
f 2870/2870/2870 2871/2871/2871 2877/2877/2877 
f 2877/2877/2877 2871/2871/2871 2878/2878/2878 
f 2871/2871/2871 2872/2872/2872 2878/2878/2878 
f 2878/2878/2878 2872/2872/2872 2879/2879/2879 
f 2872/2872/2872 2873/2873/2873 2879/2879/2879 
f 2879/2879/2879 2873/2873/2873 2880/2880/2880 
f 2873/2873/2873 2874/2874/2874 2880/2880/2880 
f 2880/2880/2880 2874/2874/2874 2881/2881/2881 
f 2874/2874/2874 2875/2875/2875 2881/2881/2881 
f 2881/2881/2881 2875/2875/2875 2882/2882/2882 
f 2875/2875/2875 2876/2876/2876 2882/2882/2882 
f 2882/2882/2882 2876/2876/2876 2883/2883/2883 
f 2877/2877/2877 2878/2878/2878 2884/2884/2884 
f 2884/2884/2884 2878/2878/2878 2885/2885/2885 
f 2878/2878/2878 2879/2879/2879 2885/2885/2885 
f 2885/2885/2885 2879/2879/2879 2886/2886/2886 
f 2879/2879/2879 2880/2880/2880 2886/2886/2886 
f 2886/2886/2886 2880/2880/2880 2887/2887/2887 
f 2880/2880/2880 2881/2881/2881 2887/2887/2887 
f 2887/2887/2887 2881/2881/2881 2888/2888/2888 
f 2881/2881/2881 2882/2882/2882 2888/2888/2888 
f 2888/2888/2888 2882/2882/2882 2889/2889/2889 
f 2882/2882/2882 2883/2883/2883 2889/2889/2889 
f 2889/2889/2889 2883/2883/2883 2890/2890/2890 
f 2891/2891/2891 2892/2892/2892 2898/2898/2898 
f 2898/2898/2898 2892/2892/2892 2899/2899/2899 
f 2892/2892/2892 2893/2893/2893 2899/2899/2899 
f 2899/2899/2899 2893/2893/2893 2900/2900/2900 
f 2893/2893/2893 2894/2894/2894 2900/2900/2900 
f 2900/2900/2900 2894/2894/2894 2901/2901/2901 
f 2894/2894/2894 2895/2895/2895 2901/2901/2901 
f 2901/2901/2901 2895/2895/2895 2902/2902/2902 
f 2895/2895/2895 2896/2896/2896 2902/2902/2902 
f 2902/2902/2902 2896/2896/2896 2903/2903/2903 
f 2896/2896/2896 2897/2897/2897 2903/2903/2903 
f 2903/2903/2903 2897/2897/2897 2904/2904/2904 
f 2898/2898/2898 2899/2899/2899 2905/2905/2905 
f 2905/2905/2905 2899/2899/2899 2906/2906/2906 
f 2899/2899/2899 2900/2900/2900 2906/2906/2906 
f 2906/2906/2906 2900/2900/2900 2907/2907/2907 
f 2900/2900/2900 2901/2901/2901 2907/2907/2907 
f 2907/2907/2907 2901/2901/2901 2908/2908/2908 
f 2901/2901/2901 2902/2902/2902 2908/2908/2908 
f 2908/2908/2908 2902/2902/2902 2909/2909/2909 
f 2902/2902/2902 2903/2903/2903 2909/2909/2909 
f 2909/2909/2909 2903/2903/2903 2910/2910/2910 
f 2903/2903/2903 2904/2904/2904 2910/2910/2910 
f 2910/2910/2910 2904/2904/2904 2911/2911/2911 
f 2905/2905/2905 2906/2906/2906 2912/2912/2912 
f 2912/2912/2912 2906/2906/2906 2913/2913/2913 
f 2906/2906/2906 2907/2907/2907 2913/2913/2913 
f 2913/2913/2913 2907/2907/2907 2914/2914/2914 
f 2907/2907/2907 2908/2908/2908 2914/2914/2914 
f 2914/2914/2914 2908/2908/2908 2915/2915/2915 
f 2908/2908/2908 2909/2909/2909 2915/2915/2915 
f 2915/2915/2915 2909/2909/2909 2916/2916/2916 
f 2909/2909/2909 2910/2910/2910 2916/2916/2916 
f 2916/2916/2916 2910/2910/2910 2917/2917/2917 
f 2910/2910/2910 2911/2911/2911 2917/2917/2917 
f 2917/2917/2917 2911/2911/2911 2918/2918/2918 
f 2912/2912/2912 2913/2913/2913 2919/2919/2919 
f 2919/2919/2919 2913/2913/2913 2920/2920/2920 
f 2913/2913/2913 2914/2914/2914 2920/2920/2920 
f 2920/2920/2920 2914/2914/2914 2921/2921/2921 
f 2914/2914/2914 2915/2915/2915 2921/2921/2921 
f 2921/2921/2921 2915/2915/2915 2922/2922/2922 
f 2915/2915/2915 2916/2916/2916 2922/2922/2922 
f 2922/2922/2922 2916/2916/2916 2923/2923/2923 
f 2916/2916/2916 2917/2917/2917 2923/2923/2923 
f 2923/2923/2923 2917/2917/2917 2924/2924/2924 
f 2917/2917/2917 2918/2918/2918 2924/2924/2924 
f 2924/2924/2924 2918/2918/2918 2925/2925/2925 
f 2919/2919/2919 2920/2920/2920 2926/2926/2926 
f 2926/2926/2926 2920/2920/2920 2927/2927/2927 
f 2920/2920/2920 2921/2921/2921 2927/2927/2927 
f 2927/2927/2927 2921/2921/2921 2928/2928/2928 
f 2921/2921/2921 2922/2922/2922 2928/2928/2928 
f 2928/2928/2928 2922/2922/2922 2929/2929/2929 
f 2922/2922/2922 2923/2923/2923 2929/2929/2929 
f 2929/2929/2929 2923/2923/2923 2930/2930/2930 
f 2923/2923/2923 2924/2924/2924 2930/2930/2930 
f 2930/2930/2930 2924/2924/2924 2931/2931/2931 
f 2924/2924/2924 2925/2925/2925 2931/2931/2931 
f 2931/2931/2931 2925/2925/2925 2932/2932/2932 
f 2926/2926/2926 2927/2927/2927 2933/2933/2933 
f 2933/2933/2933 2927/2927/2927 2934/2934/2934 
f 2927/2927/2927 2928/2928/2928 2934/2934/2934 
f 2934/2934/2934 2928/2928/2928 2935/2935/2935 
f 2928/2928/2928 2929/2929/2929 2935/2935/2935 
f 2935/2935/2935 2929/2929/2929 2936/2936/2936 
f 2929/2929/2929 2930/2930/2930 2936/2936/2936 
f 2936/2936/2936 2930/2930/2930 2937/2937/2937 
f 2930/2930/2930 2931/2931/2931 2937/2937/2937 
f 2937/2937/2937 2931/2931/2931 2938/2938/2938 
f 2931/2931/2931 2932/2932/2932 2938/2938/2938 
f 2938/2938/2938 2932/2932/2932 2939/2939/2939 
f 2940/2940/2940 2941/2941/2941 2947/2947/2947 
f 2947/2947/2947 2941/2941/2941 2948/2948/2948 
f 2941/2941/2941 2942/2942/2942 2948/2948/2948 
f 2948/2948/2948 2942/2942/2942 2949/2949/2949 
f 2942/2942/2942 2943/2943/2943 2949/2949/2949 
f 2949/2949/2949 2943/2943/2943 2950/2950/2950 
f 2943/2943/2943 2944/2944/2944 2950/2950/2950 
f 2950/2950/2950 2944/2944/2944 2951/2951/2951 
f 2944/2944/2944 2945/2945/2945 2951/2951/2951 
f 2951/2951/2951 2945/2945/2945 2952/2952/2952 
f 2945/2945/2945 2946/2946/2946 2952/2952/2952 
f 2952/2952/2952 2946/2946/2946 2953/2953/2953 
f 2947/2947/2947 2948/2948/2948 2954/2954/2954 
f 2954/2954/2954 2948/2948/2948 2955/2955/2955 
f 2948/2948/2948 2949/2949/2949 2955/2955/2955 
f 2955/2955/2955 2949/2949/2949 2956/2956/2956 
f 2949/2949/2949 2950/2950/2950 2956/2956/2956 
f 2956/2956/2956 2950/2950/2950 2957/2957/2957 
f 2950/2950/2950 2951/2951/2951 2957/2957/2957 
f 2957/2957/2957 2951/2951/2951 2958/2958/2958 
f 2951/2951/2951 2952/2952/2952 2958/2958/2958 
f 2958/2958/2958 2952/2952/2952 2959/2959/2959 
f 2952/2952/2952 2953/2953/2953 2959/2959/2959 
f 2959/2959/2959 2953/2953/2953 2960/2960/2960 
f 2954/2954/2954 2955/2955/2955 2961/2961/2961 
f 2961/2961/2961 2955/2955/2955 2962/2962/2962 
f 2955/2955/2955 2956/2956/2956 2962/2962/2962 
f 2962/2962/2962 2956/2956/2956 2963/2963/2963 
f 2956/2956/2956 2957/2957/2957 2963/2963/2963 
f 2963/2963/2963 2957/2957/2957 2964/2964/2964 
f 2957/2957/2957 2958/2958/2958 2964/2964/2964 
f 2964/2964/2964 2958/2958/2958 2965/2965/2965 
f 2958/2958/2958 2959/2959/2959 2965/2965/2965 
f 2965/2965/2965 2959/2959/2959 2966/2966/2966 
f 2959/2959/2959 2960/2960/2960 2966/2966/2966 
f 2966/2966/2966 2960/2960/2960 2967/2967/2967 
f 2961/2961/2961 2962/2962/2962 2968/2968/2968 
f 2968/2968/2968 2962/2962/2962 2969/2969/2969 
f 2962/2962/2962 2963/2963/2963 2969/2969/2969 
f 2969/2969/2969 2963/2963/2963 2970/2970/2970 
f 2963/2963/2963 2964/2964/2964 2970/2970/2970 
f 2970/2970/2970 2964/2964/2964 2971/2971/2971 
f 2964/2964/2964 2965/2965/2965 2971/2971/2971 
f 2971/2971/2971 2965/2965/2965 2972/2972/2972 
f 2965/2965/2965 2966/2966/2966 2972/2972/2972 
f 2972/2972/2972 2966/2966/2966 2973/2973/2973 
f 2966/2966/2966 2967/2967/2967 2973/2973/2973 
f 2973/2973/2973 2967/2967/2967 2974/2974/2974 
f 2968/2968/2968 2969/2969/2969 2975/2975/2975 
f 2975/2975/2975 2969/2969/2969 2976/2976/2976 
f 2969/2969/2969 2970/2970/2970 2976/2976/2976 
f 2976/2976/2976 2970/2970/2970 2977/2977/2977 
f 2970/2970/2970 2971/2971/2971 2977/2977/2977 
f 2977/2977/2977 2971/2971/2971 2978/2978/2978 
f 2971/2971/2971 2972/2972/2972 2978/2978/2978 
f 2978/2978/2978 2972/2972/2972 2979/2979/2979 
f 2972/2972/2972 2973/2973/2973 2979/2979/2979 
f 2979/2979/2979 2973/2973/2973 2980/2980/2980 
f 2973/2973/2973 2974/2974/2974 2980/2980/2980 
f 2980/2980/2980 2974/2974/2974 2981/2981/2981 
f 2975/2975/2975 2976/2976/2976 2982/2982/2982 
f 2982/2982/2982 2976/2976/2976 2983/2983/2983 
f 2976/2976/2976 2977/2977/2977 2983/2983/2983 
f 2983/2983/2983 2977/2977/2977 2984/2984/2984 
f 2977/2977/2977 2978/2978/2978 2984/2984/2984 
f 2984/2984/2984 2978/2978/2978 2985/2985/2985 
f 2978/2978/2978 2979/2979/2979 2985/2985/2985 
f 2985/2985/2985 2979/2979/2979 2986/2986/2986 
f 2979/2979/2979 2980/2980/2980 2986/2986/2986 
f 2986/2986/2986 2980/2980/2980 2987/2987/2987 
f 2980/2980/2980 2981/2981/2981 2987/2987/2987 
f 2987/2987/2987 2981/2981/2981 2988/2988/2988 

g 41

v -40.8453 478.155 40.8453 
v -40.7208 478.279 41.1472 
v -40.6235 478.376 41.5412 
v -40.5858 478.414 42 
v -40.6235 478.376 42.4588 
v -40.7208 478.279 42.8528 
v -40.8453 478.155 43.1547 
v -40.7208 477.853 40.7208 
v -40.5448 477.97 41.0299 
v -40.3964 478.069 41.4655 
v -40.3359 478.109 42 
v -40.3964 478.069 42.5345 
v -40.5448 477.97 42.9701 
v -40.7208 477.853 43.2792 
v -40.6235 477.459 40.6235 
v -40.3964 477.535 40.931 
v -40.1909 477.603 41.397 
v -40.1026 477.632 42 
v -40.1909 477.603 42.603 
v -40.3964 477.535 43.069 
v -40.6235 477.459 43.3765 
v -40.5858 477 40.5858 
v -40.3359 477 40.8906 
v -40.1026 477 41.3675 
v -40 477 42 
v -40.1026 477 42.6325 
v -40.3359 477 43.1094 
v -40.5858 477 43.4142 
v -40.6235 476.541 40.6235 
v -40.3964 476.465 40.931 
v -40.1909 476.397 41.397 
v -40.1026 476.368 42 
v -40.1909 476.397 42.603 
v -40.3964 476.465 43.069 
v -40.6235 476.541 43.3765 
v -40.7208 476.147 40.7208 
v -40.5448 476.03 41.0299 
v -40.3964 475.931 41.4655 
v -40.3359 475.891 42 
v -40.3964 475.931 42.5345 
v -40.5448 476.03 42.9701 
v -40.7208 476.147 43.2792 
v -40.8453 475.845 40.8453 
v -40.7208 475.721 41.1472 
v -40.6235 475.624 41.5412 
v -40.5858 475.586 42 
v -40.6235 475.624 42.4588 
v -40.7208 475.721 42.8528 
v -40.8453 475.845 43.1547 
v -43.1547 478.155 43.1547 
v -42.8528 478.279 43.2792 
v -42.4588 478.376 43.3765 
v -42 478.414 43.4142 
v -41.5412 478.376 43.3765 
v -41.1472 478.279 43.2792 
v -40.8453 478.155 43.1547 
v -43.2792 478.279 42.8528 
v -42.9701 478.455 42.9701 
v -42.5345 478.604 43.069 
v -42 478.664 43.1094 
v -41.4655 478.604 43.069 
v -41.0299 478.455 42.9701 
v -40.7208 478.279 42.8528 
v -43.3765 478.376 42.4588 
v -43.069 478.604 42.5345 
v -42.603 478.809 42.603 
v -42 478.897 42.6325 
v -41.397 478.809 42.603 
v -40.931 478.604 42.5345 
v -40.6235 478.376 42.4588 
v -43.4142 478.414 42 
v -43.1094 478.664 42 
v -42.6325 478.897 42 
v -42 479 42 
v -41.3675 478.897 42 
v -40.8906 478.664 42 
v -40.5858 478.414 42 
v -43.3765 478.376 41.5412 
v -43.069 478.604 41.4655 
v -42.603 478.809 41.397 
v -42 478.897 41.3675 
v -41.397 478.809 41.397 
v -40.931 478.604 41.4655 
v -40.6235 478.376 41.5412 
v -43.2792 478.279 41.1472 
v -42.9701 478.455 41.0299 
v -42.5345 478.604 40.931 
v -42 478.664 40.8906 
v -41.4655 478.604 40.931 
v -41.0299 478.455 41.0299 
v -40.7208 478.279 41.1472 
v -43.1547 478.155 40.8453 
v -42.8528 478.279 40.7208 
v -42.4588 478.376 40.6235 
v -42 478.414 40.5858 
v -41.5412 478.376 40.6235 
v -41.1472 478.279 40.7208 
v -40.8453 478.155 40.8453 
v -40.8453 478.155 43.1547 
v -41.1472 478.279 43.2792 
v -41.5412 478.376 43.3765 
v -42 478.414 43.4142 
v -42.4588 478.376 43.3765 
v -42.8528 478.279 43.2792 
v -43.1547 478.155 43.1547 
v -40.7208 477.853 43.2792 
v -41.0299 477.97 43.4552 
v -41.4655 478.069 43.6036 
v -42 478.109 43.6641 
v -42.5345 478.069 43.6036 
v -42.9701 477.97 43.4552 
v -43.2792 477.853 43.2792 
v -40.6235 477.459 43.3765 
v -40.931 477.535 43.6036 
v -41.397 477.603 43.8091 
v -42 477.632 43.8974 
v -42.603 477.603 43.8091 
v -43.069 477.535 43.6036 
v -43.3765 477.459 43.3765 
v -40.5858 477 43.4142 
v -40.8906 477 43.6641 
v -41.3675 477 43.8974 
v -42 477 44 
v -42.6325 477 43.8974 
v -43.1094 477 43.6641 
v -43.4142 477 43.4142 
v -40.6235 476.541 43.3765 
v -40.931 476.465 43.6036 
v -41.397 476.397 43.8091 
v -42 476.368 43.8974 
v -42.603 476.397 43.8091 
v -43.069 476.465 43.6036 
v -43.3765 476.541 43.3765 
v -40.7208 476.147 43.2792 
v -41.0299 476.03 43.4552 
v -41.4655 475.931 43.6036 
v -42 475.891 43.6641 
v -42.5345 475.931 43.6036 
v -42.9701 476.03 43.4552 
v -43.2792 476.147 43.2792 
v -40.8453 475.845 43.1547 
v -41.1472 475.721 43.2792 
v -41.5412 475.624 43.3765 
v -42 475.586 43.4142 
v -42.4588 475.624 43.3765 
v -42.8528 475.721 43.2792 
v -43.1547 475.845 43.1547 
v -43.1547 478.155 43.1547 
v -43.2792 478.279 42.8528 
v -43.3765 478.376 42.4588 
v -43.4142 478.414 42 
v -43.3765 478.376 41.5412 
v -43.2792 478.279 41.1472 
v -43.1547 478.155 40.8453 
v -43.2792 477.853 43.2792 
v -43.4552 477.97 42.9701 
v -43.6036 478.069 42.5345 
v -43.6641 478.109 42 
v -43.6036 478.069 41.4655 
v -43.4552 477.97 41.0299 
v -43.2792 477.853 40.7208 
v -43.3765 477.459 43.3765 
v -43.6036 477.535 43.069 
v -43.8091 477.603 42.603 
v -43.8974 477.632 42 
v -43.8091 477.603 41.397 
v -43.6036 477.535 40.931 
v -43.3765 477.459 40.6235 
v -43.4142 477 43.4142 
v -43.6641 477 43.1094 
v -43.8974 477 42.6325 
v -44 477 42 
v -43.8974 477 41.3675 
v -43.6641 477 40.8906 
v -43.4142 477 40.5858 
v -43.3765 476.541 43.3765 
v -43.6036 476.465 43.069 
v -43.8091 476.397 42.603 
v -43.8974 476.368 42 
v -43.8091 476.397 41.397 
v -43.6036 476.465 40.931 
v -43.3765 476.541 40.6235 
v -43.2792 476.147 43.2792 
v -43.4552 476.03 42.9701 
v -43.6036 475.931 42.5345 
v -43.6641 475.891 42 
v -43.6036 475.931 41.4655 
v -43.4552 476.03 41.0299 
v -43.2792 476.147 40.7208 
v -43.1547 475.845 43.1547 
v -43.2792 475.721 42.8528 
v -43.3765 475.624 42.4588 
v -43.4142 475.586 42 
v -43.3765 475.624 41.5412 
v -43.2792 475.721 41.1472 
v -43.1547 475.845 40.8453 
v -43.1547 475.845 40.8453 
v -42.8528 475.721 40.7208 
v -42.4588 475.624 40.6235 
v -42 475.586 40.5858 
v -41.5412 475.624 40.6235 
v -41.1472 475.721 40.7208 
v -40.8453 475.845 40.8453 
v -43.2792 475.721 41.1472 
v -42.9701 475.545 41.0299 
v -42.5345 475.396 40.931 
v -42 475.336 40.8906 
v -41.4655 475.396 40.931 
v -41.0299 475.545 41.0299 
v -40.7208 475.721 41.1472 
v -43.3765 475.624 41.5412 
v -43.069 475.396 41.4655 
v -42.603 475.191 41.397 
v -42 475.103 41.3675 
v -41.397 475.191 41.397 
v -40.931 475.396 41.4655 
v -40.6235 475.624 41.5412 
v -43.4142 475.586 42 
v -43.1094 475.336 42 
v -42.6325 475.103 42 
v -42 475 42 
v -41.3675 475.103 42 
v -40.8906 475.336 42 
v -40.5858 475.586 42 
v -43.3765 475.624 42.4588 
v -43.069 475.396 42.5345 
v -42.603 475.191 42.603 
v -42 475.103 42.6325 
v -41.397 475.191 42.603 
v -40.931 475.396 42.5345 
v -40.6235 475.624 42.4588 
v -43.2792 475.721 42.8528 
v -42.9701 475.545 42.9701 
v -42.5345 475.396 43.069 
v -42 475.336 43.1094 
v -41.4655 475.396 43.069 
v -41.0299 475.545 42.9701 
v -40.7208 475.721 42.8528 
v -43.1547 475.845 43.1547 
v -42.8528 475.721 43.2792 
v -42.4588 475.624 43.3765 
v -42 475.586 43.4142 
v -41.5412 475.624 43.3765 
v -41.1472 475.721 43.2792 
v -40.8453 475.845 43.1547 
v -43.1547 478.155 40.8453 
v -42.8528 478.279 40.7208 
v -42.4588 478.376 40.6235 
v -42 478.414 40.5858 
v -41.5412 478.376 40.6235 
v -41.1472 478.279 40.7208 
v -40.8453 478.155 40.8453 
v -43.2792 477.853 40.7208 
v -42.9701 477.97 40.5448 
v -42.5345 478.069 40.3964 
v -42 478.109 40.3359 
v -41.4655 478.069 40.3964 
v -41.0299 477.97 40.5448 
v -40.7208 477.853 40.7208 
v -43.3765 477.459 40.6235 
v -43.069 477.535 40.3964 
v -42.603 477.603 40.1909 
v -42 477.632 40.1026 
v -41.397 477.603 40.1909 
v -40.931 477.535 40.3964 
v -40.6235 477.459 40.6235 
v -43.4142 477 40.5858 
v -43.1094 477 40.3359 
v -42.6325 477 40.1026 
v -42 477 40 
v -41.3675 477 40.1026 
v -40.8906 477 40.3359 
v -40.5858 477 40.5858 
v -43.3765 476.541 40.6235 
v -43.069 476.465 40.3964 
v -42.603 476.397 40.1909 
v -42 476.368 40.1026 
v -41.397 476.397 40.1909 
v -40.931 476.465 40.3964 
v -40.6235 476.541 40.6235 
v -43.2792 476.147 40.7208 
v -42.9701 476.03 40.5448 
v -42.5345 475.931 40.3964 
v -42 475.891 40.3359 
v -41.4655 475.931 40.3964 
v -41.0299 476.03 40.5448 
v -40.7208 476.147 40.7208 
v -43.1547 475.845 40.8453 
v -42.8528 475.721 40.7208 
v -42.4588 475.624 40.6235 
v -42 475.586 40.5858 
v -41.5412 475.624 40.6235 
v -41.1472 475.721 40.7208 
v -40.8453 475.845 40.8453 

vn 0.574803 0.574803 -0.574803 
vn 0.637795 0.637795 -0.425197 
vn 0.685039 0.685039 -0.228346 
vn 0.708661 0.708661 0 
vn 0.685039 0.685039 0.228346 
vn 0.637795 0.637795 0.425197 
vn 0.574803 0.574803 0.574803 
vn 0.637795 0.425197 -0.637795 
vn 0.724409 0.488189 -0.488189 
vn 0.80315 0.535433 -0.267717 
vn 0.834646 0.551181 0 
vn 0.80315 0.535433 0.267717 
vn 0.724409 0.488189 0.488189 
vn 0.637795 0.425197 0.637795 
vn 0.685039 0.228346 -0.685039 
vn 0.80315 0.267717 -0.535433 
vn 0.905512 0.299213 -0.299213 
vn 0.944882 0.314961 0 
vn 0.905512 0.299213 0.299213 
vn 0.80315 0.267717 0.535433 
vn 0.685039 0.228346 0.685039 
vn 0.708661 0 -0.708661 
vn 0.834646 0 -0.551181 
vn 0.944882 0 -0.314961 
vn 1 0 0 
vn 0.944882 0 0.314961 
vn 0.834646 0 0.551181 
vn 0.708661 0 0.708661 
vn 0.685039 -0.228346 -0.685039 
vn 0.80315 -0.267717 -0.535433 
vn 0.905512 -0.299213 -0.299213 
vn 0.944882 -0.314961 0 
vn 0.905512 -0.299213 0.299213 
vn 0.80315 -0.267717 0.535433 
vn 0.685039 -0.228346 0.685039 
vn 0.637795 -0.425197 -0.637795 
vn 0.724409 -0.488189 -0.488189 
vn 0.80315 -0.535433 -0.267717 
vn 0.834646 -0.551181 0 
vn 0.80315 -0.535433 0.267717 
vn 0.724409 -0.488189 0.488189 
vn 0.637795 -0.425197 0.637795 
vn 0.574803 -0.574803 -0.574803 
vn 0.637795 -0.637795 -0.425197 
vn 0.685039 -0.685039 -0.228346 
vn 0.708661 -0.708661 0 
vn 0.685039 -0.685039 0.228346 
vn 0.637795 -0.637795 0.425197 
vn 0.574803 -0.574803 0.574803 
vn -0.574803 0.574803 0.574803 
vn -0.425197 0.637795 0.637795 
vn -0.228346 0.685039 0.685039 
vn 0 0.708661 0.708661 
vn 0.228346 0.685039 0.685039 
vn 0.425197 0.637795 0.637795 
vn 0.574803 0.574803 0.574803 
vn -0.637795 0.637795 0.425197 
vn -0.488189 0.724409 0.488189 
vn -0.267717 0.80315 0.535433 
vn 0 0.834646 0.551181 
vn 0.267717 0.80315 0.535433 
vn 0.488189 0.724409 0.488189 
vn 0.637795 0.637795 0.425197 
vn -0.685039 0.685039 0.228346 
vn -0.535433 0.80315 0.267717 
vn -0.299213 0.905512 0.299213 
vn 0 0.944882 0.314961 
vn 0.299213 0.905512 0.299213 
vn 0.535433 0.80315 0.267717 
vn 0.685039 0.685039 0.228346 
vn -0.708661 0.708661 0 
vn -0.551181 0.834646 0 
vn -0.314961 0.944882 0 
vn 0 1 0 
vn 0.314961 0.944882 0 
vn 0.551181 0.834646 0 
vn 0.708661 0.708661 0 
vn -0.685039 0.685039 -0.228346 
vn -0.535433 0.80315 -0.267717 
vn -0.299213 0.905512 -0.299213 
vn 0 0.944882 -0.314961 
vn 0.299213 0.905512 -0.299213 
vn 0.535433 0.80315 -0.267717 
vn 0.685039 0.685039 -0.228346 
vn -0.637795 0.637795 -0.425197 
vn -0.488189 0.724409 -0.488189 
vn -0.267717 0.80315 -0.535433 
vn 0 0.834646 -0.551181 
vn 0.267717 0.80315 -0.535433 
vn 0.488189 0.724409 -0.488189 
vn 0.637795 0.637795 -0.425197 
vn -0.574803 0.574803 -0.574803 
vn -0.425197 0.637795 -0.637795 
vn -0.228346 0.685039 -0.685039 
vn 0 0.708661 -0.708661 
vn 0.228346 0.685039 -0.685039 
vn 0.425197 0.637795 -0.637795 
vn 0.574803 0.574803 -0.574803 
vn 0.574803 0.574803 0.574803 
vn 0.425197 0.637795 0.637795 
vn 0.228346 0.685039 0.685039 
vn 0 0.708661 0.708661 
vn -0.228346 0.685039 0.685039 
vn -0.425197 0.637795 0.637795 
vn -0.574803 0.574803 0.574803 
vn 0.637795 0.425197 0.637795 
vn 0.488189 0.488189 0.724409 
vn 0.267717 0.535433 0.80315 
vn 0 0.551181 0.834646 
vn -0.267717 0.535433 0.80315 
vn -0.488189 0.488189 0.724409 
vn -0.637795 0.425197 0.637795 
vn 0.685039 0.228346 0.685039 
vn 0.535433 0.267717 0.80315 
vn 0.299213 0.299213 0.905512 
vn 0 0.314961 0.944882 
vn -0.299213 0.299213 0.905512 
vn -0.535433 0.267717 0.80315 
vn -0.685039 0.228346 0.685039 
vn 0.708661 0 0.708661 
vn 0.551181 0 0.834646 
vn 0.314961 0 0.944882 
vn 0 0 1 
vn -0.314961 0 0.944882 
vn -0.551181 0 0.834646 
vn -0.708661 0 0.708661 
vn 0.685039 -0.228346 0.685039 
vn 0.535433 -0.267717 0.80315 
vn 0.299213 -0.299213 0.905512 
vn 0 -0.314961 0.944882 
vn -0.299213 -0.299213 0.905512 
vn -0.535433 -0.267717 0.80315 
vn -0.685039 -0.228346 0.685039 
vn 0.637795 -0.425197 0.637795 
vn 0.488189 -0.488189 0.724409 
vn 0.267717 -0.535433 0.80315 
vn 0 -0.551181 0.834646 
vn -0.267717 -0.535433 0.80315 
vn -0.488189 -0.488189 0.724409 
vn -0.637795 -0.425197 0.637795 
vn 0.574803 -0.574803 0.574803 
vn 0.425197 -0.637795 0.637795 
vn 0.228346 -0.685039 0.685039 
vn 0 -0.708661 0.708661 
vn -0.228346 -0.685039 0.685039 
vn -0.425197 -0.637795 0.637795 
vn -0.574803 -0.574803 0.574803 
vn -0.574803 0.574803 0.574803 
vn -0.637795 0.637795 0.425197 
vn -0.685039 0.685039 0.228346 
vn -0.708661 0.708661 0 
vn -0.685039 0.685039 -0.228346 
vn -0.637795 0.637795 -0.425197 
vn -0.574803 0.574803 -0.574803 
vn -0.637795 0.425197 0.637795 
vn -0.724409 0.488189 0.488189 
vn -0.80315 0.535433 0.267717 
vn -0.834646 0.551181 0 
vn -0.80315 0.535433 -0.267717 
vn -0.724409 0.488189 -0.488189 
vn -0.637795 0.425197 -0.637795 
vn -0.685039 0.228346 0.685039 
vn -0.80315 0.267717 0.535433 
vn -0.905512 0.299213 0.299213 
vn -0.944882 0.314961 0 
vn -0.905512 0.299213 -0.299213 
vn -0.80315 0.267717 -0.535433 
vn -0.685039 0.228346 -0.685039 
vn -0.708661 0 0.708661 
vn -0.834646 0 0.551181 
vn -0.944882 0 0.314961 
vn -1 0 0 
vn -0.944882 0 -0.314961 
vn -0.834646 0 -0.551181 
vn -0.708661 0 -0.708661 
vn -0.685039 -0.228346 0.685039 
vn -0.80315 -0.267717 0.535433 
vn -0.905512 -0.299213 0.299213 
vn -0.944882 -0.314961 0 
vn -0.905512 -0.299213 -0.299213 
vn -0.80315 -0.267717 -0.535433 
vn -0.685039 -0.228346 -0.685039 
vn -0.637795 -0.425197 0.637795 
vn -0.724409 -0.488189 0.488189 
vn -0.80315 -0.535433 0.267717 
vn -0.834646 -0.551181 0 
vn -0.80315 -0.535433 -0.267717 
vn -0.724409 -0.488189 -0.488189 
vn -0.637795 -0.425197 -0.637795 
vn -0.574803 -0.574803 0.574803 
vn -0.637795 -0.637795 0.425197 
vn -0.685039 -0.685039 0.228346 
vn -0.708661 -0.708661 0 
vn -0.685039 -0.685039 -0.228346 
vn -0.637795 -0.637795 -0.425197 
vn -0.574803 -0.574803 -0.574803 
vn -0.574803 -0.574803 -0.574803 
vn -0.425197 -0.637795 -0.637795 
vn -0.228346 -0.685039 -0.685039 
vn 0 -0.708661 -0.708661 
vn 0.228346 -0.685039 -0.685039 
vn 0.425197 -0.637795 -0.637795 
vn 0.574803 -0.574803 -0.574803 
vn -0.637795 -0.637795 -0.425197 
vn -0.488189 -0.724409 -0.488189 
vn -0.267717 -0.80315 -0.535433 
vn 0 -0.834646 -0.551181 
vn 0.267717 -0.80315 -0.535433 
vn 0.488189 -0.724409 -0.488189 
vn 0.637795 -0.637795 -0.425197 
vn -0.685039 -0.685039 -0.228346 
vn -0.535433 -0.80315 -0.267717 
vn -0.299213 -0.905512 -0.299213 
vn 0 -0.944882 -0.314961 
vn 0.299213 -0.905512 -0.299213 
vn 0.535433 -0.80315 -0.267717 
vn 0.685039 -0.685039 -0.228346 
vn -0.708661 -0.708661 0 
vn -0.551181 -0.834646 0 
vn -0.314961 -0.944882 0 
vn 0 -1 0 
vn 0.314961 -0.944882 0 
vn 0.551181 -0.834646 0 
vn 0.708661 -0.708661 0 
vn -0.685039 -0.685039 0.228346 
vn -0.535433 -0.80315 0.267717 
vn -0.299213 -0.905512 0.299213 
vn 0 -0.944882 0.314961 
vn 0.299213 -0.905512 0.299213 
vn 0.535433 -0.80315 0.267717 
vn 0.685039 -0.685039 0.228346 
vn -0.637795 -0.637795 0.425197 
vn -0.488189 -0.724409 0.488189 
vn -0.267717 -0.80315 0.535433 
vn 0 -0.834646 0.551181 
vn 0.267717 -0.80315 0.535433 
vn 0.488189 -0.724409 0.488189 
vn 0.637795 -0.637795 0.425197 
vn -0.574803 -0.574803 0.574803 
vn -0.425197 -0.637795 0.637795 
vn -0.228346 -0.685039 0.685039 
vn 0 -0.708661 0.708661 
vn 0.228346 -0.685039 0.685039 
vn 0.425197 -0.637795 0.637795 
vn 0.574803 -0.574803 0.574803 
vn -0.574803 0.574803 -0.574803 
vn -0.425197 0.637795 -0.637795 
vn -0.228346 0.685039 -0.685039 
vn 0 0.708661 -0.708661 
vn 0.228346 0.685039 -0.685039 
vn 0.425197 0.637795 -0.637795 
vn 0.574803 0.574803 -0.574803 
vn -0.637795 0.425197 -0.637795 
vn -0.488189 0.488189 -0.724409 
vn -0.267717 0.535433 -0.80315 
vn 0 0.551181 -0.834646 
vn 0.267717 0.535433 -0.80315 
vn 0.488189 0.488189 -0.724409 
vn 0.637795 0.425197 -0.637795 
vn -0.685039 0.228346 -0.685039 
vn -0.535433 0.267717 -0.80315 
vn -0.299213 0.299213 -0.905512 
vn 0 0.314961 -0.944882 
vn 0.299213 0.299213 -0.905512 
vn 0.535433 0.267717 -0.80315 
vn 0.685039 0.228346 -0.685039 
vn -0.708661 0 -0.708661 
vn -0.551181 0 -0.834646 
vn -0.314961 0 -0.944882 
vn 0 0 -1 
vn 0.314961 0 -0.944882 
vn 0.551181 0 -0.834646 
vn 0.708661 0 -0.708661 
vn -0.685039 -0.228346 -0.685039 
vn -0.535433 -0.267717 -0.80315 
vn -0.299213 -0.299213 -0.905512 
vn 0 -0.314961 -0.944882 
vn 0.299213 -0.299213 -0.905512 
vn 0.535433 -0.267717 -0.80315 
vn 0.685039 -0.228346 -0.685039 
vn -0.637795 -0.425197 -0.637795 
vn -0.488189 -0.488189 -0.724409 
vn -0.267717 -0.535433 -0.80315 
vn 0 -0.551181 -0.834646 
vn 0.267717 -0.535433 -0.80315 
vn 0.488189 -0.488189 -0.724409 
vn 0.637795 -0.425197 -0.637795 
vn -0.574803 -0.574803 -0.574803 
vn -0.425197 -0.637795 -0.637795 
vn -0.228346 -0.685039 -0.685039 
vn 0 -0.708661 -0.708661 
vn 0.228346 -0.685039 -0.685039 
vn 0.425197 -0.637795 -0.637795 
vn 0.574803 -0.574803 -0.574803 

vt 0.765676 -4.37414 
vt 0.099009 -4.37414 
vt -0.567658 -4.37414 
vt -1.23432 -4.37414 
vt -1.90099 -4.37414 
vt -2.56766 -4.37414 
vt -3.23432 -4.37414 
vt 0.765676 -5.04081 
vt 0.099009 -5.04081 
vt -0.567658 -5.04081 
vt -1.23432 -5.04081 
vt -1.90099 -5.04081 
vt -2.56766 -5.04081 
vt -3.23432 -5.04081 
vt 0.765676 -5.70747 
vt 0.099009 -5.70747 
vt -0.567658 -5.70747 
vt -1.23432 -5.70747 
vt -1.90099 -5.70747 
vt -2.56766 -5.70747 
vt -3.23432 -5.70747 
vt 0.765676 -6.37414 
vt 0.099009 -6.37414 
vt -0.567658 -6.37414 
vt -1.23432 -6.37414 
vt -1.90099 -6.37414 
vt -2.56766 -6.37414 
vt -3.23432 -6.37414 
vt 0.765676 -7.04081 
vt 0.099009 -7.04081 
vt -0.567658 -7.04081 
vt -1.23432 -7.04081 
vt -1.90099 -7.04081 
vt -2.56766 -7.04081 
vt -3.23432 -7.04081 
vt 0.765676 -7.70747 
vt 0.099009 -7.70747 
vt -0.567658 -7.70747 
vt -1.23432 -7.70747 
vt -1.90099 -7.70747 
vt -2.56766 -7.70747 
vt -3.23432 -7.70747 
vt 0.765676 -8.37414 
vt 0.099009 -8.37414 
vt -0.567658 -8.37414 
vt -1.23432 -8.37414 
vt -1.90099 -8.37414 
vt -2.56766 -8.37414 
vt -3.23432 -8.37414 
vt 0.765676 -4.37414 
vt 0.099009 -4.37414 
vt -0.567658 -4.37414 
vt -1.23432 -4.37414 
vt -1.90099 -4.37414 
vt -2.56766 -4.37414 
vt -3.23432 -4.37414 
vt 0.765676 -5.04081 
vt 0.099009 -5.04081 
vt -0.567658 -5.04081 
vt -1.23432 -5.04081 
vt -1.90099 -5.04081 
vt -2.56766 -5.04081 
vt -3.23432 -5.04081 
vt 0.765676 -5.70747 
vt 0.099009 -5.70747 
vt -0.567658 -5.70747 
vt -1.23432 -5.70747 
vt -1.90099 -5.70747 
vt -2.56766 -5.70747 
vt -3.23432 -5.70747 
vt 0.765676 -6.37414 
vt 0.099009 -6.37414 
vt -0.567658 -6.37414 
vt -1.23432 -6.37414 
vt -1.90099 -6.37414 
vt -2.56766 -6.37414 
vt -3.23432 -6.37414 
vt 0.765676 -7.04081 
vt 0.099009 -7.04081 
vt -0.567658 -7.04081 
vt -1.23432 -7.04081 
vt -1.90099 -7.04081 
vt -2.56766 -7.04081 
vt -3.23432 -7.04081 
vt 0.765676 -7.70747 
vt 0.099009 -7.70747 
vt -0.567658 -7.70747 
vt -1.23432 -7.70747 
vt -1.90099 -7.70747 
vt -2.56766 -7.70747 
vt -3.23432 -7.70747 
vt 0.765676 -8.37414 
vt 0.099009 -8.37414 
vt -0.567658 -8.37414 
vt -1.23432 -8.37414 
vt -1.90099 -8.37414 
vt -2.56766 -8.37414 
vt -3.23432 -8.37414 
vt 0.765676 -4.37414 
vt 0.099009 -4.37414 
vt -0.567658 -4.37414 
vt -1.23432 -4.37414 
vt -1.90099 -4.37414 
vt -2.56766 -4.37414 
vt -3.23432 -4.37414 
vt 0.765676 -5.04081 
vt 0.099009 -5.04081 
vt -0.567658 -5.04081 
vt -1.23432 -5.04081 
vt -1.90099 -5.04081 
vt -2.56766 -5.04081 
vt -3.23432 -5.04081 
vt 0.765676 -5.70747 
vt 0.099009 -5.70747 
vt -0.567658 -5.70747 
vt -1.23432 -5.70747 
vt -1.90099 -5.70747 
vt -2.56766 -5.70747 
vt -3.23432 -5.70747 
vt 0.765676 -6.37414 
vt 0.099009 -6.37414 
vt -0.567658 -6.37414 
vt -1.23432 -6.37414 
vt -1.90099 -6.37414 
vt -2.56766 -6.37414 
vt -3.23432 -6.37414 
vt 0.765676 -7.04081 
vt 0.099009 -7.04081 
vt -0.567658 -7.04081 
vt -1.23432 -7.04081 
vt -1.90099 -7.04081 
vt -2.56766 -7.04081 
vt -3.23432 -7.04081 
vt 0.765676 -7.70747 
vt 0.099009 -7.70747 
vt -0.567658 -7.70747 
vt -1.23432 -7.70747 
vt -1.90099 -7.70747 
vt -2.56766 -7.70747 
vt -3.23432 -7.70747 
vt 0.765676 -8.37414 
vt 0.099009 -8.37414 
vt -0.567658 -8.37414 
vt -1.23432 -8.37414 
vt -1.90099 -8.37414 
vt -2.56766 -8.37414 
vt -3.23432 -8.37414 
vt 0.765676 -4.37414 
vt 0.099009 -4.37414 
vt -0.567658 -4.37414 
vt -1.23432 -4.37414 
vt -1.90099 -4.37414 
vt -2.56766 -4.37414 
vt -3.23432 -4.37414 
vt 0.765676 -5.04081 
vt 0.099009 -5.04081 
vt -0.567658 -5.04081 
vt -1.23432 -5.04081 
vt -1.90099 -5.04081 
vt -2.56766 -5.04081 
vt -3.23432 -5.04081 
vt 0.765676 -5.70747 
vt 0.099009 -5.70747 
vt -0.567658 -5.70747 
vt -1.23432 -5.70747 
vt -1.90099 -5.70747 
vt -2.56766 -5.70747 
vt -3.23432 -5.70747 
vt 0.765676 -6.37414 
vt 0.099009 -6.37414 
vt -0.567658 -6.37414 
vt -1.23432 -6.37414 
vt -1.90099 -6.37414 
vt -2.56766 -6.37414 
vt -3.23432 -6.37414 
vt 0.765676 -7.04081 
vt 0.099009 -7.04081 
vt -0.567658 -7.04081 
vt -1.23432 -7.04081 
vt -1.90099 -7.04081 
vt -2.56766 -7.04081 
vt -3.23432 -7.04081 
vt 0.765676 -7.70747 
vt 0.099009 -7.70747 
vt -0.567658 -7.70747 
vt -1.23432 -7.70747 
vt -1.90099 -7.70747 
vt -2.56766 -7.70747 
vt -3.23432 -7.70747 
vt 0.765676 -8.37414 
vt 0.099009 -8.37414 
vt -0.567658 -8.37414 
vt -1.23432 -8.37414 
vt -1.90099 -8.37414 
vt -2.56766 -8.37414 
vt -3.23432 -8.37414 
vt 0.765676 -4.37414 
vt 0.099009 -4.37414 
vt -0.567658 -4.37414 
vt -1.23432 -4.37414 
vt -1.90099 -4.37414 
vt -2.56766 -4.37414 
vt -3.23432 -4.37414 
vt 0.765676 -5.04081 
vt 0.099009 -5.04081 
vt -0.567658 -5.04081 
vt -1.23432 -5.04081 
vt -1.90099 -5.04081 
vt -2.56766 -5.04081 
vt -3.23432 -5.04081 
vt 0.765676 -5.70747 
vt 0.099009 -5.70747 
vt -0.567658 -5.70747 
vt -1.23432 -5.70747 
vt -1.90099 -5.70747 
vt -2.56766 -5.70747 
vt -3.23432 -5.70747 
vt 0.765676 -6.37414 
vt 0.099009 -6.37414 
vt -0.567658 -6.37414 
vt -1.23432 -6.37414 
vt -1.90099 -6.37414 
vt -2.56766 -6.37414 
vt -3.23432 -6.37414 
vt 0.765676 -7.04081 
vt 0.099009 -7.04081 
vt -0.567658 -7.04081 
vt -1.23432 -7.04081 
vt -1.90099 -7.04081 
vt -2.56766 -7.04081 
vt -3.23432 -7.04081 
vt 0.765676 -7.70747 
vt 0.099009 -7.70747 
vt -0.567658 -7.70747 
vt -1.23432 -7.70747 
vt -1.90099 -7.70747 
vt -2.56766 -7.70747 
vt -3.23432 -7.70747 
vt 0.765676 -8.37414 
vt 0.099009 -8.37414 
vt -0.567658 -8.37414 
vt -1.23432 -8.37414 
vt -1.90099 -8.37414 
vt -2.56766 -8.37414 
vt -3.23432 -8.37414 
vt 0.765676 -4.37414 
vt 0.099009 -4.37414 
vt -0.567658 -4.37414 
vt -1.23432 -4.37414 
vt -1.90099 -4.37414 
vt -2.56766 -4.37414 
vt -3.23432 -4.37414 
vt 0.765676 -5.04081 
vt 0.099009 -5.04081 
vt -0.567658 -5.04081 
vt -1.23432 -5.04081 
vt -1.90099 -5.04081 
vt -2.56766 -5.04081 
vt -3.23432 -5.04081 
vt 0.765676 -5.70747 
vt 0.099009 -5.70747 
vt -0.567658 -5.70747 
vt -1.23432 -5.70747 
vt -1.90099 -5.70747 
vt -2.56766 -5.70747 
vt -3.23432 -5.70747 
vt 0.765676 -6.37414 
vt 0.099009 -6.37414 
vt -0.567658 -6.37414 
vt -1.23432 -6.37414 
vt -1.90099 -6.37414 
vt -2.56766 -6.37414 
vt -3.23432 -6.37414 
vt 0.765676 -7.04081 
vt 0.099009 -7.04081 
vt -0.567658 -7.04081 
vt -1.23432 -7.04081 
vt -1.90099 -7.04081 
vt -2.56766 -7.04081 
vt -3.23432 -7.04081 
vt 0.765676 -7.70747 
vt 0.099009 -7.70747 
vt -0.567658 -7.70747 
vt -1.23432 -7.70747 
vt -1.90099 -7.70747 
vt -2.56766 -7.70747 
vt -3.23432 -7.70747 
vt 0.765676 -8.37414 
vt 0.099009 -8.37414 
vt -0.567658 -8.37414 
vt -1.23432 -8.37414 
vt -1.90099 -8.37414 
vt -2.56766 -8.37414 
vt -3.23432 -8.37414 

usemtl 11Mtl

f 2989/2989/2989 2990/2990/2990 2996/2996/2996 
f 2996/2996/2996 2990/2990/2990 2997/2997/2997 
f 2990/2990/2990 2991/2991/2991 2997/2997/2997 
f 2997/2997/2997 2991/2991/2991 2998/2998/2998 
f 2991/2991/2991 2992/2992/2992 2998/2998/2998 
f 2998/2998/2998 2992/2992/2992 2999/2999/2999 
f 2992/2992/2992 2993/2993/2993 2999/2999/2999 
f 2999/2999/2999 2993/2993/2993 3000/3000/3000 
f 2993/2993/2993 2994/2994/2994 3000/3000/3000 
f 3000/3000/3000 2994/2994/2994 3001/3001/3001 
f 2994/2994/2994 2995/2995/2995 3001/3001/3001 
f 3001/3001/3001 2995/2995/2995 3002/3002/3002 
f 2996/2996/2996 2997/2997/2997 3003/3003/3003 
f 3003/3003/3003 2997/2997/2997 3004/3004/3004 
f 2997/2997/2997 2998/2998/2998 3004/3004/3004 
f 3004/3004/3004 2998/2998/2998 3005/3005/3005 
f 2998/2998/2998 2999/2999/2999 3005/3005/3005 
f 3005/3005/3005 2999/2999/2999 3006/3006/3006 
f 2999/2999/2999 3000/3000/3000 3006/3006/3006 
f 3006/3006/3006 3000/3000/3000 3007/3007/3007 
f 3000/3000/3000 3001/3001/3001 3007/3007/3007 
f 3007/3007/3007 3001/3001/3001 3008/3008/3008 
f 3001/3001/3001 3002/3002/3002 3008/3008/3008 
f 3008/3008/3008 3002/3002/3002 3009/3009/3009 
f 3003/3003/3003 3004/3004/3004 3010/3010/3010 
f 3010/3010/3010 3004/3004/3004 3011/3011/3011 
f 3004/3004/3004 3005/3005/3005 3011/3011/3011 
f 3011/3011/3011 3005/3005/3005 3012/3012/3012 
f 3005/3005/3005 3006/3006/3006 3012/3012/3012 
f 3012/3012/3012 3006/3006/3006 3013/3013/3013 
f 3006/3006/3006 3007/3007/3007 3013/3013/3013 
f 3013/3013/3013 3007/3007/3007 3014/3014/3014 
f 3007/3007/3007 3008/3008/3008 3014/3014/3014 
f 3014/3014/3014 3008/3008/3008 3015/3015/3015 
f 3008/3008/3008 3009/3009/3009 3015/3015/3015 
f 3015/3015/3015 3009/3009/3009 3016/3016/3016 
f 3010/3010/3010 3011/3011/3011 3017/3017/3017 
f 3017/3017/3017 3011/3011/3011 3018/3018/3018 
f 3011/3011/3011 3012/3012/3012 3018/3018/3018 
f 3018/3018/3018 3012/3012/3012 3019/3019/3019 
f 3012/3012/3012 3013/3013/3013 3019/3019/3019 
f 3019/3019/3019 3013/3013/3013 3020/3020/3020 
f 3013/3013/3013 3014/3014/3014 3020/3020/3020 
f 3020/3020/3020 3014/3014/3014 3021/3021/3021 
f 3014/3014/3014 3015/3015/3015 3021/3021/3021 
f 3021/3021/3021 3015/3015/3015 3022/3022/3022 
f 3015/3015/3015 3016/3016/3016 3022/3022/3022 
f 3022/3022/3022 3016/3016/3016 3023/3023/3023 
f 3017/3017/3017 3018/3018/3018 3024/3024/3024 
f 3024/3024/3024 3018/3018/3018 3025/3025/3025 
f 3018/3018/3018 3019/3019/3019 3025/3025/3025 
f 3025/3025/3025 3019/3019/3019 3026/3026/3026 
f 3019/3019/3019 3020/3020/3020 3026/3026/3026 
f 3026/3026/3026 3020/3020/3020 3027/3027/3027 
f 3020/3020/3020 3021/3021/3021 3027/3027/3027 
f 3027/3027/3027 3021/3021/3021 3028/3028/3028 
f 3021/3021/3021 3022/3022/3022 3028/3028/3028 
f 3028/3028/3028 3022/3022/3022 3029/3029/3029 
f 3022/3022/3022 3023/3023/3023 3029/3029/3029 
f 3029/3029/3029 3023/3023/3023 3030/3030/3030 
f 3024/3024/3024 3025/3025/3025 3031/3031/3031 
f 3031/3031/3031 3025/3025/3025 3032/3032/3032 
f 3025/3025/3025 3026/3026/3026 3032/3032/3032 
f 3032/3032/3032 3026/3026/3026 3033/3033/3033 
f 3026/3026/3026 3027/3027/3027 3033/3033/3033 
f 3033/3033/3033 3027/3027/3027 3034/3034/3034 
f 3027/3027/3027 3028/3028/3028 3034/3034/3034 
f 3034/3034/3034 3028/3028/3028 3035/3035/3035 
f 3028/3028/3028 3029/3029/3029 3035/3035/3035 
f 3035/3035/3035 3029/3029/3029 3036/3036/3036 
f 3029/3029/3029 3030/3030/3030 3036/3036/3036 
f 3036/3036/3036 3030/3030/3030 3037/3037/3037 
f 3038/3038/3038 3039/3039/3039 3045/3045/3045 
f 3045/3045/3045 3039/3039/3039 3046/3046/3046 
f 3039/3039/3039 3040/3040/3040 3046/3046/3046 
f 3046/3046/3046 3040/3040/3040 3047/3047/3047 
f 3040/3040/3040 3041/3041/3041 3047/3047/3047 
f 3047/3047/3047 3041/3041/3041 3048/3048/3048 
f 3041/3041/3041 3042/3042/3042 3048/3048/3048 
f 3048/3048/3048 3042/3042/3042 3049/3049/3049 
f 3042/3042/3042 3043/3043/3043 3049/3049/3049 
f 3049/3049/3049 3043/3043/3043 3050/3050/3050 
f 3043/3043/3043 3044/3044/3044 3050/3050/3050 
f 3050/3050/3050 3044/3044/3044 3051/3051/3051 
f 3045/3045/3045 3046/3046/3046 3052/3052/3052 
f 3052/3052/3052 3046/3046/3046 3053/3053/3053 
f 3046/3046/3046 3047/3047/3047 3053/3053/3053 
f 3053/3053/3053 3047/3047/3047 3054/3054/3054 
f 3047/3047/3047 3048/3048/3048 3054/3054/3054 
f 3054/3054/3054 3048/3048/3048 3055/3055/3055 
f 3048/3048/3048 3049/3049/3049 3055/3055/3055 
f 3055/3055/3055 3049/3049/3049 3056/3056/3056 
f 3049/3049/3049 3050/3050/3050 3056/3056/3056 
f 3056/3056/3056 3050/3050/3050 3057/3057/3057 
f 3050/3050/3050 3051/3051/3051 3057/3057/3057 
f 3057/3057/3057 3051/3051/3051 3058/3058/3058 
f 3052/3052/3052 3053/3053/3053 3059/3059/3059 
f 3059/3059/3059 3053/3053/3053 3060/3060/3060 
f 3053/3053/3053 3054/3054/3054 3060/3060/3060 
f 3060/3060/3060 3054/3054/3054 3061/3061/3061 
f 3054/3054/3054 3055/3055/3055 3061/3061/3061 
f 3061/3061/3061 3055/3055/3055 3062/3062/3062 
f 3055/3055/3055 3056/3056/3056 3062/3062/3062 
f 3062/3062/3062 3056/3056/3056 3063/3063/3063 
f 3056/3056/3056 3057/3057/3057 3063/3063/3063 
f 3063/3063/3063 3057/3057/3057 3064/3064/3064 
f 3057/3057/3057 3058/3058/3058 3064/3064/3064 
f 3064/3064/3064 3058/3058/3058 3065/3065/3065 
f 3059/3059/3059 3060/3060/3060 3066/3066/3066 
f 3066/3066/3066 3060/3060/3060 3067/3067/3067 
f 3060/3060/3060 3061/3061/3061 3067/3067/3067 
f 3067/3067/3067 3061/3061/3061 3068/3068/3068 
f 3061/3061/3061 3062/3062/3062 3068/3068/3068 
f 3068/3068/3068 3062/3062/3062 3069/3069/3069 
f 3062/3062/3062 3063/3063/3063 3069/3069/3069 
f 3069/3069/3069 3063/3063/3063 3070/3070/3070 
f 3063/3063/3063 3064/3064/3064 3070/3070/3070 
f 3070/3070/3070 3064/3064/3064 3071/3071/3071 
f 3064/3064/3064 3065/3065/3065 3071/3071/3071 
f 3071/3071/3071 3065/3065/3065 3072/3072/3072 
f 3066/3066/3066 3067/3067/3067 3073/3073/3073 
f 3073/3073/3073 3067/3067/3067 3074/3074/3074 
f 3067/3067/3067 3068/3068/3068 3074/3074/3074 
f 3074/3074/3074 3068/3068/3068 3075/3075/3075 
f 3068/3068/3068 3069/3069/3069 3075/3075/3075 
f 3075/3075/3075 3069/3069/3069 3076/3076/3076 
f 3069/3069/3069 3070/3070/3070 3076/3076/3076 
f 3076/3076/3076 3070/3070/3070 3077/3077/3077 
f 3070/3070/3070 3071/3071/3071 3077/3077/3077 
f 3077/3077/3077 3071/3071/3071 3078/3078/3078 
f 3071/3071/3071 3072/3072/3072 3078/3078/3078 
f 3078/3078/3078 3072/3072/3072 3079/3079/3079 
f 3073/3073/3073 3074/3074/3074 3080/3080/3080 
f 3080/3080/3080 3074/3074/3074 3081/3081/3081 
f 3074/3074/3074 3075/3075/3075 3081/3081/3081 
f 3081/3081/3081 3075/3075/3075 3082/3082/3082 
f 3075/3075/3075 3076/3076/3076 3082/3082/3082 
f 3082/3082/3082 3076/3076/3076 3083/3083/3083 
f 3076/3076/3076 3077/3077/3077 3083/3083/3083 
f 3083/3083/3083 3077/3077/3077 3084/3084/3084 
f 3077/3077/3077 3078/3078/3078 3084/3084/3084 
f 3084/3084/3084 3078/3078/3078 3085/3085/3085 
f 3078/3078/3078 3079/3079/3079 3085/3085/3085 
f 3085/3085/3085 3079/3079/3079 3086/3086/3086 
f 3087/3087/3087 3088/3088/3088 3094/3094/3094 
f 3094/3094/3094 3088/3088/3088 3095/3095/3095 
f 3088/3088/3088 3089/3089/3089 3095/3095/3095 
f 3095/3095/3095 3089/3089/3089 3096/3096/3096 
f 3089/3089/3089 3090/3090/3090 3096/3096/3096 
f 3096/3096/3096 3090/3090/3090 3097/3097/3097 
f 3090/3090/3090 3091/3091/3091 3097/3097/3097 
f 3097/3097/3097 3091/3091/3091 3098/3098/3098 
f 3091/3091/3091 3092/3092/3092 3098/3098/3098 
f 3098/3098/3098 3092/3092/3092 3099/3099/3099 
f 3092/3092/3092 3093/3093/3093 3099/3099/3099 
f 3099/3099/3099 3093/3093/3093 3100/3100/3100 
f 3094/3094/3094 3095/3095/3095 3101/3101/3101 
f 3101/3101/3101 3095/3095/3095 3102/3102/3102 
f 3095/3095/3095 3096/3096/3096 3102/3102/3102 
f 3102/3102/3102 3096/3096/3096 3103/3103/3103 
f 3096/3096/3096 3097/3097/3097 3103/3103/3103 
f 3103/3103/3103 3097/3097/3097 3104/3104/3104 
f 3097/3097/3097 3098/3098/3098 3104/3104/3104 
f 3104/3104/3104 3098/3098/3098 3105/3105/3105 
f 3098/3098/3098 3099/3099/3099 3105/3105/3105 
f 3105/3105/3105 3099/3099/3099 3106/3106/3106 
f 3099/3099/3099 3100/3100/3100 3106/3106/3106 
f 3106/3106/3106 3100/3100/3100 3107/3107/3107 
f 3101/3101/3101 3102/3102/3102 3108/3108/3108 
f 3108/3108/3108 3102/3102/3102 3109/3109/3109 
f 3102/3102/3102 3103/3103/3103 3109/3109/3109 
f 3109/3109/3109 3103/3103/3103 3110/3110/3110 
f 3103/3103/3103 3104/3104/3104 3110/3110/3110 
f 3110/3110/3110 3104/3104/3104 3111/3111/3111 
f 3104/3104/3104 3105/3105/3105 3111/3111/3111 
f 3111/3111/3111 3105/3105/3105 3112/3112/3112 
f 3105/3105/3105 3106/3106/3106 3112/3112/3112 
f 3112/3112/3112 3106/3106/3106 3113/3113/3113 
f 3106/3106/3106 3107/3107/3107 3113/3113/3113 
f 3113/3113/3113 3107/3107/3107 3114/3114/3114 
f 3108/3108/3108 3109/3109/3109 3115/3115/3115 
f 3115/3115/3115 3109/3109/3109 3116/3116/3116 
f 3109/3109/3109 3110/3110/3110 3116/3116/3116 
f 3116/3116/3116 3110/3110/3110 3117/3117/3117 
f 3110/3110/3110 3111/3111/3111 3117/3117/3117 
f 3117/3117/3117 3111/3111/3111 3118/3118/3118 
f 3111/3111/3111 3112/3112/3112 3118/3118/3118 
f 3118/3118/3118 3112/3112/3112 3119/3119/3119 
f 3112/3112/3112 3113/3113/3113 3119/3119/3119 
f 3119/3119/3119 3113/3113/3113 3120/3120/3120 
f 3113/3113/3113 3114/3114/3114 3120/3120/3120 
f 3120/3120/3120 3114/3114/3114 3121/3121/3121 
f 3115/3115/3115 3116/3116/3116 3122/3122/3122 
f 3122/3122/3122 3116/3116/3116 3123/3123/3123 
f 3116/3116/3116 3117/3117/3117 3123/3123/3123 
f 3123/3123/3123 3117/3117/3117 3124/3124/3124 
f 3117/3117/3117 3118/3118/3118 3124/3124/3124 
f 3124/3124/3124 3118/3118/3118 3125/3125/3125 
f 3118/3118/3118 3119/3119/3119 3125/3125/3125 
f 3125/3125/3125 3119/3119/3119 3126/3126/3126 
f 3119/3119/3119 3120/3120/3120 3126/3126/3126 
f 3126/3126/3126 3120/3120/3120 3127/3127/3127 
f 3120/3120/3120 3121/3121/3121 3127/3127/3127 
f 3127/3127/3127 3121/3121/3121 3128/3128/3128 
f 3122/3122/3122 3123/3123/3123 3129/3129/3129 
f 3129/3129/3129 3123/3123/3123 3130/3130/3130 
f 3123/3123/3123 3124/3124/3124 3130/3130/3130 
f 3130/3130/3130 3124/3124/3124 3131/3131/3131 
f 3124/3124/3124 3125/3125/3125 3131/3131/3131 
f 3131/3131/3131 3125/3125/3125 3132/3132/3132 
f 3125/3125/3125 3126/3126/3126 3132/3132/3132 
f 3132/3132/3132 3126/3126/3126 3133/3133/3133 
f 3126/3126/3126 3127/3127/3127 3133/3133/3133 
f 3133/3133/3133 3127/3127/3127 3134/3134/3134 
f 3127/3127/3127 3128/3128/3128 3134/3134/3134 
f 3134/3134/3134 3128/3128/3128 3135/3135/3135 
f 3136/3136/3136 3137/3137/3137 3143/3143/3143 
f 3143/3143/3143 3137/3137/3137 3144/3144/3144 
f 3137/3137/3137 3138/3138/3138 3144/3144/3144 
f 3144/3144/3144 3138/3138/3138 3145/3145/3145 
f 3138/3138/3138 3139/3139/3139 3145/3145/3145 
f 3145/3145/3145 3139/3139/3139 3146/3146/3146 
f 3139/3139/3139 3140/3140/3140 3146/3146/3146 
f 3146/3146/3146 3140/3140/3140 3147/3147/3147 
f 3140/3140/3140 3141/3141/3141 3147/3147/3147 
f 3147/3147/3147 3141/3141/3141 3148/3148/3148 
f 3141/3141/3141 3142/3142/3142 3148/3148/3148 
f 3148/3148/3148 3142/3142/3142 3149/3149/3149 
f 3143/3143/3143 3144/3144/3144 3150/3150/3150 
f 3150/3150/3150 3144/3144/3144 3151/3151/3151 
f 3144/3144/3144 3145/3145/3145 3151/3151/3151 
f 3151/3151/3151 3145/3145/3145 3152/3152/3152 
f 3145/3145/3145 3146/3146/3146 3152/3152/3152 
f 3152/3152/3152 3146/3146/3146 3153/3153/3153 
f 3146/3146/3146 3147/3147/3147 3153/3153/3153 
f 3153/3153/3153 3147/3147/3147 3154/3154/3154 
f 3147/3147/3147 3148/3148/3148 3154/3154/3154 
f 3154/3154/3154 3148/3148/3148 3155/3155/3155 
f 3148/3148/3148 3149/3149/3149 3155/3155/3155 
f 3155/3155/3155 3149/3149/3149 3156/3156/3156 
f 3150/3150/3150 3151/3151/3151 3157/3157/3157 
f 3157/3157/3157 3151/3151/3151 3158/3158/3158 
f 3151/3151/3151 3152/3152/3152 3158/3158/3158 
f 3158/3158/3158 3152/3152/3152 3159/3159/3159 
f 3152/3152/3152 3153/3153/3153 3159/3159/3159 
f 3159/3159/3159 3153/3153/3153 3160/3160/3160 
f 3153/3153/3153 3154/3154/3154 3160/3160/3160 
f 3160/3160/3160 3154/3154/3154 3161/3161/3161 
f 3154/3154/3154 3155/3155/3155 3161/3161/3161 
f 3161/3161/3161 3155/3155/3155 3162/3162/3162 
f 3155/3155/3155 3156/3156/3156 3162/3162/3162 
f 3162/3162/3162 3156/3156/3156 3163/3163/3163 
f 3157/3157/3157 3158/3158/3158 3164/3164/3164 
f 3164/3164/3164 3158/3158/3158 3165/3165/3165 
f 3158/3158/3158 3159/3159/3159 3165/3165/3165 
f 3165/3165/3165 3159/3159/3159 3166/3166/3166 
f 3159/3159/3159 3160/3160/3160 3166/3166/3166 
f 3166/3166/3166 3160/3160/3160 3167/3167/3167 
f 3160/3160/3160 3161/3161/3161 3167/3167/3167 
f 3167/3167/3167 3161/3161/3161 3168/3168/3168 
f 3161/3161/3161 3162/3162/3162 3168/3168/3168 
f 3168/3168/3168 3162/3162/3162 3169/3169/3169 
f 3162/3162/3162 3163/3163/3163 3169/3169/3169 
f 3169/3169/3169 3163/3163/3163 3170/3170/3170 
f 3164/3164/3164 3165/3165/3165 3171/3171/3171 
f 3171/3171/3171 3165/3165/3165 3172/3172/3172 
f 3165/3165/3165 3166/3166/3166 3172/3172/3172 
f 3172/3172/3172 3166/3166/3166 3173/3173/3173 
f 3166/3166/3166 3167/3167/3167 3173/3173/3173 
f 3173/3173/3173 3167/3167/3167 3174/3174/3174 
f 3167/3167/3167 3168/3168/3168 3174/3174/3174 
f 3174/3174/3174 3168/3168/3168 3175/3175/3175 
f 3168/3168/3168 3169/3169/3169 3175/3175/3175 
f 3175/3175/3175 3169/3169/3169 3176/3176/3176 
f 3169/3169/3169 3170/3170/3170 3176/3176/3176 
f 3176/3176/3176 3170/3170/3170 3177/3177/3177 
f 3171/3171/3171 3172/3172/3172 3178/3178/3178 
f 3178/3178/3178 3172/3172/3172 3179/3179/3179 
f 3172/3172/3172 3173/3173/3173 3179/3179/3179 
f 3179/3179/3179 3173/3173/3173 3180/3180/3180 
f 3173/3173/3173 3174/3174/3174 3180/3180/3180 
f 3180/3180/3180 3174/3174/3174 3181/3181/3181 
f 3174/3174/3174 3175/3175/3175 3181/3181/3181 
f 3181/3181/3181 3175/3175/3175 3182/3182/3182 
f 3175/3175/3175 3176/3176/3176 3182/3182/3182 
f 3182/3182/3182 3176/3176/3176 3183/3183/3183 
f 3176/3176/3176 3177/3177/3177 3183/3183/3183 
f 3183/3183/3183 3177/3177/3177 3184/3184/3184 
f 3185/3185/3185 3186/3186/3186 3192/3192/3192 
f 3192/3192/3192 3186/3186/3186 3193/3193/3193 
f 3186/3186/3186 3187/3187/3187 3193/3193/3193 
f 3193/3193/3193 3187/3187/3187 3194/3194/3194 
f 3187/3187/3187 3188/3188/3188 3194/3194/3194 
f 3194/3194/3194 3188/3188/3188 3195/3195/3195 
f 3188/3188/3188 3189/3189/3189 3195/3195/3195 
f 3195/3195/3195 3189/3189/3189 3196/3196/3196 
f 3189/3189/3189 3190/3190/3190 3196/3196/3196 
f 3196/3196/3196 3190/3190/3190 3197/3197/3197 
f 3190/3190/3190 3191/3191/3191 3197/3197/3197 
f 3197/3197/3197 3191/3191/3191 3198/3198/3198 
f 3192/3192/3192 3193/3193/3193 3199/3199/3199 
f 3199/3199/3199 3193/3193/3193 3200/3200/3200 
f 3193/3193/3193 3194/3194/3194 3200/3200/3200 
f 3200/3200/3200 3194/3194/3194 3201/3201/3201 
f 3194/3194/3194 3195/3195/3195 3201/3201/3201 
f 3201/3201/3201 3195/3195/3195 3202/3202/3202 
f 3195/3195/3195 3196/3196/3196 3202/3202/3202 
f 3202/3202/3202 3196/3196/3196 3203/3203/3203 
f 3196/3196/3196 3197/3197/3197 3203/3203/3203 
f 3203/3203/3203 3197/3197/3197 3204/3204/3204 
f 3197/3197/3197 3198/3198/3198 3204/3204/3204 
f 3204/3204/3204 3198/3198/3198 3205/3205/3205 
f 3199/3199/3199 3200/3200/3200 3206/3206/3206 
f 3206/3206/3206 3200/3200/3200 3207/3207/3207 
f 3200/3200/3200 3201/3201/3201 3207/3207/3207 
f 3207/3207/3207 3201/3201/3201 3208/3208/3208 
f 3201/3201/3201 3202/3202/3202 3208/3208/3208 
f 3208/3208/3208 3202/3202/3202 3209/3209/3209 
f 3202/3202/3202 3203/3203/3203 3209/3209/3209 
f 3209/3209/3209 3203/3203/3203 3210/3210/3210 
f 3203/3203/3203 3204/3204/3204 3210/3210/3210 
f 3210/3210/3210 3204/3204/3204 3211/3211/3211 
f 3204/3204/3204 3205/3205/3205 3211/3211/3211 
f 3211/3211/3211 3205/3205/3205 3212/3212/3212 
f 3206/3206/3206 3207/3207/3207 3213/3213/3213 
f 3213/3213/3213 3207/3207/3207 3214/3214/3214 
f 3207/3207/3207 3208/3208/3208 3214/3214/3214 
f 3214/3214/3214 3208/3208/3208 3215/3215/3215 
f 3208/3208/3208 3209/3209/3209 3215/3215/3215 
f 3215/3215/3215 3209/3209/3209 3216/3216/3216 
f 3209/3209/3209 3210/3210/3210 3216/3216/3216 
f 3216/3216/3216 3210/3210/3210 3217/3217/3217 
f 3210/3210/3210 3211/3211/3211 3217/3217/3217 
f 3217/3217/3217 3211/3211/3211 3218/3218/3218 
f 3211/3211/3211 3212/3212/3212 3218/3218/3218 
f 3218/3218/3218 3212/3212/3212 3219/3219/3219 
f 3213/3213/3213 3214/3214/3214 3220/3220/3220 
f 3220/3220/3220 3214/3214/3214 3221/3221/3221 
f 3214/3214/3214 3215/3215/3215 3221/3221/3221 
f 3221/3221/3221 3215/3215/3215 3222/3222/3222 
f 3215/3215/3215 3216/3216/3216 3222/3222/3222 
f 3222/3222/3222 3216/3216/3216 3223/3223/3223 
f 3216/3216/3216 3217/3217/3217 3223/3223/3223 
f 3223/3223/3223 3217/3217/3217 3224/3224/3224 
f 3217/3217/3217 3218/3218/3218 3224/3224/3224 
f 3224/3224/3224 3218/3218/3218 3225/3225/3225 
f 3218/3218/3218 3219/3219/3219 3225/3225/3225 
f 3225/3225/3225 3219/3219/3219 3226/3226/3226 
f 3220/3220/3220 3221/3221/3221 3227/3227/3227 
f 3227/3227/3227 3221/3221/3221 3228/3228/3228 
f 3221/3221/3221 3222/3222/3222 3228/3228/3228 
f 3228/3228/3228 3222/3222/3222 3229/3229/3229 
f 3222/3222/3222 3223/3223/3223 3229/3229/3229 
f 3229/3229/3229 3223/3223/3223 3230/3230/3230 
f 3223/3223/3223 3224/3224/3224 3230/3230/3230 
f 3230/3230/3230 3224/3224/3224 3231/3231/3231 
f 3224/3224/3224 3225/3225/3225 3231/3231/3231 
f 3231/3231/3231 3225/3225/3225 3232/3232/3232 
f 3225/3225/3225 3226/3226/3226 3232/3232/3232 
f 3232/3232/3232 3226/3226/3226 3233/3233/3233 
f 3234/3234/3234 3235/3235/3235 3241/3241/3241 
f 3241/3241/3241 3235/3235/3235 3242/3242/3242 
f 3235/3235/3235 3236/3236/3236 3242/3242/3242 
f 3242/3242/3242 3236/3236/3236 3243/3243/3243 
f 3236/3236/3236 3237/3237/3237 3243/3243/3243 
f 3243/3243/3243 3237/3237/3237 3244/3244/3244 
f 3237/3237/3237 3238/3238/3238 3244/3244/3244 
f 3244/3244/3244 3238/3238/3238 3245/3245/3245 
f 3238/3238/3238 3239/3239/3239 3245/3245/3245 
f 3245/3245/3245 3239/3239/3239 3246/3246/3246 
f 3239/3239/3239 3240/3240/3240 3246/3246/3246 
f 3246/3246/3246 3240/3240/3240 3247/3247/3247 
f 3241/3241/3241 3242/3242/3242 3248/3248/3248 
f 3248/3248/3248 3242/3242/3242 3249/3249/3249 
f 3242/3242/3242 3243/3243/3243 3249/3249/3249 
f 3249/3249/3249 3243/3243/3243 3250/3250/3250 
f 3243/3243/3243 3244/3244/3244 3250/3250/3250 
f 3250/3250/3250 3244/3244/3244 3251/3251/3251 
f 3244/3244/3244 3245/3245/3245 3251/3251/3251 
f 3251/3251/3251 3245/3245/3245 3252/3252/3252 
f 3245/3245/3245 3246/3246/3246 3252/3252/3252 
f 3252/3252/3252 3246/3246/3246 3253/3253/3253 
f 3246/3246/3246 3247/3247/3247 3253/3253/3253 
f 3253/3253/3253 3247/3247/3247 3254/3254/3254 
f 3248/3248/3248 3249/3249/3249 3255/3255/3255 
f 3255/3255/3255 3249/3249/3249 3256/3256/3256 
f 3249/3249/3249 3250/3250/3250 3256/3256/3256 
f 3256/3256/3256 3250/3250/3250 3257/3257/3257 
f 3250/3250/3250 3251/3251/3251 3257/3257/3257 
f 3257/3257/3257 3251/3251/3251 3258/3258/3258 
f 3251/3251/3251 3252/3252/3252 3258/3258/3258 
f 3258/3258/3258 3252/3252/3252 3259/3259/3259 
f 3252/3252/3252 3253/3253/3253 3259/3259/3259 
f 3259/3259/3259 3253/3253/3253 3260/3260/3260 
f 3253/3253/3253 3254/3254/3254 3260/3260/3260 
f 3260/3260/3260 3254/3254/3254 3261/3261/3261 
f 3255/3255/3255 3256/3256/3256 3262/3262/3262 
f 3262/3262/3262 3256/3256/3256 3263/3263/3263 
f 3256/3256/3256 3257/3257/3257 3263/3263/3263 
f 3263/3263/3263 3257/3257/3257 3264/3264/3264 
f 3257/3257/3257 3258/3258/3258 3264/3264/3264 
f 3264/3264/3264 3258/3258/3258 3265/3265/3265 
f 3258/3258/3258 3259/3259/3259 3265/3265/3265 
f 3265/3265/3265 3259/3259/3259 3266/3266/3266 
f 3259/3259/3259 3260/3260/3260 3266/3266/3266 
f 3266/3266/3266 3260/3260/3260 3267/3267/3267 
f 3260/3260/3260 3261/3261/3261 3267/3267/3267 
f 3267/3267/3267 3261/3261/3261 3268/3268/3268 
f 3262/3262/3262 3263/3263/3263 3269/3269/3269 
f 3269/3269/3269 3263/3263/3263 3270/3270/3270 
f 3263/3263/3263 3264/3264/3264 3270/3270/3270 
f 3270/3270/3270 3264/3264/3264 3271/3271/3271 
f 3264/3264/3264 3265/3265/3265 3271/3271/3271 
f 3271/3271/3271 3265/3265/3265 3272/3272/3272 
f 3265/3265/3265 3266/3266/3266 3272/3272/3272 
f 3272/3272/3272 3266/3266/3266 3273/3273/3273 
f 3266/3266/3266 3267/3267/3267 3273/3273/3273 
f 3273/3273/3273 3267/3267/3267 3274/3274/3274 
f 3267/3267/3267 3268/3268/3268 3274/3274/3274 
f 3274/3274/3274 3268/3268/3268 3275/3275/3275 
f 3269/3269/3269 3270/3270/3270 3276/3276/3276 
f 3276/3276/3276 3270/3270/3270 3277/3277/3277 
f 3270/3270/3270 3271/3271/3271 3277/3277/3277 
f 3277/3277/3277 3271/3271/3271 3278/3278/3278 
f 3271/3271/3271 3272/3272/3272 3278/3278/3278 
f 3278/3278/3278 3272/3272/3272 3279/3279/3279 
f 3272/3272/3272 3273/3273/3273 3279/3279/3279 
f 3279/3279/3279 3273/3273/3273 3280/3280/3280 
f 3273/3273/3273 3274/3274/3274 3280/3280/3280 
f 3280/3280/3280 3274/3274/3274 3281/3281/3281 
f 3274/3274/3274 3275/3275/3275 3281/3281/3281 
f 3281/3281/3281 3275/3275/3275 3282/3282/3282 

g 31

v -81.8453 477.155 -49.1547 
v -81.7208 477.279 -48.8528 
v -81.6235 477.376 -48.4588 
v -81.5858 477.414 -48 
v -81.6235 477.376 -47.5412 
v -81.7208 477.279 -47.1472 
v -81.8453 477.155 -46.8453 
v -81.7208 476.853 -49.2792 
v -81.5448 476.97 -48.9701 
v -81.3964 477.069 -48.5345 
v -81.3359 477.109 -48 
v -81.3964 477.069 -47.4655 
v -81.5448 476.97 -47.0299 
v -81.7208 476.853 -46.7208 
v -81.6235 476.459 -49.3765 
v -81.3964 476.535 -49.069 
v -81.1909 476.603 -48.603 
v -81.1026 476.632 -48 
v -81.1909 476.603 -47.397 
v -81.3964 476.535 -46.931 
v -81.6235 476.459 -46.6235 
v -81.5858 476 -49.4142 
v -81.3359 476 -49.1094 
v -81.1026 476 -48.6325 
v -81 476 -48 
v -81.1026 476 -47.3675 
v -81.3359 476 -46.8906 
v -81.5858 476 -46.5858 
v -81.6235 475.541 -49.3765 
v -81.3964 475.465 -49.069 
v -81.1909 475.397 -48.603 
v -81.1026 475.368 -48 
v -81.1909 475.397 -47.397 
v -81.3964 475.465 -46.931 
v -81.6235 475.541 -46.6235 
v -81.7208 475.147 -49.2792 
v -81.5448 475.03 -48.9701 
v -81.3964 474.931 -48.5345 
v -81.3359 474.891 -48 
v -81.3964 474.931 -47.4655 
v -81.5448 475.03 -47.0299 
v -81.7208 475.147 -46.7208 
v -81.8453 474.845 -49.1547 
v -81.7208 474.721 -48.8528 
v -81.6235 474.624 -48.4588 
v -81.5858 474.586 -48 
v -81.6235 474.624 -47.5412 
v -81.7208 474.721 -47.1472 
v -81.8453 474.845 -46.8453 
v -84.1547 477.155 -46.8453 
v -83.8528 477.279 -46.7208 
v -83.4588 477.376 -46.6235 
v -83 477.414 -46.5858 
v -82.5412 477.376 -46.6235 
v -82.1472 477.279 -46.7208 
v -81.8453 477.155 -46.8453 
v -84.2792 477.279 -47.1472 
v -83.9701 477.455 -47.0299 
v -83.5345 477.604 -46.931 
v -83 477.664 -46.8906 
v -82.4655 477.604 -46.931 
v -82.0299 477.455 -47.0299 
v -81.7208 477.279 -47.1472 
v -84.3765 477.376 -47.5412 
v -84.069 477.604 -47.4655 
v -83.603 477.809 -47.397 
v -83 477.897 -47.3675 
v -82.397 477.809 -47.397 
v -81.931 477.604 -47.4655 
v -81.6235 477.376 -47.5412 
v -84.4142 477.414 -48 
v -84.1094 477.664 -48 
v -83.6325 477.897 -48 
v -83 478 -48 
v -82.3675 477.897 -48 
v -81.8906 477.664 -48 
v -81.5858 477.414 -48 
v -84.3765 477.376 -48.4588 
v -84.069 477.604 -48.5345 
v -83.603 477.809 -48.603 
v -83 477.897 -48.6325 
v -82.397 477.809 -48.603 
v -81.931 477.604 -48.5345 
v -81.6235 477.376 -48.4588 
v -84.2792 477.279 -48.8528 
v -83.9701 477.455 -48.9701 
v -83.5345 477.604 -49.069 
v -83 477.664 -49.1094 
v -82.4655 477.604 -49.069 
v -82.0299 477.455 -48.9701 
v -81.7208 477.279 -48.8528 
v -84.1547 477.155 -49.1547 
v -83.8528 477.279 -49.2792 
v -83.4588 477.376 -49.3765 
v -83 477.414 -49.4142 
v -82.5412 477.376 -49.3765 
v -82.1472 477.279 -49.2792 
v -81.8453 477.155 -49.1547 
v -81.8453 477.155 -46.8453 
v -82.1472 477.279 -46.7208 
v -82.5412 477.376 -46.6235 
v -83 477.414 -46.5858 
v -83.4588 477.376 -46.6235 
v -83.8528 477.279 -46.7208 
v -84.1547 477.155 -46.8453 
v -81.7208 476.853 -46.7208 
v -82.0299 476.97 -46.5448 
v -82.4655 477.069 -46.3964 
v -83 477.109 -46.3359 
v -83.5345 477.069 -46.3964 
v -83.9701 476.97 -46.5448 
v -84.2792 476.853 -46.7208 
v -81.6235 476.459 -46.6235 
v -81.931 476.535 -46.3964 
v -82.397 476.603 -46.1909 
v -83 476.632 -46.1026 
v -83.603 476.603 -46.1909 
v -84.069 476.535 -46.3964 
v -84.3765 476.459 -46.6235 
v -81.5858 476 -46.5858 
v -81.8906 476 -46.3359 
v -82.3675 476 -46.1026 
v -83 476 -46 
v -83.6325 476 -46.1026 
v -84.1094 476 -46.3359 
v -84.4142 476 -46.5858 
v -81.6235 475.541 -46.6235 
v -81.931 475.465 -46.3964 
v -82.397 475.397 -46.1909 
v -83 475.368 -46.1026 
v -83.603 475.397 -46.1909 
v -84.069 475.465 -46.3964 
v -84.3765 475.541 -46.6235 
v -81.7208 475.147 -46.7208 
v -82.0299 475.03 -46.5448 
v -82.4655 474.931 -46.3964 
v -83 474.891 -46.3359 
v -83.5345 474.931 -46.3964 
v -83.9701 475.03 -46.5448 
v -84.2792 475.147 -46.7208 
v -81.8453 474.845 -46.8453 
v -82.1472 474.721 -46.7208 
v -82.5412 474.624 -46.6235 
v -83 474.586 -46.5858 
v -83.4588 474.624 -46.6235 
v -83.8528 474.721 -46.7208 
v -84.1547 474.845 -46.8453 
v -84.1547 477.155 -46.8453 
v -84.2792 477.279 -47.1472 
v -84.3765 477.376 -47.5412 
v -84.4142 477.414 -48 
v -84.3765 477.376 -48.4588 
v -84.2792 477.279 -48.8528 
v -84.1547 477.155 -49.1547 
v -84.2792 476.853 -46.7208 
v -84.4552 476.97 -47.0299 
v -84.6036 477.069 -47.4655 
v -84.6641 477.109 -48 
v -84.6036 477.069 -48.5345 
v -84.4552 476.97 -48.9701 
v -84.2792 476.853 -49.2792 
v -84.3765 476.459 -46.6235 
v -84.6036 476.535 -46.931 
v -84.8091 476.603 -47.397 
v -84.8974 476.632 -48 
v -84.8091 476.603 -48.603 
v -84.6036 476.535 -49.069 
v -84.3765 476.459 -49.3765 
v -84.4142 476 -46.5858 
v -84.6641 476 -46.8906 
v -84.8974 476 -47.3675 
v -85 476 -48 
v -84.8974 476 -48.6325 
v -84.6641 476 -49.1094 
v -84.4142 476 -49.4142 
v -84.3765 475.541 -46.6235 
v -84.6036 475.465 -46.931 
v -84.8091 475.397 -47.397 
v -84.8974 475.368 -48 
v -84.8091 475.397 -48.603 
v -84.6036 475.465 -49.069 
v -84.3765 475.541 -49.3765 
v -84.2792 475.147 -46.7208 
v -84.4552 475.03 -47.0299 
v -84.6036 474.931 -47.4655 
v -84.6641 474.891 -48 
v -84.6036 474.931 -48.5345 
v -84.4552 475.03 -48.9701 
v -84.2792 475.147 -49.2792 
v -84.1547 474.845 -46.8453 
v -84.2792 474.721 -47.1472 
v -84.3765 474.624 -47.5412 
v -84.4142 474.586 -48 
v -84.3765 474.624 -48.4588 
v -84.2792 474.721 -48.8528 
v -84.1547 474.845 -49.1547 
v -84.1547 474.845 -49.1547 
v -83.8528 474.721 -49.2792 
v -83.4588 474.624 -49.3765 
v -83 474.586 -49.4142 
v -82.5412 474.624 -49.3765 
v -82.1472 474.721 -49.2792 
v -81.8453 474.845 -49.1547 
v -84.2792 474.721 -48.8528 
v -83.9701 474.545 -48.9701 
v -83.5345 474.396 -49.069 
v -83 474.336 -49.1094 
v -82.4655 474.396 -49.069 
v -82.0299 474.545 -48.9701 
v -81.7208 474.721 -48.8528 
v -84.3765 474.624 -48.4588 
v -84.069 474.396 -48.5345 
v -83.603 474.191 -48.603 
v -83 474.103 -48.6325 
v -82.397 474.191 -48.603 
v -81.931 474.396 -48.5345 
v -81.6235 474.624 -48.4588 
v -84.4142 474.586 -48 
v -84.1094 474.336 -48 
v -83.6325 474.103 -48 
v -83 474 -48 
v -82.3675 474.103 -48 
v -81.8906 474.336 -48 
v -81.5858 474.586 -48 
v -84.3765 474.624 -47.5412 
v -84.069 474.396 -47.4655 
v -83.603 474.191 -47.397 
v -83 474.103 -47.3675 
v -82.397 474.191 -47.397 
v -81.931 474.396 -47.4655 
v -81.6235 474.624 -47.5412 
v -84.2792 474.721 -47.1472 
v -83.9701 474.545 -47.0299 
v -83.5345 474.396 -46.931 
v -83 474.336 -46.8906 
v -82.4655 474.396 -46.931 
v -82.0299 474.545 -47.0299 
v -81.7208 474.721 -47.1472 
v -84.1547 474.845 -46.8453 
v -83.8528 474.721 -46.7208 
v -83.4588 474.624 -46.6235 
v -83 474.586 -46.5858 
v -82.5412 474.624 -46.6235 
v -82.1472 474.721 -46.7208 
v -81.8453 474.845 -46.8453 
v -84.1547 477.155 -49.1547 
v -83.8528 477.279 -49.2792 
v -83.4588 477.376 -49.3765 
v -83 477.414 -49.4142 
v -82.5412 477.376 -49.3765 
v -82.1472 477.279 -49.2792 
v -81.8453 477.155 -49.1547 
v -84.2792 476.853 -49.2792 
v -83.9701 476.97 -49.4552 
v -83.5345 477.069 -49.6036 
v -83 477.109 -49.6641 
v -82.4655 477.069 -49.6036 
v -82.0299 476.97 -49.4552 
v -81.7208 476.853 -49.2792 
v -84.3765 476.459 -49.3765 
v -84.069 476.535 -49.6036 
v -83.603 476.603 -49.8091 
v -83 476.632 -49.8974 
v -82.397 476.603 -49.8091 
v -81.931 476.535 -49.6036 
v -81.6235 476.459 -49.3765 
v -84.4142 476 -49.4142 
v -84.1094 476 -49.6641 
v -83.6325 476 -49.8974 
v -83 476 -50 
v -82.3675 476 -49.8974 
v -81.8906 476 -49.6641 
v -81.5858 476 -49.4142 
v -84.3765 475.541 -49.3765 
v -84.069 475.465 -49.6036 
v -83.603 475.397 -49.8091 
v -83 475.368 -49.8974 
v -82.397 475.397 -49.8091 
v -81.931 475.465 -49.6036 
v -81.6235 475.541 -49.3765 
v -84.2792 475.147 -49.2792 
v -83.9701 475.03 -49.4552 
v -83.5345 474.931 -49.6036 
v -83 474.891 -49.6641 
v -82.4655 474.931 -49.6036 
v -82.0299 475.03 -49.4552 
v -81.7208 475.147 -49.2792 
v -84.1547 474.845 -49.1547 
v -83.8528 474.721 -49.2792 
v -83.4588 474.624 -49.3765 
v -83 474.586 -49.4142 
v -82.5412 474.624 -49.3765 
v -82.1472 474.721 -49.2792 
v -81.8453 474.845 -49.1547 

vn 0.574803 0.574803 -0.574803 
vn 0.637795 0.637795 -0.425197 
vn 0.685039 0.685039 -0.228346 
vn 0.708661 0.708661 0 
vn 0.685039 0.685039 0.228346 
vn 0.637795 0.637795 0.425197 
vn 0.574803 0.574803 0.574803 
vn 0.637795 0.425197 -0.637795 
vn 0.724409 0.488189 -0.488189 
vn 0.80315 0.535433 -0.267717 
vn 0.834646 0.551181 0 
vn 0.80315 0.535433 0.267717 
vn 0.724409 0.488189 0.488189 
vn 0.637795 0.425197 0.637795 
vn 0.685039 0.228346 -0.685039 
vn 0.80315 0.267717 -0.535433 
vn 0.905512 0.299213 -0.299213 
vn 0.944882 0.314961 0 
vn 0.905512 0.299213 0.299213 
vn 0.80315 0.267717 0.535433 
vn 0.685039 0.228346 0.685039 
vn 0.708661 0 -0.708661 
vn 0.834646 0 -0.551181 
vn 0.944882 0 -0.314961 
vn 1 0 0 
vn 0.944882 0 0.314961 
vn 0.834646 0 0.551181 
vn 0.708661 0 0.708661 
vn 0.685039 -0.228346 -0.685039 
vn 0.80315 -0.267717 -0.535433 
vn 0.905512 -0.299213 -0.299213 
vn 0.944882 -0.314961 0 
vn 0.905512 -0.299213 0.299213 
vn 0.80315 -0.267717 0.535433 
vn 0.685039 -0.228346 0.685039 
vn 0.637795 -0.425197 -0.637795 
vn 0.724409 -0.488189 -0.488189 
vn 0.80315 -0.535433 -0.267717 
vn 0.834646 -0.551181 0 
vn 0.80315 -0.535433 0.267717 
vn 0.724409 -0.488189 0.488189 
vn 0.637795 -0.425197 0.637795 
vn 0.574803 -0.574803 -0.574803 
vn 0.637795 -0.637795 -0.425197 
vn 0.685039 -0.685039 -0.228346 
vn 0.708661 -0.708661 0 
vn 0.685039 -0.685039 0.228346 
vn 0.637795 -0.637795 0.425197 
vn 0.574803 -0.574803 0.574803 
vn -0.574803 0.574803 0.574803 
vn -0.425197 0.637795 0.637795 
vn -0.228346 0.685039 0.685039 
vn 0 0.708661 0.708661 
vn 0.228346 0.685039 0.685039 
vn 0.425197 0.637795 0.637795 
vn 0.574803 0.574803 0.574803 
vn -0.637795 0.637795 0.425197 
vn -0.488189 0.724409 0.488189 
vn -0.267717 0.80315 0.535433 
vn 0 0.834646 0.551181 
vn 0.267717 0.80315 0.535433 
vn 0.488189 0.724409 0.488189 
vn 0.637795 0.637795 0.425197 
vn -0.685039 0.685039 0.228346 
vn -0.535433 0.80315 0.267717 
vn -0.299213 0.905512 0.299213 
vn 0 0.944882 0.314961 
vn 0.299213 0.905512 0.299213 
vn 0.535433 0.80315 0.267717 
vn 0.685039 0.685039 0.228346 
vn -0.708661 0.708661 0 
vn -0.551181 0.834646 0 
vn -0.314961 0.944882 0 
vn 0 1 0 
vn 0.314961 0.944882 0 
vn 0.551181 0.834646 0 
vn 0.708661 0.708661 0 
vn -0.685039 0.685039 -0.228346 
vn -0.535433 0.80315 -0.267717 
vn -0.299213 0.905512 -0.299213 
vn 0 0.944882 -0.314961 
vn 0.299213 0.905512 -0.299213 
vn 0.535433 0.80315 -0.267717 
vn 0.685039 0.685039 -0.228346 
vn -0.637795 0.637795 -0.425197 
vn -0.488189 0.724409 -0.488189 
vn -0.267717 0.80315 -0.535433 
vn 0 0.834646 -0.551181 
vn 0.267717 0.80315 -0.535433 
vn 0.488189 0.724409 -0.488189 
vn 0.637795 0.637795 -0.425197 
vn -0.574803 0.574803 -0.574803 
vn -0.425197 0.637795 -0.637795 
vn -0.228346 0.685039 -0.685039 
vn 0 0.708661 -0.708661 
vn 0.228346 0.685039 -0.685039 
vn 0.425197 0.637795 -0.637795 
vn 0.574803 0.574803 -0.574803 
vn 0.574803 0.574803 0.574803 
vn 0.425197 0.637795 0.637795 
vn 0.228346 0.685039 0.685039 
vn 0 0.708661 0.708661 
vn -0.228346 0.685039 0.685039 
vn -0.425197 0.637795 0.637795 
vn -0.574803 0.574803 0.574803 
vn 0.637795 0.425197 0.637795 
vn 0.488189 0.488189 0.724409 
vn 0.267717 0.535433 0.80315 
vn 0 0.551181 0.834646 
vn -0.267717 0.535433 0.80315 
vn -0.488189 0.488189 0.724409 
vn -0.637795 0.425197 0.637795 
vn 0.685039 0.228346 0.685039 
vn 0.535433 0.267717 0.80315 
vn 0.299213 0.299213 0.905512 
vn 0 0.314961 0.944882 
vn -0.299213 0.299213 0.905512 
vn -0.535433 0.267717 0.80315 
vn -0.685039 0.228346 0.685039 
vn 0.708661 0 0.708661 
vn 0.551181 0 0.834646 
vn 0.314961 0 0.944882 
vn 0 0 1 
vn -0.314961 0 0.944882 
vn -0.551181 0 0.834646 
vn -0.708661 0 0.708661 
vn 0.685039 -0.228346 0.685039 
vn 0.535433 -0.267717 0.80315 
vn 0.299213 -0.299213 0.905512 
vn 0 -0.314961 0.944882 
vn -0.299213 -0.299213 0.905512 
vn -0.535433 -0.267717 0.80315 
vn -0.685039 -0.228346 0.685039 
vn 0.637795 -0.425197 0.637795 
vn 0.488189 -0.488189 0.724409 
vn 0.267717 -0.535433 0.80315 
vn 0 -0.551181 0.834646 
vn -0.267717 -0.535433 0.80315 
vn -0.488189 -0.488189 0.724409 
vn -0.637795 -0.425197 0.637795 
vn 0.574803 -0.574803 0.574803 
vn 0.425197 -0.637795 0.637795 
vn 0.228346 -0.685039 0.685039 
vn 0 -0.708661 0.708661 
vn -0.228346 -0.685039 0.685039 
vn -0.425197 -0.637795 0.637795 
vn -0.574803 -0.574803 0.574803 
vn -0.574803 0.574803 0.574803 
vn -0.637795 0.637795 0.425197 
vn -0.685039 0.685039 0.228346 
vn -0.708661 0.708661 0 
vn -0.685039 0.685039 -0.228346 
vn -0.637795 0.637795 -0.425197 
vn -0.574803 0.574803 -0.574803 
vn -0.637795 0.425197 0.637795 
vn -0.724409 0.488189 0.488189 
vn -0.80315 0.535433 0.267717 
vn -0.834646 0.551181 0 
vn -0.80315 0.535433 -0.267717 
vn -0.724409 0.488189 -0.488189 
vn -0.637795 0.425197 -0.637795 
vn -0.685039 0.228346 0.685039 
vn -0.80315 0.267717 0.535433 
vn -0.905512 0.299213 0.299213 
vn -0.944882 0.314961 0 
vn -0.905512 0.299213 -0.299213 
vn -0.80315 0.267717 -0.535433 
vn -0.685039 0.228346 -0.685039 
vn -0.708661 0 0.708661 
vn -0.834646 0 0.551181 
vn -0.944882 0 0.314961 
vn -1 0 0 
vn -0.944882 0 -0.314961 
vn -0.834646 0 -0.551181 
vn -0.708661 0 -0.708661 
vn -0.685039 -0.228346 0.685039 
vn -0.80315 -0.267717 0.535433 
vn -0.905512 -0.299213 0.299213 
vn -0.944882 -0.314961 0 
vn -0.905512 -0.299213 -0.299213 
vn -0.80315 -0.267717 -0.535433 
vn -0.685039 -0.228346 -0.685039 
vn -0.637795 -0.425197 0.637795 
vn -0.724409 -0.488189 0.488189 
vn -0.80315 -0.535433 0.267717 
vn -0.834646 -0.551181 0 
vn -0.80315 -0.535433 -0.267717 
vn -0.724409 -0.488189 -0.488189 
vn -0.637795 -0.425197 -0.637795 
vn -0.574803 -0.574803 0.574803 
vn -0.637795 -0.637795 0.425197 
vn -0.685039 -0.685039 0.228346 
vn -0.708661 -0.708661 0 
vn -0.685039 -0.685039 -0.228346 
vn -0.637795 -0.637795 -0.425197 
vn -0.574803 -0.574803 -0.574803 
vn -0.574803 -0.574803 -0.574803 
vn -0.425197 -0.637795 -0.637795 
vn -0.228346 -0.685039 -0.685039 
vn 0 -0.708661 -0.708661 
vn 0.228346 -0.685039 -0.685039 
vn 0.425197 -0.637795 -0.637795 
vn 0.574803 -0.574803 -0.574803 
vn -0.637795 -0.637795 -0.425197 
vn -0.488189 -0.724409 -0.488189 
vn -0.267717 -0.80315 -0.535433 
vn 0 -0.834646 -0.551181 
vn 0.267717 -0.80315 -0.535433 
vn 0.488189 -0.724409 -0.488189 
vn 0.637795 -0.637795 -0.425197 
vn -0.685039 -0.685039 -0.228346 
vn -0.535433 -0.80315 -0.267717 
vn -0.299213 -0.905512 -0.299213 
vn 0 -0.944882 -0.314961 
vn 0.299213 -0.905512 -0.299213 
vn 0.535433 -0.80315 -0.267717 
vn 0.685039 -0.685039 -0.228346 
vn -0.708661 -0.708661 0 
vn -0.551181 -0.834646 0 
vn -0.314961 -0.944882 0 
vn 0 -1 0 
vn 0.314961 -0.944882 0 
vn 0.551181 -0.834646 0 
vn 0.708661 -0.708661 0 
vn -0.685039 -0.685039 0.228346 
vn -0.535433 -0.80315 0.267717 
vn -0.299213 -0.905512 0.299213 
vn 0 -0.944882 0.314961 
vn 0.299213 -0.905512 0.299213 
vn 0.535433 -0.80315 0.267717 
vn 0.685039 -0.685039 0.228346 
vn -0.637795 -0.637795 0.425197 
vn -0.488189 -0.724409 0.488189 
vn -0.267717 -0.80315 0.535433 
vn 0 -0.834646 0.551181 
vn 0.267717 -0.80315 0.535433 
vn 0.488189 -0.724409 0.488189 
vn 0.637795 -0.637795 0.425197 
vn -0.574803 -0.574803 0.574803 
vn -0.425197 -0.637795 0.637795 
vn -0.228346 -0.685039 0.685039 
vn 0 -0.708661 0.708661 
vn 0.228346 -0.685039 0.685039 
vn 0.425197 -0.637795 0.637795 
vn 0.574803 -0.574803 0.574803 
vn -0.574803 0.574803 -0.574803 
vn -0.425197 0.637795 -0.637795 
vn -0.228346 0.685039 -0.685039 
vn 0 0.708661 -0.708661 
vn 0.228346 0.685039 -0.685039 
vn 0.425197 0.637795 -0.637795 
vn 0.574803 0.574803 -0.574803 
vn -0.637795 0.425197 -0.637795 
vn -0.488189 0.488189 -0.724409 
vn -0.267717 0.535433 -0.80315 
vn 0 0.551181 -0.834646 
vn 0.267717 0.535433 -0.80315 
vn 0.488189 0.488189 -0.724409 
vn 0.637795 0.425197 -0.637795 
vn -0.685039 0.228346 -0.685039 
vn -0.535433 0.267717 -0.80315 
vn -0.299213 0.299213 -0.905512 
vn 0 0.314961 -0.944882 
vn 0.299213 0.299213 -0.905512 
vn 0.535433 0.267717 -0.80315 
vn 0.685039 0.228346 -0.685039 
vn -0.708661 0 -0.708661 
vn -0.551181 0 -0.834646 
vn -0.314961 0 -0.944882 
vn 0 0 -1 
vn 0.314961 0 -0.944882 
vn 0.551181 0 -0.834646 
vn 0.708661 0 -0.708661 
vn -0.685039 -0.228346 -0.685039 
vn -0.535433 -0.267717 -0.80315 
vn -0.299213 -0.299213 -0.905512 
vn 0 -0.314961 -0.944882 
vn 0.299213 -0.299213 -0.905512 
vn 0.535433 -0.267717 -0.80315 
vn 0.685039 -0.228346 -0.685039 
vn -0.637795 -0.425197 -0.637795 
vn -0.488189 -0.488189 -0.724409 
vn -0.267717 -0.535433 -0.80315 
vn 0 -0.551181 -0.834646 
vn 0.267717 -0.535433 -0.80315 
vn 0.488189 -0.488189 -0.724409 
vn 0.637795 -0.425197 -0.637795 
vn -0.574803 -0.574803 -0.574803 
vn -0.425197 -0.637795 -0.637795 
vn -0.228346 -0.685039 -0.685039 
vn 0 -0.708661 -0.708661 
vn 0.228346 -0.685039 -0.685039 
vn 0.425197 -0.637795 -0.637795 
vn 0.574803 -0.574803 -0.574803 

vt -1.16629 2.61722 
vt -1.83295 2.61722 
vt -2.49962 2.61722 
vt -3.16629 2.61722 
vt -3.83295 2.61722 
vt -4.49962 2.61722 
vt -5.16629 2.61722 
vt -1.16629 1.95055 
vt -1.83295 1.95055 
vt -2.49962 1.95055 
vt -3.16629 1.95055 
vt -3.83295 1.95055 
vt -4.49962 1.95055 
vt -5.16629 1.95055 
vt -1.16629 1.28388 
vt -1.83295 1.28388 
vt -2.49962 1.28388 
vt -3.16629 1.28388 
vt -3.83295 1.28388 
vt -4.49962 1.28388 
vt -5.16629 1.28388 
vt -1.16629 0.617216 
vt -1.83295 0.617216 
vt -2.49962 0.617216 
vt -3.16629 0.617216 
vt -3.83295 0.617216 
vt -4.49962 0.617216 
vt -5.16629 0.617216 
vt -1.16629 -0.0494506 
vt -1.83295 -0.0494506 
vt -2.49962 -0.0494506 
vt -3.16629 -0.0494506 
vt -3.83295 -0.0494506 
vt -4.49962 -0.0494506 
vt -5.16629 -0.0494506 
vt -1.16629 -0.716117 
vt -1.83295 -0.716117 
vt -2.49962 -0.716117 
vt -3.16629 -0.716117 
vt -3.83295 -0.716117 
vt -4.49962 -0.716117 
vt -5.16629 -0.716117 
vt -1.16629 -1.38278 
vt -1.83295 -1.38278 
vt -2.49962 -1.38278 
vt -3.16629 -1.38278 
vt -3.83295 -1.38278 
vt -4.49962 -1.38278 
vt -5.16629 -1.38278 
vt -1.16629 2.61722 
vt -1.83295 2.61722 
vt -2.49962 2.61722 
vt -3.16629 2.61722 
vt -3.83295 2.61722 
vt -4.49962 2.61722 
vt -5.16629 2.61722 
vt -1.16629 1.95055 
vt -1.83295 1.95055 
vt -2.49962 1.95055 
vt -3.16629 1.95055 
vt -3.83295 1.95055 
vt -4.49962 1.95055 
vt -5.16629 1.95055 
vt -1.16629 1.28388 
vt -1.83295 1.28388 
vt -2.49962 1.28388 
vt -3.16629 1.28388 
vt -3.83295 1.28388 
vt -4.49962 1.28388 
vt -5.16629 1.28388 
vt -1.16629 0.617216 
vt -1.83295 0.617216 
vt -2.49962 0.617216 
vt -3.16629 0.617216 
vt -3.83295 0.617216 
vt -4.49962 0.617216 
vt -5.16629 0.617216 
vt -1.16629 -0.0494506 
vt -1.83295 -0.0494506 
vt -2.49962 -0.0494506 
vt -3.16629 -0.0494506 
vt -3.83295 -0.0494506 
vt -4.49962 -0.0494506 
vt -5.16629 -0.0494506 
vt -1.16629 -0.716117 
vt -1.83295 -0.716117 
vt -2.49962 -0.716117 
vt -3.16629 -0.716117 
vt -3.83295 -0.716117 
vt -4.49962 -0.716117 
vt -5.16629 -0.716117 
vt -1.16629 -1.38278 
vt -1.83295 -1.38278 
vt -2.49962 -1.38278 
vt -3.16629 -1.38278 
vt -3.83295 -1.38278 
vt -4.49962 -1.38278 
vt -5.16629 -1.38278 
vt -1.16629 2.61722 
vt -1.83295 2.61722 
vt -2.49962 2.61722 
vt -3.16629 2.61722 
vt -3.83295 2.61722 
vt -4.49962 2.61722 
vt -5.16629 2.61722 
vt -1.16629 1.95055 
vt -1.83295 1.95055 
vt -2.49962 1.95055 
vt -3.16629 1.95055 
vt -3.83295 1.95055 
vt -4.49962 1.95055 
vt -5.16629 1.95055 
vt -1.16629 1.28388 
vt -1.83295 1.28388 
vt -2.49962 1.28388 
vt -3.16629 1.28388 
vt -3.83295 1.28388 
vt -4.49962 1.28388 
vt -5.16629 1.28388 
vt -1.16629 0.617216 
vt -1.83295 0.617216 
vt -2.49962 0.617216 
vt -3.16629 0.617216 
vt -3.83295 0.617216 
vt -4.49962 0.617216 
vt -5.16629 0.617216 
vt -1.16629 -0.0494506 
vt -1.83295 -0.0494506 
vt -2.49962 -0.0494506 
vt -3.16629 -0.0494506 
vt -3.83295 -0.0494506 
vt -4.49962 -0.0494506 
vt -5.16629 -0.0494506 
vt -1.16629 -0.716117 
vt -1.83295 -0.716117 
vt -2.49962 -0.716117 
vt -3.16629 -0.716117 
vt -3.83295 -0.716117 
vt -4.49962 -0.716117 
vt -5.16629 -0.716117 
vt -1.16629 -1.38278 
vt -1.83295 -1.38278 
vt -2.49962 -1.38278 
vt -3.16629 -1.38278 
vt -3.83295 -1.38278 
vt -4.49962 -1.38278 
vt -5.16629 -1.38278 
vt -1.16629 2.61722 
vt -1.83295 2.61722 
vt -2.49962 2.61722 
vt -3.16629 2.61722 
vt -3.83295 2.61722 
vt -4.49962 2.61722 
vt -5.16629 2.61722 
vt -1.16629 1.95055 
vt -1.83295 1.95055 
vt -2.49962 1.95055 
vt -3.16629 1.95055 
vt -3.83295 1.95055 
vt -4.49962 1.95055 
vt -5.16629 1.95055 
vt -1.16629 1.28388 
vt -1.83295 1.28388 
vt -2.49962 1.28388 
vt -3.16629 1.28388 
vt -3.83295 1.28388 
vt -4.49962 1.28388 
vt -5.16629 1.28388 
vt -1.16629 0.617216 
vt -1.83295 0.617216 
vt -2.49962 0.617216 
vt -3.16629 0.617216 
vt -3.83295 0.617216 
vt -4.49962 0.617216 
vt -5.16629 0.617216 
vt -1.16629 -0.0494506 
vt -1.83295 -0.0494506 
vt -2.49962 -0.0494506 
vt -3.16629 -0.0494506 
vt -3.83295 -0.0494506 
vt -4.49962 -0.0494506 
vt -5.16629 -0.0494506 
vt -1.16629 -0.716117 
vt -1.83295 -0.716117 
vt -2.49962 -0.716117 
vt -3.16629 -0.716117 
vt -3.83295 -0.716117 
vt -4.49962 -0.716117 
vt -5.16629 -0.716117 
vt -1.16629 -1.38278 
vt -1.83295 -1.38278 
vt -2.49962 -1.38278 
vt -3.16629 -1.38278 
vt -3.83295 -1.38278 
vt -4.49962 -1.38278 
vt -5.16629 -1.38278 
vt -1.16629 2.61722 
vt -1.83295 2.61722 
vt -2.49962 2.61722 
vt -3.16629 2.61722 
vt -3.83295 2.61722 
vt -4.49962 2.61722 
vt -5.16629 2.61722 
vt -1.16629 1.95055 
vt -1.83295 1.95055 
vt -2.49962 1.95055 
vt -3.16629 1.95055 
vt -3.83295 1.95055 
vt -4.49962 1.95055 
vt -5.16629 1.95055 
vt -1.16629 1.28388 
vt -1.83295 1.28388 
vt -2.49962 1.28388 
vt -3.16629 1.28388 
vt -3.83295 1.28388 
vt -4.49962 1.28388 
vt -5.16629 1.28388 
vt -1.16629 0.617216 
vt -1.83295 0.617216 
vt -2.49962 0.617216 
vt -3.16629 0.617216 
vt -3.83295 0.617216 
vt -4.49962 0.617216 
vt -5.16629 0.617216 
vt -1.16629 -0.0494506 
vt -1.83295 -0.0494506 
vt -2.49962 -0.0494506 
vt -3.16629 -0.0494506 
vt -3.83295 -0.0494506 
vt -4.49962 -0.0494506 
vt -5.16629 -0.0494506 
vt -1.16629 -0.716117 
vt -1.83295 -0.716117 
vt -2.49962 -0.716117 
vt -3.16629 -0.716117 
vt -3.83295 -0.716117 
vt -4.49962 -0.716117 
vt -5.16629 -0.716117 
vt -1.16629 -1.38278 
vt -1.83295 -1.38278 
vt -2.49962 -1.38278 
vt -3.16629 -1.38278 
vt -3.83295 -1.38278 
vt -4.49962 -1.38278 
vt -5.16629 -1.38278 
vt -1.16629 2.61722 
vt -1.83295 2.61722 
vt -2.49962 2.61722 
vt -3.16629 2.61722 
vt -3.83295 2.61722 
vt -4.49962 2.61722 
vt -5.16629 2.61722 
vt -1.16629 1.95055 
vt -1.83295 1.95055 
vt -2.49962 1.95055 
vt -3.16629 1.95055 
vt -3.83295 1.95055 
vt -4.49962 1.95055 
vt -5.16629 1.95055 
vt -1.16629 1.28388 
vt -1.83295 1.28388 
vt -2.49962 1.28388 
vt -3.16629 1.28388 
vt -3.83295 1.28388 
vt -4.49962 1.28388 
vt -5.16629 1.28388 
vt -1.16629 0.617216 
vt -1.83295 0.617216 
vt -2.49962 0.617216 
vt -3.16629 0.617216 
vt -3.83295 0.617216 
vt -4.49962 0.617216 
vt -5.16629 0.617216 
vt -1.16629 -0.0494506 
vt -1.83295 -0.0494506 
vt -2.49962 -0.0494506 
vt -3.16629 -0.0494506 
vt -3.83295 -0.0494506 
vt -4.49962 -0.0494506 
vt -5.16629 -0.0494506 
vt -1.16629 -0.716117 
vt -1.83295 -0.716117 
vt -2.49962 -0.716117 
vt -3.16629 -0.716117 
vt -3.83295 -0.716117 
vt -4.49962 -0.716117 
vt -5.16629 -0.716117 
vt -1.16629 -1.38278 
vt -1.83295 -1.38278 
vt -2.49962 -1.38278 
vt -3.16629 -1.38278 
vt -3.83295 -1.38278 
vt -4.49962 -1.38278 
vt -5.16629 -1.38278 

usemtl 11Mtl

f 3283/3283/3283 3284/3284/3284 3290/3290/3290 
f 3290/3290/3290 3284/3284/3284 3291/3291/3291 
f 3284/3284/3284 3285/3285/3285 3291/3291/3291 
f 3291/3291/3291 3285/3285/3285 3292/3292/3292 
f 3285/3285/3285 3286/3286/3286 3292/3292/3292 
f 3292/3292/3292 3286/3286/3286 3293/3293/3293 
f 3286/3286/3286 3287/3287/3287 3293/3293/3293 
f 3293/3293/3293 3287/3287/3287 3294/3294/3294 
f 3287/3287/3287 3288/3288/3288 3294/3294/3294 
f 3294/3294/3294 3288/3288/3288 3295/3295/3295 
f 3288/3288/3288 3289/3289/3289 3295/3295/3295 
f 3295/3295/3295 3289/3289/3289 3296/3296/3296 
f 3290/3290/3290 3291/3291/3291 3297/3297/3297 
f 3297/3297/3297 3291/3291/3291 3298/3298/3298 
f 3291/3291/3291 3292/3292/3292 3298/3298/3298 
f 3298/3298/3298 3292/3292/3292 3299/3299/3299 
f 3292/3292/3292 3293/3293/3293 3299/3299/3299 
f 3299/3299/3299 3293/3293/3293 3300/3300/3300 
f 3293/3293/3293 3294/3294/3294 3300/3300/3300 
f 3300/3300/3300 3294/3294/3294 3301/3301/3301 
f 3294/3294/3294 3295/3295/3295 3301/3301/3301 
f 3301/3301/3301 3295/3295/3295 3302/3302/3302 
f 3295/3295/3295 3296/3296/3296 3302/3302/3302 
f 3302/3302/3302 3296/3296/3296 3303/3303/3303 
f 3297/3297/3297 3298/3298/3298 3304/3304/3304 
f 3304/3304/3304 3298/3298/3298 3305/3305/3305 
f 3298/3298/3298 3299/3299/3299 3305/3305/3305 
f 3305/3305/3305 3299/3299/3299 3306/3306/3306 
f 3299/3299/3299 3300/3300/3300 3306/3306/3306 
f 3306/3306/3306 3300/3300/3300 3307/3307/3307 
f 3300/3300/3300 3301/3301/3301 3307/3307/3307 
f 3307/3307/3307 3301/3301/3301 3308/3308/3308 
f 3301/3301/3301 3302/3302/3302 3308/3308/3308 
f 3308/3308/3308 3302/3302/3302 3309/3309/3309 
f 3302/3302/3302 3303/3303/3303 3309/3309/3309 
f 3309/3309/3309 3303/3303/3303 3310/3310/3310 
f 3304/3304/3304 3305/3305/3305 3311/3311/3311 
f 3311/3311/3311 3305/3305/3305 3312/3312/3312 
f 3305/3305/3305 3306/3306/3306 3312/3312/3312 
f 3312/3312/3312 3306/3306/3306 3313/3313/3313 
f 3306/3306/3306 3307/3307/3307 3313/3313/3313 
f 3313/3313/3313 3307/3307/3307 3314/3314/3314 
f 3307/3307/3307 3308/3308/3308 3314/3314/3314 
f 3314/3314/3314 3308/3308/3308 3315/3315/3315 
f 3308/3308/3308 3309/3309/3309 3315/3315/3315 
f 3315/3315/3315 3309/3309/3309 3316/3316/3316 
f 3309/3309/3309 3310/3310/3310 3316/3316/3316 
f 3316/3316/3316 3310/3310/3310 3317/3317/3317 
f 3311/3311/3311 3312/3312/3312 3318/3318/3318 
f 3318/3318/3318 3312/3312/3312 3319/3319/3319 
f 3312/3312/3312 3313/3313/3313 3319/3319/3319 
f 3319/3319/3319 3313/3313/3313 3320/3320/3320 
f 3313/3313/3313 3314/3314/3314 3320/3320/3320 
f 3320/3320/3320 3314/3314/3314 3321/3321/3321 
f 3314/3314/3314 3315/3315/3315 3321/3321/3321 
f 3321/3321/3321 3315/3315/3315 3322/3322/3322 
f 3315/3315/3315 3316/3316/3316 3322/3322/3322 
f 3322/3322/3322 3316/3316/3316 3323/3323/3323 
f 3316/3316/3316 3317/3317/3317 3323/3323/3323 
f 3323/3323/3323 3317/3317/3317 3324/3324/3324 
f 3318/3318/3318 3319/3319/3319 3325/3325/3325 
f 3325/3325/3325 3319/3319/3319 3326/3326/3326 
f 3319/3319/3319 3320/3320/3320 3326/3326/3326 
f 3326/3326/3326 3320/3320/3320 3327/3327/3327 
f 3320/3320/3320 3321/3321/3321 3327/3327/3327 
f 3327/3327/3327 3321/3321/3321 3328/3328/3328 
f 3321/3321/3321 3322/3322/3322 3328/3328/3328 
f 3328/3328/3328 3322/3322/3322 3329/3329/3329 
f 3322/3322/3322 3323/3323/3323 3329/3329/3329 
f 3329/3329/3329 3323/3323/3323 3330/3330/3330 
f 3323/3323/3323 3324/3324/3324 3330/3330/3330 
f 3330/3330/3330 3324/3324/3324 3331/3331/3331 
f 3332/3332/3332 3333/3333/3333 3339/3339/3339 
f 3339/3339/3339 3333/3333/3333 3340/3340/3340 
f 3333/3333/3333 3334/3334/3334 3340/3340/3340 
f 3340/3340/3340 3334/3334/3334 3341/3341/3341 
f 3334/3334/3334 3335/3335/3335 3341/3341/3341 
f 3341/3341/3341 3335/3335/3335 3342/3342/3342 
f 3335/3335/3335 3336/3336/3336 3342/3342/3342 
f 3342/3342/3342 3336/3336/3336 3343/3343/3343 
f 3336/3336/3336 3337/3337/3337 3343/3343/3343 
f 3343/3343/3343 3337/3337/3337 3344/3344/3344 
f 3337/3337/3337 3338/3338/3338 3344/3344/3344 
f 3344/3344/3344 3338/3338/3338 3345/3345/3345 
f 3339/3339/3339 3340/3340/3340 3346/3346/3346 
f 3346/3346/3346 3340/3340/3340 3347/3347/3347 
f 3340/3340/3340 3341/3341/3341 3347/3347/3347 
f 3347/3347/3347 3341/3341/3341 3348/3348/3348 
f 3341/3341/3341 3342/3342/3342 3348/3348/3348 
f 3348/3348/3348 3342/3342/3342 3349/3349/3349 
f 3342/3342/3342 3343/3343/3343 3349/3349/3349 
f 3349/3349/3349 3343/3343/3343 3350/3350/3350 
f 3343/3343/3343 3344/3344/3344 3350/3350/3350 
f 3350/3350/3350 3344/3344/3344 3351/3351/3351 
f 3344/3344/3344 3345/3345/3345 3351/3351/3351 
f 3351/3351/3351 3345/3345/3345 3352/3352/3352 
f 3346/3346/3346 3347/3347/3347 3353/3353/3353 
f 3353/3353/3353 3347/3347/3347 3354/3354/3354 
f 3347/3347/3347 3348/3348/3348 3354/3354/3354 
f 3354/3354/3354 3348/3348/3348 3355/3355/3355 
f 3348/3348/3348 3349/3349/3349 3355/3355/3355 
f 3355/3355/3355 3349/3349/3349 3356/3356/3356 
f 3349/3349/3349 3350/3350/3350 3356/3356/3356 
f 3356/3356/3356 3350/3350/3350 3357/3357/3357 
f 3350/3350/3350 3351/3351/3351 3357/3357/3357 
f 3357/3357/3357 3351/3351/3351 3358/3358/3358 
f 3351/3351/3351 3352/3352/3352 3358/3358/3358 
f 3358/3358/3358 3352/3352/3352 3359/3359/3359 
f 3353/3353/3353 3354/3354/3354 3360/3360/3360 
f 3360/3360/3360 3354/3354/3354 3361/3361/3361 
f 3354/3354/3354 3355/3355/3355 3361/3361/3361 
f 3361/3361/3361 3355/3355/3355 3362/3362/3362 
f 3355/3355/3355 3356/3356/3356 3362/3362/3362 
f 3362/3362/3362 3356/3356/3356 3363/3363/3363 
f 3356/3356/3356 3357/3357/3357 3363/3363/3363 
f 3363/3363/3363 3357/3357/3357 3364/3364/3364 
f 3357/3357/3357 3358/3358/3358 3364/3364/3364 
f 3364/3364/3364 3358/3358/3358 3365/3365/3365 
f 3358/3358/3358 3359/3359/3359 3365/3365/3365 
f 3365/3365/3365 3359/3359/3359 3366/3366/3366 
f 3360/3360/3360 3361/3361/3361 3367/3367/3367 
f 3367/3367/3367 3361/3361/3361 3368/3368/3368 
f 3361/3361/3361 3362/3362/3362 3368/3368/3368 
f 3368/3368/3368 3362/3362/3362 3369/3369/3369 
f 3362/3362/3362 3363/3363/3363 3369/3369/3369 
f 3369/3369/3369 3363/3363/3363 3370/3370/3370 
f 3363/3363/3363 3364/3364/3364 3370/3370/3370 
f 3370/3370/3370 3364/3364/3364 3371/3371/3371 
f 3364/3364/3364 3365/3365/3365 3371/3371/3371 
f 3371/3371/3371 3365/3365/3365 3372/3372/3372 
f 3365/3365/3365 3366/3366/3366 3372/3372/3372 
f 3372/3372/3372 3366/3366/3366 3373/3373/3373 
f 3367/3367/3367 3368/3368/3368 3374/3374/3374 
f 3374/3374/3374 3368/3368/3368 3375/3375/3375 
f 3368/3368/3368 3369/3369/3369 3375/3375/3375 
f 3375/3375/3375 3369/3369/3369 3376/3376/3376 
f 3369/3369/3369 3370/3370/3370 3376/3376/3376 
f 3376/3376/3376 3370/3370/3370 3377/3377/3377 
f 3370/3370/3370 3371/3371/3371 3377/3377/3377 
f 3377/3377/3377 3371/3371/3371 3378/3378/3378 
f 3371/3371/3371 3372/3372/3372 3378/3378/3378 
f 3378/3378/3378 3372/3372/3372 3379/3379/3379 
f 3372/3372/3372 3373/3373/3373 3379/3379/3379 
f 3379/3379/3379 3373/3373/3373 3380/3380/3380 
f 3381/3381/3381 3382/3382/3382 3388/3388/3388 
f 3388/3388/3388 3382/3382/3382 3389/3389/3389 
f 3382/3382/3382 3383/3383/3383 3389/3389/3389 
f 3389/3389/3389 3383/3383/3383 3390/3390/3390 
f 3383/3383/3383 3384/3384/3384 3390/3390/3390 
f 3390/3390/3390 3384/3384/3384 3391/3391/3391 
f 3384/3384/3384 3385/3385/3385 3391/3391/3391 
f 3391/3391/3391 3385/3385/3385 3392/3392/3392 
f 3385/3385/3385 3386/3386/3386 3392/3392/3392 
f 3392/3392/3392 3386/3386/3386 3393/3393/3393 
f 3386/3386/3386 3387/3387/3387 3393/3393/3393 
f 3393/3393/3393 3387/3387/3387 3394/3394/3394 
f 3388/3388/3388 3389/3389/3389 3395/3395/3395 
f 3395/3395/3395 3389/3389/3389 3396/3396/3396 
f 3389/3389/3389 3390/3390/3390 3396/3396/3396 
f 3396/3396/3396 3390/3390/3390 3397/3397/3397 
f 3390/3390/3390 3391/3391/3391 3397/3397/3397 
f 3397/3397/3397 3391/3391/3391 3398/3398/3398 
f 3391/3391/3391 3392/3392/3392 3398/3398/3398 
f 3398/3398/3398 3392/3392/3392 3399/3399/3399 
f 3392/3392/3392 3393/3393/3393 3399/3399/3399 
f 3399/3399/3399 3393/3393/3393 3400/3400/3400 
f 3393/3393/3393 3394/3394/3394 3400/3400/3400 
f 3400/3400/3400 3394/3394/3394 3401/3401/3401 
f 3395/3395/3395 3396/3396/3396 3402/3402/3402 
f 3402/3402/3402 3396/3396/3396 3403/3403/3403 
f 3396/3396/3396 3397/3397/3397 3403/3403/3403 
f 3403/3403/3403 3397/3397/3397 3404/3404/3404 
f 3397/3397/3397 3398/3398/3398 3404/3404/3404 
f 3404/3404/3404 3398/3398/3398 3405/3405/3405 
f 3398/3398/3398 3399/3399/3399 3405/3405/3405 
f 3405/3405/3405 3399/3399/3399 3406/3406/3406 
f 3399/3399/3399 3400/3400/3400 3406/3406/3406 
f 3406/3406/3406 3400/3400/3400 3407/3407/3407 
f 3400/3400/3400 3401/3401/3401 3407/3407/3407 
f 3407/3407/3407 3401/3401/3401 3408/3408/3408 
f 3402/3402/3402 3403/3403/3403 3409/3409/3409 
f 3409/3409/3409 3403/3403/3403 3410/3410/3410 
f 3403/3403/3403 3404/3404/3404 3410/3410/3410 
f 3410/3410/3410 3404/3404/3404 3411/3411/3411 
f 3404/3404/3404 3405/3405/3405 3411/3411/3411 
f 3411/3411/3411 3405/3405/3405 3412/3412/3412 
f 3405/3405/3405 3406/3406/3406 3412/3412/3412 
f 3412/3412/3412 3406/3406/3406 3413/3413/3413 
f 3406/3406/3406 3407/3407/3407 3413/3413/3413 
f 3413/3413/3413 3407/3407/3407 3414/3414/3414 
f 3407/3407/3407 3408/3408/3408 3414/3414/3414 
f 3414/3414/3414 3408/3408/3408 3415/3415/3415 
f 3409/3409/3409 3410/3410/3410 3416/3416/3416 
f 3416/3416/3416 3410/3410/3410 3417/3417/3417 
f 3410/3410/3410 3411/3411/3411 3417/3417/3417 
f 3417/3417/3417 3411/3411/3411 3418/3418/3418 
f 3411/3411/3411 3412/3412/3412 3418/3418/3418 
f 3418/3418/3418 3412/3412/3412 3419/3419/3419 
f 3412/3412/3412 3413/3413/3413 3419/3419/3419 
f 3419/3419/3419 3413/3413/3413 3420/3420/3420 
f 3413/3413/3413 3414/3414/3414 3420/3420/3420 
f 3420/3420/3420 3414/3414/3414 3421/3421/3421 
f 3414/3414/3414 3415/3415/3415 3421/3421/3421 
f 3421/3421/3421 3415/3415/3415 3422/3422/3422 
f 3416/3416/3416 3417/3417/3417 3423/3423/3423 
f 3423/3423/3423 3417/3417/3417 3424/3424/3424 
f 3417/3417/3417 3418/3418/3418 3424/3424/3424 
f 3424/3424/3424 3418/3418/3418 3425/3425/3425 
f 3418/3418/3418 3419/3419/3419 3425/3425/3425 
f 3425/3425/3425 3419/3419/3419 3426/3426/3426 
f 3419/3419/3419 3420/3420/3420 3426/3426/3426 
f 3426/3426/3426 3420/3420/3420 3427/3427/3427 
f 3420/3420/3420 3421/3421/3421 3427/3427/3427 
f 3427/3427/3427 3421/3421/3421 3428/3428/3428 
f 3421/3421/3421 3422/3422/3422 3428/3428/3428 
f 3428/3428/3428 3422/3422/3422 3429/3429/3429 
f 3430/3430/3430 3431/3431/3431 3437/3437/3437 
f 3437/3437/3437 3431/3431/3431 3438/3438/3438 
f 3431/3431/3431 3432/3432/3432 3438/3438/3438 
f 3438/3438/3438 3432/3432/3432 3439/3439/3439 
f 3432/3432/3432 3433/3433/3433 3439/3439/3439 
f 3439/3439/3439 3433/3433/3433 3440/3440/3440 
f 3433/3433/3433 3434/3434/3434 3440/3440/3440 
f 3440/3440/3440 3434/3434/3434 3441/3441/3441 
f 3434/3434/3434 3435/3435/3435 3441/3441/3441 
f 3441/3441/3441 3435/3435/3435 3442/3442/3442 
f 3435/3435/3435 3436/3436/3436 3442/3442/3442 
f 3442/3442/3442 3436/3436/3436 3443/3443/3443 
f 3437/3437/3437 3438/3438/3438 3444/3444/3444 
f 3444/3444/3444 3438/3438/3438 3445/3445/3445 
f 3438/3438/3438 3439/3439/3439 3445/3445/3445 
f 3445/3445/3445 3439/3439/3439 3446/3446/3446 
f 3439/3439/3439 3440/3440/3440 3446/3446/3446 
f 3446/3446/3446 3440/3440/3440 3447/3447/3447 
f 3440/3440/3440 3441/3441/3441 3447/3447/3447 
f 3447/3447/3447 3441/3441/3441 3448/3448/3448 
f 3441/3441/3441 3442/3442/3442 3448/3448/3448 
f 3448/3448/3448 3442/3442/3442 3449/3449/3449 
f 3442/3442/3442 3443/3443/3443 3449/3449/3449 
f 3449/3449/3449 3443/3443/3443 3450/3450/3450 
f 3444/3444/3444 3445/3445/3445 3451/3451/3451 
f 3451/3451/3451 3445/3445/3445 3452/3452/3452 
f 3445/3445/3445 3446/3446/3446 3452/3452/3452 
f 3452/3452/3452 3446/3446/3446 3453/3453/3453 
f 3446/3446/3446 3447/3447/3447 3453/3453/3453 
f 3453/3453/3453 3447/3447/3447 3454/3454/3454 
f 3447/3447/3447 3448/3448/3448 3454/3454/3454 
f 3454/3454/3454 3448/3448/3448 3455/3455/3455 
f 3448/3448/3448 3449/3449/3449 3455/3455/3455 
f 3455/3455/3455 3449/3449/3449 3456/3456/3456 
f 3449/3449/3449 3450/3450/3450 3456/3456/3456 
f 3456/3456/3456 3450/3450/3450 3457/3457/3457 
f 3451/3451/3451 3452/3452/3452 3458/3458/3458 
f 3458/3458/3458 3452/3452/3452 3459/3459/3459 
f 3452/3452/3452 3453/3453/3453 3459/3459/3459 
f 3459/3459/3459 3453/3453/3453 3460/3460/3460 
f 3453/3453/3453 3454/3454/3454 3460/3460/3460 
f 3460/3460/3460 3454/3454/3454 3461/3461/3461 
f 3454/3454/3454 3455/3455/3455 3461/3461/3461 
f 3461/3461/3461 3455/3455/3455 3462/3462/3462 
f 3455/3455/3455 3456/3456/3456 3462/3462/3462 
f 3462/3462/3462 3456/3456/3456 3463/3463/3463 
f 3456/3456/3456 3457/3457/3457 3463/3463/3463 
f 3463/3463/3463 3457/3457/3457 3464/3464/3464 
f 3458/3458/3458 3459/3459/3459 3465/3465/3465 
f 3465/3465/3465 3459/3459/3459 3466/3466/3466 
f 3459/3459/3459 3460/3460/3460 3466/3466/3466 
f 3466/3466/3466 3460/3460/3460 3467/3467/3467 
f 3460/3460/3460 3461/3461/3461 3467/3467/3467 
f 3467/3467/3467 3461/3461/3461 3468/3468/3468 
f 3461/3461/3461 3462/3462/3462 3468/3468/3468 
f 3468/3468/3468 3462/3462/3462 3469/3469/3469 
f 3462/3462/3462 3463/3463/3463 3469/3469/3469 
f 3469/3469/3469 3463/3463/3463 3470/3470/3470 
f 3463/3463/3463 3464/3464/3464 3470/3470/3470 
f 3470/3470/3470 3464/3464/3464 3471/3471/3471 
f 3465/3465/3465 3466/3466/3466 3472/3472/3472 
f 3472/3472/3472 3466/3466/3466 3473/3473/3473 
f 3466/3466/3466 3467/3467/3467 3473/3473/3473 
f 3473/3473/3473 3467/3467/3467 3474/3474/3474 
f 3467/3467/3467 3468/3468/3468 3474/3474/3474 
f 3474/3474/3474 3468/3468/3468 3475/3475/3475 
f 3468/3468/3468 3469/3469/3469 3475/3475/3475 
f 3475/3475/3475 3469/3469/3469 3476/3476/3476 
f 3469/3469/3469 3470/3470/3470 3476/3476/3476 
f 3476/3476/3476 3470/3470/3470 3477/3477/3477 
f 3470/3470/3470 3471/3471/3471 3477/3477/3477 
f 3477/3477/3477 3471/3471/3471 3478/3478/3478 
f 3479/3479/3479 3480/3480/3480 3486/3486/3486 
f 3486/3486/3486 3480/3480/3480 3487/3487/3487 
f 3480/3480/3480 3481/3481/3481 3487/3487/3487 
f 3487/3487/3487 3481/3481/3481 3488/3488/3488 
f 3481/3481/3481 3482/3482/3482 3488/3488/3488 
f 3488/3488/3488 3482/3482/3482 3489/3489/3489 
f 3482/3482/3482 3483/3483/3483 3489/3489/3489 
f 3489/3489/3489 3483/3483/3483 3490/3490/3490 
f 3483/3483/3483 3484/3484/3484 3490/3490/3490 
f 3490/3490/3490 3484/3484/3484 3491/3491/3491 
f 3484/3484/3484 3485/3485/3485 3491/3491/3491 
f 3491/3491/3491 3485/3485/3485 3492/3492/3492 
f 3486/3486/3486 3487/3487/3487 3493/3493/3493 
f 3493/3493/3493 3487/3487/3487 3494/3494/3494 
f 3487/3487/3487 3488/3488/3488 3494/3494/3494 
f 3494/3494/3494 3488/3488/3488 3495/3495/3495 
f 3488/3488/3488 3489/3489/3489 3495/3495/3495 
f 3495/3495/3495 3489/3489/3489 3496/3496/3496 
f 3489/3489/3489 3490/3490/3490 3496/3496/3496 
f 3496/3496/3496 3490/3490/3490 3497/3497/3497 
f 3490/3490/3490 3491/3491/3491 3497/3497/3497 
f 3497/3497/3497 3491/3491/3491 3498/3498/3498 
f 3491/3491/3491 3492/3492/3492 3498/3498/3498 
f 3498/3498/3498 3492/3492/3492 3499/3499/3499 
f 3493/3493/3493 3494/3494/3494 3500/3500/3500 
f 3500/3500/3500 3494/3494/3494 3501/3501/3501 
f 3494/3494/3494 3495/3495/3495 3501/3501/3501 
f 3501/3501/3501 3495/3495/3495 3502/3502/3502 
f 3495/3495/3495 3496/3496/3496 3502/3502/3502 
f 3502/3502/3502 3496/3496/3496 3503/3503/3503 
f 3496/3496/3496 3497/3497/3497 3503/3503/3503 
f 3503/3503/3503 3497/3497/3497 3504/3504/3504 
f 3497/3497/3497 3498/3498/3498 3504/3504/3504 
f 3504/3504/3504 3498/3498/3498 3505/3505/3505 
f 3498/3498/3498 3499/3499/3499 3505/3505/3505 
f 3505/3505/3505 3499/3499/3499 3506/3506/3506 
f 3500/3500/3500 3501/3501/3501 3507/3507/3507 
f 3507/3507/3507 3501/3501/3501 3508/3508/3508 
f 3501/3501/3501 3502/3502/3502 3508/3508/3508 
f 3508/3508/3508 3502/3502/3502 3509/3509/3509 
f 3502/3502/3502 3503/3503/3503 3509/3509/3509 
f 3509/3509/3509 3503/3503/3503 3510/3510/3510 
f 3503/3503/3503 3504/3504/3504 3510/3510/3510 
f 3510/3510/3510 3504/3504/3504 3511/3511/3511 
f 3504/3504/3504 3505/3505/3505 3511/3511/3511 
f 3511/3511/3511 3505/3505/3505 3512/3512/3512 
f 3505/3505/3505 3506/3506/3506 3512/3512/3512 
f 3512/3512/3512 3506/3506/3506 3513/3513/3513 
f 3507/3507/3507 3508/3508/3508 3514/3514/3514 
f 3514/3514/3514 3508/3508/3508 3515/3515/3515 
f 3508/3508/3508 3509/3509/3509 3515/3515/3515 
f 3515/3515/3515 3509/3509/3509 3516/3516/3516 
f 3509/3509/3509 3510/3510/3510 3516/3516/3516 
f 3516/3516/3516 3510/3510/3510 3517/3517/3517 
f 3510/3510/3510 3511/3511/3511 3517/3517/3517 
f 3517/3517/3517 3511/3511/3511 3518/3518/3518 
f 3511/3511/3511 3512/3512/3512 3518/3518/3518 
f 3518/3518/3518 3512/3512/3512 3519/3519/3519 
f 3512/3512/3512 3513/3513/3513 3519/3519/3519 
f 3519/3519/3519 3513/3513/3513 3520/3520/3520 
f 3514/3514/3514 3515/3515/3515 3521/3521/3521 
f 3521/3521/3521 3515/3515/3515 3522/3522/3522 
f 3515/3515/3515 3516/3516/3516 3522/3522/3522 
f 3522/3522/3522 3516/3516/3516 3523/3523/3523 
f 3516/3516/3516 3517/3517/3517 3523/3523/3523 
f 3523/3523/3523 3517/3517/3517 3524/3524/3524 
f 3517/3517/3517 3518/3518/3518 3524/3524/3524 
f 3524/3524/3524 3518/3518/3518 3525/3525/3525 
f 3518/3518/3518 3519/3519/3519 3525/3525/3525 
f 3525/3525/3525 3519/3519/3519 3526/3526/3526 
f 3519/3519/3519 3520/3520/3520 3526/3526/3526 
f 3526/3526/3526 3520/3520/3520 3527/3527/3527 
f 3528/3528/3528 3529/3529/3529 3535/3535/3535 
f 3535/3535/3535 3529/3529/3529 3536/3536/3536 
f 3529/3529/3529 3530/3530/3530 3536/3536/3536 
f 3536/3536/3536 3530/3530/3530 3537/3537/3537 
f 3530/3530/3530 3531/3531/3531 3537/3537/3537 
f 3537/3537/3537 3531/3531/3531 3538/3538/3538 
f 3531/3531/3531 3532/3532/3532 3538/3538/3538 
f 3538/3538/3538 3532/3532/3532 3539/3539/3539 
f 3532/3532/3532 3533/3533/3533 3539/3539/3539 
f 3539/3539/3539 3533/3533/3533 3540/3540/3540 
f 3533/3533/3533 3534/3534/3534 3540/3540/3540 
f 3540/3540/3540 3534/3534/3534 3541/3541/3541 
f 3535/3535/3535 3536/3536/3536 3542/3542/3542 
f 3542/3542/3542 3536/3536/3536 3543/3543/3543 
f 3536/3536/3536 3537/3537/3537 3543/3543/3543 
f 3543/3543/3543 3537/3537/3537 3544/3544/3544 
f 3537/3537/3537 3538/3538/3538 3544/3544/3544 
f 3544/3544/3544 3538/3538/3538 3545/3545/3545 
f 3538/3538/3538 3539/3539/3539 3545/3545/3545 
f 3545/3545/3545 3539/3539/3539 3546/3546/3546 
f 3539/3539/3539 3540/3540/3540 3546/3546/3546 
f 3546/3546/3546 3540/3540/3540 3547/3547/3547 
f 3540/3540/3540 3541/3541/3541 3547/3547/3547 
f 3547/3547/3547 3541/3541/3541 3548/3548/3548 
f 3542/3542/3542 3543/3543/3543 3549/3549/3549 
f 3549/3549/3549 3543/3543/3543 3550/3550/3550 
f 3543/3543/3543 3544/3544/3544 3550/3550/3550 
f 3550/3550/3550 3544/3544/3544 3551/3551/3551 
f 3544/3544/3544 3545/3545/3545 3551/3551/3551 
f 3551/3551/3551 3545/3545/3545 3552/3552/3552 
f 3545/3545/3545 3546/3546/3546 3552/3552/3552 
f 3552/3552/3552 3546/3546/3546 3553/3553/3553 
f 3546/3546/3546 3547/3547/3547 3553/3553/3553 
f 3553/3553/3553 3547/3547/3547 3554/3554/3554 
f 3547/3547/3547 3548/3548/3548 3554/3554/3554 
f 3554/3554/3554 3548/3548/3548 3555/3555/3555 
f 3549/3549/3549 3550/3550/3550 3556/3556/3556 
f 3556/3556/3556 3550/3550/3550 3557/3557/3557 
f 3550/3550/3550 3551/3551/3551 3557/3557/3557 
f 3557/3557/3557 3551/3551/3551 3558/3558/3558 
f 3551/3551/3551 3552/3552/3552 3558/3558/3558 
f 3558/3558/3558 3552/3552/3552 3559/3559/3559 
f 3552/3552/3552 3553/3553/3553 3559/3559/3559 
f 3559/3559/3559 3553/3553/3553 3560/3560/3560 
f 3553/3553/3553 3554/3554/3554 3560/3560/3560 
f 3560/3560/3560 3554/3554/3554 3561/3561/3561 
f 3554/3554/3554 3555/3555/3555 3561/3561/3561 
f 3561/3561/3561 3555/3555/3555 3562/3562/3562 
f 3556/3556/3556 3557/3557/3557 3563/3563/3563 
f 3563/3563/3563 3557/3557/3557 3564/3564/3564 
f 3557/3557/3557 3558/3558/3558 3564/3564/3564 
f 3564/3564/3564 3558/3558/3558 3565/3565/3565 
f 3558/3558/3558 3559/3559/3559 3565/3565/3565 
f 3565/3565/3565 3559/3559/3559 3566/3566/3566 
f 3559/3559/3559 3560/3560/3560 3566/3566/3566 
f 3566/3566/3566 3560/3560/3560 3567/3567/3567 
f 3560/3560/3560 3561/3561/3561 3567/3567/3567 
f 3567/3567/3567 3561/3561/3561 3568/3568/3568 
f 3561/3561/3561 3562/3562/3562 3568/3568/3568 
f 3568/3568/3568 3562/3562/3562 3569/3569/3569 
f 3563/3563/3563 3564/3564/3564 3570/3570/3570 
f 3570/3570/3570 3564/3564/3564 3571/3571/3571 
f 3564/3564/3564 3565/3565/3565 3571/3571/3571 
f 3571/3571/3571 3565/3565/3565 3572/3572/3572 
f 3565/3565/3565 3566/3566/3566 3572/3572/3572 
f 3572/3572/3572 3566/3566/3566 3573/3573/3573 
f 3566/3566/3566 3567/3567/3567 3573/3573/3573 
f 3573/3573/3573 3567/3567/3567 3574/3574/3574 
f 3567/3567/3567 3568/3568/3568 3574/3574/3574 
f 3574/3574/3574 3568/3568/3568 3575/3575/3575 
f 3568/3568/3568 3569/3569/3569 3575/3575/3575 
f 3575/3575/3575 3569/3569/3569 3576/3576/3576 

g 22

v -107.845 477.155 -64.1547 
v -107.721 477.279 -63.8528 
v -107.624 477.376 -63.4588 
v -107.586 477.414 -63 
v -107.624 477.376 -62.5412 
v -107.721 477.279 -62.1472 
v -107.845 477.155 -61.8453 
v -107.721 476.853 -64.2792 
v -107.545 476.97 -63.9701 
v -107.396 477.069 -63.5345 
v -107.336 477.109 -63 
v -107.396 477.069 -62.4655 
v -107.545 476.97 -62.0299 
v -107.721 476.853 -61.7208 
v -107.624 476.459 -64.3765 
v -107.396 476.535 -64.069 
v -107.191 476.603 -63.603 
v -107.103 476.632 -63 
v -107.191 476.603 -62.397 
v -107.396 476.535 -61.931 
v -107.624 476.459 -61.6235 
v -107.586 476 -64.4142 
v -107.336 476 -64.1094 
v -107.103 476 -63.6325 
v -107 476 -63 
v -107.103 476 -62.3675 
v -107.336 476 -61.8906 
v -107.586 476 -61.5858 
v -107.624 475.541 -64.3765 
v -107.396 475.465 -64.069 
v -107.191 475.397 -63.603 
v -107.103 475.368 -63 
v -107.191 475.397 -62.397 
v -107.396 475.465 -61.931 
v -107.624 475.541 -61.6235 
v -107.721 475.147 -64.2792 
v -107.545 475.03 -63.9701 
v -107.396 474.931 -63.5345 
v -107.336 474.891 -63 
v -107.396 474.931 -62.4655 
v -107.545 475.03 -62.0299 
v -107.721 475.147 -61.7208 
v -107.845 474.845 -64.1547 
v -107.721 474.721 -63.8528 
v -107.624 474.624 -63.4588 
v -107.586 474.586 -63 
v -107.624 474.624 -62.5412 
v -107.721 474.721 -62.1472 
v -107.845 474.845 -61.8453 
v -110.155 477.155 -61.8453 
v -109.853 477.279 -61.7208 
v -109.459 477.376 -61.6235 
v -109 477.414 -61.5858 
v -108.541 477.376 -61.6235 
v -108.147 477.279 -61.7208 
v -107.845 477.155 -61.8453 
v -110.279 477.279 -62.1472 
v -109.97 477.455 -62.0299 
v -109.535 477.604 -61.931 
v -109 477.664 -61.8906 
v -108.465 477.604 -61.931 
v -108.03 477.455 -62.0299 
v -107.721 477.279 -62.1472 
v -110.376 477.376 -62.5412 
v -110.069 477.604 -62.4655 
v -109.603 477.809 -62.397 
v -109 477.897 -62.3675 
v -108.397 477.809 -62.397 
v -107.931 477.604 -62.4655 
v -107.624 477.376 -62.5412 
v -110.414 477.414 -63 
v -110.109 477.664 -63 
v -109.632 477.897 -63 
v -109 478 -63 
v -108.368 477.897 -63 
v -107.891 477.664 -63 
v -107.586 477.414 -63 
v -110.376 477.376 -63.4588 
v -110.069 477.604 -63.5345 
v -109.603 477.809 -63.603 
v -109 477.897 -63.6325 
v -108.397 477.809 -63.603 
v -107.931 477.604 -63.5345 
v -107.624 477.376 -63.4588 
v -110.279 477.279 -63.8528 
v -109.97 477.455 -63.9701 
v -109.535 477.604 -64.069 
v -109 477.664 -64.1094 
v -108.465 477.604 -64.069 
v -108.03 477.455 -63.9701 
v -107.721 477.279 -63.8528 
v -110.155 477.155 -64.1547 
v -109.853 477.279 -64.2792 
v -109.459 477.376 -64.3765 
v -109 477.414 -64.4142 
v -108.541 477.376 -64.3765 
v -108.147 477.279 -64.2792 
v -107.845 477.155 -64.1547 
v -107.845 477.155 -61.8453 
v -108.147 477.279 -61.7208 
v -108.541 477.376 -61.6235 
v -109 477.414 -61.5858 
v -109.459 477.376 -61.6235 
v -109.853 477.279 -61.7208 
v -110.155 477.155 -61.8453 
v -107.721 476.853 -61.7208 
v -108.03 476.97 -61.5448 
v -108.465 477.069 -61.3964 
v -109 477.109 -61.3359 
v -109.535 477.069 -61.3964 
v -109.97 476.97 -61.5448 
v -110.279 476.853 -61.7208 
v -107.624 476.459 -61.6235 
v -107.931 476.535 -61.3964 
v -108.397 476.603 -61.1909 
v -109 476.632 -61.1026 
v -109.603 476.603 -61.1909 
v -110.069 476.535 -61.3964 
v -110.376 476.459 -61.6235 
v -107.586 476 -61.5858 
v -107.891 476 -61.3359 
v -108.368 476 -61.1026 
v -109 476 -61 
v -109.632 476 -61.1026 
v -110.109 476 -61.3359 
v -110.414 476 -61.5858 
v -107.624 475.541 -61.6235 
v -107.931 475.465 -61.3964 
v -108.397 475.397 -61.1909 
v -109 475.368 -61.1026 
v -109.603 475.397 -61.1909 
v -110.069 475.465 -61.3964 
v -110.376 475.541 -61.6235 
v -107.721 475.147 -61.7208 
v -108.03 475.03 -61.5448 
v -108.465 474.931 -61.3964 
v -109 474.891 -61.3359 
v -109.535 474.931 -61.3964 
v -109.97 475.03 -61.5448 
v -110.279 475.147 -61.7208 
v -107.845 474.845 -61.8453 
v -108.147 474.721 -61.7208 
v -108.541 474.624 -61.6235 
v -109 474.586 -61.5858 
v -109.459 474.624 -61.6235 
v -109.853 474.721 -61.7208 
v -110.155 474.845 -61.8453 
v -110.155 477.155 -61.8453 
v -110.279 477.279 -62.1472 
v -110.376 477.376 -62.5412 
v -110.414 477.414 -63 
v -110.376 477.376 -63.4588 
v -110.279 477.279 -63.8528 
v -110.155 477.155 -64.1547 
v -110.279 476.853 -61.7208 
v -110.455 476.97 -62.0299 
v -110.604 477.069 -62.4655 
v -110.664 477.109 -63 
v -110.604 477.069 -63.5345 
v -110.455 476.97 -63.9701 
v -110.279 476.853 -64.2792 
v -110.376 476.459 -61.6235 
v -110.604 476.535 -61.931 
v -110.809 476.603 -62.397 
v -110.897 476.632 -63 
v -110.809 476.603 -63.603 
v -110.604 476.535 -64.069 
v -110.376 476.459 -64.3765 
v -110.414 476 -61.5858 
v -110.664 476 -61.8906 
v -110.897 476 -62.3675 
v -111 476 -63 
v -110.897 476 -63.6325 
v -110.664 476 -64.1094 
v -110.414 476 -64.4142 
v -110.376 475.541 -61.6235 
v -110.604 475.465 -61.931 
v -110.809 475.397 -62.397 
v -110.897 475.368 -63 
v -110.809 475.397 -63.603 
v -110.604 475.465 -64.069 
v -110.376 475.541 -64.3765 
v -110.279 475.147 -61.7208 
v -110.455 475.03 -62.0299 
v -110.604 474.931 -62.4655 
v -110.664 474.891 -63 
v -110.604 474.931 -63.5345 
v -110.455 475.03 -63.9701 
v -110.279 475.147 -64.2792 
v -110.155 474.845 -61.8453 
v -110.279 474.721 -62.1472 
v -110.376 474.624 -62.5412 
v -110.414 474.586 -63 
v -110.376 474.624 -63.4588 
v -110.279 474.721 -63.8528 
v -110.155 474.845 -64.1547 
v -110.155 474.845 -64.1547 
v -109.853 474.721 -64.2792 
v -109.459 474.624 -64.3765 
v -109 474.586 -64.4142 
v -108.541 474.624 -64.3765 
v -108.147 474.721 -64.2792 
v -107.845 474.845 -64.1547 
v -110.279 474.721 -63.8528 
v -109.97 474.545 -63.9701 
v -109.535 474.396 -64.069 
v -109 474.336 -64.1094 
v -108.465 474.396 -64.069 
v -108.03 474.545 -63.9701 
v -107.721 474.721 -63.8528 
v -110.376 474.624 -63.4588 
v -110.069 474.396 -63.5345 
v -109.603 474.191 -63.603 
v -109 474.103 -63.6325 
v -108.397 474.191 -63.603 
v -107.931 474.396 -63.5345 
v -107.624 474.624 -63.4588 
v -110.414 474.586 -63 
v -110.109 474.336 -63 
v -109.632 474.103 -63 
v -109 474 -63 
v -108.368 474.103 -63 
v -107.891 474.336 -63 
v -107.586 474.586 -63 
v -110.376 474.624 -62.5412 
v -110.069 474.396 -62.4655 
v -109.603 474.191 -62.397 
v -109 474.103 -62.3675 
v -108.397 474.191 -62.397 
v -107.931 474.396 -62.4655 
v -107.624 474.624 -62.5412 
v -110.279 474.721 -62.1472 
v -109.97 474.545 -62.0299 
v -109.535 474.396 -61.931 
v -109 474.336 -61.8906 
v -108.465 474.396 -61.931 
v -108.03 474.545 -62.0299 
v -107.721 474.721 -62.1472 
v -110.155 474.845 -61.8453 
v -109.853 474.721 -61.7208 
v -109.459 474.624 -61.6235 
v -109 474.586 -61.5858 
v -108.541 474.624 -61.6235 
v -108.147 474.721 -61.7208 
v -107.845 474.845 -61.8453 
v -110.155 477.155 -64.1547 
v -109.853 477.279 -64.2792 
v -109.459 477.376 -64.3765 
v -109 477.414 -64.4142 
v -108.541 477.376 -64.3765 
v -108.147 477.279 -64.2792 
v -107.845 477.155 -64.1547 
v -110.279 476.853 -64.2792 
v -109.97 476.97 -64.4552 
v -109.535 477.069 -64.6036 
v -109 477.109 -64.6641 
v -108.465 477.069 -64.6036 
v -108.03 476.97 -64.4552 
v -107.721 476.853 -64.2792 
v -110.376 476.459 -64.3765 
v -110.069 476.535 -64.6036 
v -109.603 476.603 -64.8091 
v -109 476.632 -64.8974 
v -108.397 476.603 -64.8091 
v -107.931 476.535 -64.6036 
v -107.624 476.459 -64.3765 
v -110.414 476 -64.4142 
v -110.109 476 -64.6641 
v -109.632 476 -64.8974 
v -109 476 -65 
v -108.368 476 -64.8974 
v -107.891 476 -64.6641 
v -107.586 476 -64.4142 
v -110.376 475.541 -64.3765 
v -110.069 475.465 -64.6036 
v -109.603 475.397 -64.8091 
v -109 475.368 -64.8974 
v -108.397 475.397 -64.8091 
v -107.931 475.465 -64.6036 
v -107.624 475.541 -64.3765 
v -110.279 475.147 -64.2792 
v -109.97 475.03 -64.4552 
v -109.535 474.931 -64.6036 
v -109 474.891 -64.6641 
v -108.465 474.931 -64.6036 
v -108.03 475.03 -64.4552 
v -107.721 475.147 -64.2792 
v -110.155 474.845 -64.1547 
v -109.853 474.721 -64.2792 
v -109.459 474.624 -64.3765 
v -109 474.586 -64.4142 
v -108.541 474.624 -64.3765 
v -108.147 474.721 -64.2792 
v -107.845 474.845 -64.1547 

vn 0.574803 0.574803 -0.574803 
vn 0.637795 0.637795 -0.425197 
vn 0.685039 0.685039 -0.228346 
vn 0.708661 0.708661 0 
vn 0.685039 0.685039 0.228346 
vn 0.637795 0.637795 0.425197 
vn 0.574803 0.574803 0.574803 
vn 0.637795 0.425197 -0.637795 
vn 0.724409 0.488189 -0.488189 
vn 0.80315 0.535433 -0.267717 
vn 0.834646 0.551181 0 
vn 0.80315 0.535433 0.267717 
vn 0.724409 0.488189 0.488189 
vn 0.637795 0.425197 0.637795 
vn 0.685039 0.228346 -0.685039 
vn 0.80315 0.267717 -0.535433 
vn 0.905512 0.299213 -0.299213 
vn 0.944882 0.314961 0 
vn 0.905512 0.299213 0.299213 
vn 0.80315 0.267717 0.535433 
vn 0.685039 0.228346 0.685039 
vn 0.708661 0 -0.708661 
vn 0.834646 0 -0.551181 
vn 0.944882 0 -0.314961 
vn 1 0 0 
vn 0.944882 0 0.314961 
vn 0.834646 0 0.551181 
vn 0.708661 0 0.708661 
vn 0.685039 -0.228346 -0.685039 
vn 0.80315 -0.267717 -0.535433 
vn 0.905512 -0.299213 -0.299213 
vn 0.944882 -0.314961 0 
vn 0.905512 -0.299213 0.299213 
vn 0.80315 -0.267717 0.535433 
vn 0.685039 -0.228346 0.685039 
vn 0.637795 -0.425197 -0.637795 
vn 0.724409 -0.488189 -0.488189 
vn 0.80315 -0.535433 -0.267717 
vn 0.834646 -0.551181 0 
vn 0.80315 -0.535433 0.267717 
vn 0.724409 -0.488189 0.488189 
vn 0.637795 -0.425197 0.637795 
vn 0.574803 -0.574803 -0.574803 
vn 0.637795 -0.637795 -0.425197 
vn 0.685039 -0.685039 -0.228346 
vn 0.708661 -0.708661 0 
vn 0.685039 -0.685039 0.228346 
vn 0.637795 -0.637795 0.425197 
vn 0.574803 -0.574803 0.574803 
vn -0.574803 0.574803 0.574803 
vn -0.425197 0.637795 0.637795 
vn -0.228346 0.685039 0.685039 
vn 0 0.708661 0.708661 
vn 0.228346 0.685039 0.685039 
vn 0.425197 0.637795 0.637795 
vn 0.574803 0.574803 0.574803 
vn -0.637795 0.637795 0.425197 
vn -0.488189 0.724409 0.488189 
vn -0.267717 0.80315 0.535433 
vn 0 0.834646 0.551181 
vn 0.267717 0.80315 0.535433 
vn 0.488189 0.724409 0.488189 
vn 0.637795 0.637795 0.425197 
vn -0.685039 0.685039 0.228346 
vn -0.535433 0.80315 0.267717 
vn -0.299213 0.905512 0.299213 
vn 0 0.944882 0.314961 
vn 0.299213 0.905512 0.299213 
vn 0.535433 0.80315 0.267717 
vn 0.685039 0.685039 0.228346 
vn -0.708661 0.708661 0 
vn -0.551181 0.834646 0 
vn -0.314961 0.944882 0 
vn 0 1 0 
vn 0.314961 0.944882 0 
vn 0.551181 0.834646 0 
vn 0.708661 0.708661 0 
vn -0.685039 0.685039 -0.228346 
vn -0.535433 0.80315 -0.267717 
vn -0.299213 0.905512 -0.299213 
vn 0 0.944882 -0.314961 
vn 0.299213 0.905512 -0.299213 
vn 0.535433 0.80315 -0.267717 
vn 0.685039 0.685039 -0.228346 
vn -0.637795 0.637795 -0.425197 
vn -0.488189 0.724409 -0.488189 
vn -0.267717 0.80315 -0.535433 
vn 0 0.834646 -0.551181 
vn 0.267717 0.80315 -0.535433 
vn 0.488189 0.724409 -0.488189 
vn 0.637795 0.637795 -0.425197 
vn -0.574803 0.574803 -0.574803 
vn -0.425197 0.637795 -0.637795 
vn -0.228346 0.685039 -0.685039 
vn 0 0.708661 -0.708661 
vn 0.228346 0.685039 -0.685039 
vn 0.425197 0.637795 -0.637795 
vn 0.574803 0.574803 -0.574803 
vn 0.574803 0.574803 0.574803 
vn 0.425197 0.637795 0.637795 
vn 0.228346 0.685039 0.685039 
vn 0 0.708661 0.708661 
vn -0.228346 0.685039 0.685039 
vn -0.425197 0.637795 0.637795 
vn -0.574803 0.574803 0.574803 
vn 0.637795 0.425197 0.637795 
vn 0.488189 0.488189 0.724409 
vn 0.267717 0.535433 0.80315 
vn 0 0.551181 0.834646 
vn -0.267717 0.535433 0.80315 
vn -0.488189 0.488189 0.724409 
vn -0.637795 0.425197 0.637795 
vn 0.685039 0.228346 0.685039 
vn 0.535433 0.267717 0.80315 
vn 0.299213 0.299213 0.905512 
vn 0 0.314961 0.944882 
vn -0.299213 0.299213 0.905512 
vn -0.535433 0.267717 0.80315 
vn -0.685039 0.228346 0.685039 
vn 0.708661 0 0.708661 
vn 0.551181 0 0.834646 
vn 0.314961 0 0.944882 
vn 0 0 1 
vn -0.314961 0 0.944882 
vn -0.551181 0 0.834646 
vn -0.708661 0 0.708661 
vn 0.685039 -0.228346 0.685039 
vn 0.535433 -0.267717 0.80315 
vn 0.299213 -0.299213 0.905512 
vn 0 -0.314961 0.944882 
vn -0.299213 -0.299213 0.905512 
vn -0.535433 -0.267717 0.80315 
vn -0.685039 -0.228346 0.685039 
vn 0.637795 -0.425197 0.637795 
vn 0.488189 -0.488189 0.724409 
vn 0.267717 -0.535433 0.80315 
vn 0 -0.551181 0.834646 
vn -0.267717 -0.535433 0.80315 
vn -0.488189 -0.488189 0.724409 
vn -0.637795 -0.425197 0.637795 
vn 0.574803 -0.574803 0.574803 
vn 0.425197 -0.637795 0.637795 
vn 0.228346 -0.685039 0.685039 
vn 0 -0.708661 0.708661 
vn -0.228346 -0.685039 0.685039 
vn -0.425197 -0.637795 0.637795 
vn -0.574803 -0.574803 0.574803 
vn -0.574803 0.574803 0.574803 
vn -0.637795 0.637795 0.425197 
vn -0.685039 0.685039 0.228346 
vn -0.708661 0.708661 0 
vn -0.685039 0.685039 -0.228346 
vn -0.637795 0.637795 -0.425197 
vn -0.574803 0.574803 -0.574803 
vn -0.637795 0.425197 0.637795 
vn -0.724409 0.488189 0.488189 
vn -0.80315 0.535433 0.267717 
vn -0.834646 0.551181 0 
vn -0.80315 0.535433 -0.267717 
vn -0.724409 0.488189 -0.488189 
vn -0.637795 0.425197 -0.637795 
vn -0.685039 0.228346 0.685039 
vn -0.80315 0.267717 0.535433 
vn -0.905512 0.299213 0.299213 
vn -0.944882 0.314961 0 
vn -0.905512 0.299213 -0.299213 
vn -0.80315 0.267717 -0.535433 
vn -0.685039 0.228346 -0.685039 
vn -0.708661 0 0.708661 
vn -0.834646 0 0.551181 
vn -0.944882 0 0.314961 
vn -1 0 0 
vn -0.944882 0 -0.314961 
vn -0.834646 0 -0.551181 
vn -0.708661 0 -0.708661 
vn -0.685039 -0.228346 0.685039 
vn -0.80315 -0.267717 0.535433 
vn -0.905512 -0.299213 0.299213 
vn -0.944882 -0.314961 0 
vn -0.905512 -0.299213 -0.299213 
vn -0.80315 -0.267717 -0.535433 
vn -0.685039 -0.228346 -0.685039 
vn -0.637795 -0.425197 0.637795 
vn -0.724409 -0.488189 0.488189 
vn -0.80315 -0.535433 0.267717 
vn -0.834646 -0.551181 0 
vn -0.80315 -0.535433 -0.267717 
vn -0.724409 -0.488189 -0.488189 
vn -0.637795 -0.425197 -0.637795 
vn -0.574803 -0.574803 0.574803 
vn -0.637795 -0.637795 0.425197 
vn -0.685039 -0.685039 0.228346 
vn -0.708661 -0.708661 0 
vn -0.685039 -0.685039 -0.228346 
vn -0.637795 -0.637795 -0.425197 
vn -0.574803 -0.574803 -0.574803 
vn -0.574803 -0.574803 -0.574803 
vn -0.425197 -0.637795 -0.637795 
vn -0.228346 -0.685039 -0.685039 
vn 0 -0.708661 -0.708661 
vn 0.228346 -0.685039 -0.685039 
vn 0.425197 -0.637795 -0.637795 
vn 0.574803 -0.574803 -0.574803 
vn -0.637795 -0.637795 -0.425197 
vn -0.488189 -0.724409 -0.488189 
vn -0.267717 -0.80315 -0.535433 
vn 0 -0.834646 -0.551181 
vn 0.267717 -0.80315 -0.535433 
vn 0.488189 -0.724409 -0.488189 
vn 0.637795 -0.637795 -0.425197 
vn -0.685039 -0.685039 -0.228346 
vn -0.535433 -0.80315 -0.267717 
vn -0.299213 -0.905512 -0.299213 
vn 0 -0.944882 -0.314961 
vn 0.299213 -0.905512 -0.299213 
vn 0.535433 -0.80315 -0.267717 
vn 0.685039 -0.685039 -0.228346 
vn -0.708661 -0.708661 0 
vn -0.551181 -0.834646 0 
vn -0.314961 -0.944882 0 
vn 0 -1 0 
vn 0.314961 -0.944882 0 
vn 0.551181 -0.834646 0 
vn 0.708661 -0.708661 0 
vn -0.685039 -0.685039 0.228346 
vn -0.535433 -0.80315 0.267717 
vn -0.299213 -0.905512 0.299213 
vn 0 -0.944882 0.314961 
vn 0.299213 -0.905512 0.299213 
vn 0.535433 -0.80315 0.267717 
vn 0.685039 -0.685039 0.228346 
vn -0.637795 -0.637795 0.425197 
vn -0.488189 -0.724409 0.488189 
vn -0.267717 -0.80315 0.535433 
vn 0 -0.834646 0.551181 
vn 0.267717 -0.80315 0.535433 
vn 0.488189 -0.724409 0.488189 
vn 0.637795 -0.637795 0.425197 
vn -0.574803 -0.574803 0.574803 
vn -0.425197 -0.637795 0.637795 
vn -0.228346 -0.685039 0.685039 
vn 0 -0.708661 0.708661 
vn 0.228346 -0.685039 0.685039 
vn 0.425197 -0.637795 0.637795 
vn 0.574803 -0.574803 0.574803 
vn -0.574803 0.574803 -0.574803 
vn -0.425197 0.637795 -0.637795 
vn -0.228346 0.685039 -0.685039 
vn 0 0.708661 -0.708661 
vn 0.228346 0.685039 -0.685039 
vn 0.425197 0.637795 -0.637795 
vn 0.574803 0.574803 -0.574803 
vn -0.637795 0.425197 -0.637795 
vn -0.488189 0.488189 -0.724409 
vn -0.267717 0.535433 -0.80315 
vn 0 0.551181 -0.834646 
vn 0.267717 0.535433 -0.80315 
vn 0.488189 0.488189 -0.724409 
vn 0.637795 0.425197 -0.637795 
vn -0.685039 0.228346 -0.685039 
vn -0.535433 0.267717 -0.80315 
vn -0.299213 0.299213 -0.905512 
vn 0 0.314961 -0.944882 
vn 0.299213 0.299213 -0.905512 
vn 0.535433 0.267717 -0.80315 
vn 0.685039 0.228346 -0.685039 
vn -0.708661 0 -0.708661 
vn -0.551181 0 -0.834646 
vn -0.314961 0 -0.944882 
vn 0 0 -1 
vn 0.314961 0 -0.944882 
vn 0.551181 0 -0.834646 
vn 0.708661 0 -0.708661 
vn -0.685039 -0.228346 -0.685039 
vn -0.535433 -0.267717 -0.80315 
vn -0.299213 -0.299213 -0.905512 
vn 0 -0.314961 -0.944882 
vn 0.299213 -0.299213 -0.905512 
vn 0.535433 -0.267717 -0.80315 
vn 0.685039 -0.228346 -0.685039 
vn -0.637795 -0.425197 -0.637795 
vn -0.488189 -0.488189 -0.724409 
vn -0.267717 -0.535433 -0.80315 
vn 0 -0.551181 -0.834646 
vn 0.267717 -0.535433 -0.80315 
vn 0.488189 -0.488189 -0.724409 
vn 0.637795 -0.425197 -0.637795 
vn -0.574803 -0.574803 -0.574803 
vn -0.425197 -0.637795 -0.637795 
vn -0.228346 -0.685039 -0.685039 
vn 0 -0.708661 -0.708661 
vn 0.228346 -0.685039 -0.685039 
vn 0.425197 -0.637795 -0.637795 
vn 0.574803 -0.574803 -0.574803 

vt 0.0661721 3.2902 
vt -0.600495 3.2902 
vt -1.26716 3.2902 
vt -1.93383 3.2902 
vt -2.60049 3.2902 
vt -3.26716 3.2902 
vt -3.93383 3.2902 
vt 0.0661721 2.62353 
vt -0.600495 2.62353 
vt -1.26716 2.62353 
vt -1.93383 2.62353 
vt -2.60049 2.62353 
vt -3.26716 2.62353 
vt -3.93383 2.62353 
vt 0.0661721 1.95687 
vt -0.600495 1.95687 
vt -1.26716 1.95687 
vt -1.93383 1.95687 
vt -2.60049 1.95687 
vt -3.26716 1.95687 
vt -3.93383 1.95687 
vt 0.0661721 1.2902 
vt -0.600495 1.2902 
vt -1.26716 1.2902 
vt -1.93383 1.2902 
vt -2.60049 1.2902 
vt -3.26716 1.2902 
vt -3.93383 1.2902 
vt 0.0661721 0.623533 
vt -0.600495 0.623533 
vt -1.26716 0.623533 
vt -1.93383 0.623533 
vt -2.60049 0.623533 
vt -3.26716 0.623533 
vt -3.93383 0.623533 
vt 0.0661721 -0.0431337 
vt -0.600495 -0.0431337 
vt -1.26716 -0.0431337 
vt -1.93383 -0.0431337 
vt -2.60049 -0.0431337 
vt -3.26716 -0.0431337 
vt -3.93383 -0.0431337 
vt 0.0661721 -0.7098 
vt -0.600495 -0.7098 
vt -1.26716 -0.7098 
vt -1.93383 -0.7098 
vt -2.60049 -0.7098 
vt -3.26716 -0.7098 
vt -3.93383 -0.7098 
vt 0.0661721 3.2902 
vt -0.600495 3.2902 
vt -1.26716 3.2902 
vt -1.93383 3.2902 
vt -2.60049 3.2902 
vt -3.26716 3.2902 
vt -3.93383 3.2902 
vt 0.0661721 2.62353 
vt -0.600495 2.62353 
vt -1.26716 2.62353 
vt -1.93383 2.62353 
vt -2.60049 2.62353 
vt -3.26716 2.62353 
vt -3.93383 2.62353 
vt 0.0661721 1.95687 
vt -0.600495 1.95687 
vt -1.26716 1.95687 
vt -1.93383 1.95687 
vt -2.60049 1.95687 
vt -3.26716 1.95687 
vt -3.93383 1.95687 
vt 0.0661721 1.2902 
vt -0.600495 1.2902 
vt -1.26716 1.2902 
vt -1.93383 1.2902 
vt -2.60049 1.2902 
vt -3.26716 1.2902 
vt -3.93383 1.2902 
vt 0.0661721 0.623533 
vt -0.600495 0.623533 
vt -1.26716 0.623533 
vt -1.93383 0.623533 
vt -2.60049 0.623533 
vt -3.26716 0.623533 
vt -3.93383 0.623533 
vt 0.0661721 -0.0431337 
vt -0.600495 -0.0431337 
vt -1.26716 -0.0431337 
vt -1.93383 -0.0431337 
vt -2.60049 -0.0431337 
vt -3.26716 -0.0431337 
vt -3.93383 -0.0431337 
vt 0.0661721 -0.7098 
vt -0.600495 -0.7098 
vt -1.26716 -0.7098 
vt -1.93383 -0.7098 
vt -2.60049 -0.7098 
vt -3.26716 -0.7098 
vt -3.93383 -0.7098 
vt 0.0661721 3.2902 
vt -0.600495 3.2902 
vt -1.26716 3.2902 
vt -1.93383 3.2902 
vt -2.60049 3.2902 
vt -3.26716 3.2902 
vt -3.93383 3.2902 
vt 0.0661721 2.62353 
vt -0.600495 2.62353 
vt -1.26716 2.62353 
vt -1.93383 2.62353 
vt -2.60049 2.62353 
vt -3.26716 2.62353 
vt -3.93383 2.62353 
vt 0.0661721 1.95687 
vt -0.600495 1.95687 
vt -1.26716 1.95687 
vt -1.93383 1.95687 
vt -2.60049 1.95687 
vt -3.26716 1.95687 
vt -3.93383 1.95687 
vt 0.0661721 1.2902 
vt -0.600495 1.2902 
vt -1.26716 1.2902 
vt -1.93383 1.2902 
vt -2.60049 1.2902 
vt -3.26716 1.2902 
vt -3.93383 1.2902 
vt 0.0661721 0.623533 
vt -0.600495 0.623533 
vt -1.26716 0.623533 
vt -1.93383 0.623533 
vt -2.60049 0.623533 
vt -3.26716 0.623533 
vt -3.93383 0.623533 
vt 0.0661721 -0.0431337 
vt -0.600495 -0.0431337 
vt -1.26716 -0.0431337 
vt -1.93383 -0.0431337 
vt -2.60049 -0.0431337 
vt -3.26716 -0.0431337 
vt -3.93383 -0.0431337 
vt 0.0661721 -0.7098 
vt -0.600495 -0.7098 
vt -1.26716 -0.7098 
vt -1.93383 -0.7098 
vt -2.60049 -0.7098 
vt -3.26716 -0.7098 
vt -3.93383 -0.7098 
vt 0.0661721 3.2902 
vt -0.600495 3.2902 
vt -1.26716 3.2902 
vt -1.93383 3.2902 
vt -2.60049 3.2902 
vt -3.26716 3.2902 
vt -3.93383 3.2902 
vt 0.0661721 2.62353 
vt -0.600495 2.62353 
vt -1.26716 2.62353 
vt -1.93383 2.62353 
vt -2.60049 2.62353 
vt -3.26716 2.62353 
vt -3.93383 2.62353 
vt 0.0661721 1.95687 
vt -0.600495 1.95687 
vt -1.26716 1.95687 
vt -1.93383 1.95687 
vt -2.60049 1.95687 
vt -3.26716 1.95687 
vt -3.93383 1.95687 
vt 0.0661721 1.2902 
vt -0.600495 1.2902 
vt -1.26716 1.2902 
vt -1.93383 1.2902 
vt -2.60049 1.2902 
vt -3.26716 1.2902 
vt -3.93383 1.2902 
vt 0.0661721 0.623533 
vt -0.600495 0.623533 
vt -1.26716 0.623533 
vt -1.93383 0.623533 
vt -2.60049 0.623533 
vt -3.26716 0.623533 
vt -3.93383 0.623533 
vt 0.0661721 -0.0431337 
vt -0.600495 -0.0431337 
vt -1.26716 -0.0431337 
vt -1.93383 -0.0431337 
vt -2.60049 -0.0431337 
vt -3.26716 -0.0431337 
vt -3.93383 -0.0431337 
vt 0.0661721 -0.7098 
vt -0.600495 -0.7098 
vt -1.26716 -0.7098 
vt -1.93383 -0.7098 
vt -2.60049 -0.7098 
vt -3.26716 -0.7098 
vt -3.93383 -0.7098 
vt 0.0661721 3.2902 
vt -0.600495 3.2902 
vt -1.26716 3.2902 
vt -1.93383 3.2902 
vt -2.60049 3.2902 
vt -3.26716 3.2902 
vt -3.93383 3.2902 
vt 0.0661721 2.62353 
vt -0.600495 2.62353 
vt -1.26716 2.62353 
vt -1.93383 2.62353 
vt -2.60049 2.62353 
vt -3.26716 2.62353 
vt -3.93383 2.62353 
vt 0.0661721 1.95687 
vt -0.600495 1.95687 
vt -1.26716 1.95687 
vt -1.93383 1.95687 
vt -2.60049 1.95687 
vt -3.26716 1.95687 
vt -3.93383 1.95687 
vt 0.0661721 1.2902 
vt -0.600495 1.2902 
vt -1.26716 1.2902 
vt -1.93383 1.2902 
vt -2.60049 1.2902 
vt -3.26716 1.2902 
vt -3.93383 1.2902 
vt 0.0661721 0.623533 
vt -0.600495 0.623533 
vt -1.26716 0.623533 
vt -1.93383 0.623533 
vt -2.60049 0.623533 
vt -3.26716 0.623533 
vt -3.93383 0.623533 
vt 0.0661721 -0.0431337 
vt -0.600495 -0.0431337 
vt -1.26716 -0.0431337 
vt -1.93383 -0.0431337 
vt -2.60049 -0.0431337 
vt -3.26716 -0.0431337 
vt -3.93383 -0.0431337 
vt 0.0661721 -0.7098 
vt -0.600495 -0.7098 
vt -1.26716 -0.7098 
vt -1.93383 -0.7098 
vt -2.60049 -0.7098 
vt -3.26716 -0.7098 
vt -3.93383 -0.7098 
vt 0.0661721 3.2902 
vt -0.600495 3.2902 
vt -1.26716 3.2902 
vt -1.93383 3.2902 
vt -2.60049 3.2902 
vt -3.26716 3.2902 
vt -3.93383 3.2902 
vt 0.0661721 2.62353 
vt -0.600495 2.62353 
vt -1.26716 2.62353 
vt -1.93383 2.62353 
vt -2.60049 2.62353 
vt -3.26716 2.62353 
vt -3.93383 2.62353 
vt 0.0661721 1.95687 
vt -0.600495 1.95687 
vt -1.26716 1.95687 
vt -1.93383 1.95687 
vt -2.60049 1.95687 
vt -3.26716 1.95687 
vt -3.93383 1.95687 
vt 0.0661721 1.2902 
vt -0.600495 1.2902 
vt -1.26716 1.2902 
vt -1.93383 1.2902 
vt -2.60049 1.2902 
vt -3.26716 1.2902 
vt -3.93383 1.2902 
vt 0.0661721 0.623533 
vt -0.600495 0.623533 
vt -1.26716 0.623533 
vt -1.93383 0.623533 
vt -2.60049 0.623533 
vt -3.26716 0.623533 
vt -3.93383 0.623533 
vt 0.0661721 -0.0431337 
vt -0.600495 -0.0431337 
vt -1.26716 -0.0431337 
vt -1.93383 -0.0431337 
vt -2.60049 -0.0431337 
vt -3.26716 -0.0431337 
vt -3.93383 -0.0431337 
vt 0.0661721 -0.7098 
vt -0.600495 -0.7098 
vt -1.26716 -0.7098 
vt -1.93383 -0.7098 
vt -2.60049 -0.7098 
vt -3.26716 -0.7098 
vt -3.93383 -0.7098 

usemtl 11Mtl

f 3577/3577/3577 3578/3578/3578 3584/3584/3584 
f 3584/3584/3584 3578/3578/3578 3585/3585/3585 
f 3578/3578/3578 3579/3579/3579 3585/3585/3585 
f 3585/3585/3585 3579/3579/3579 3586/3586/3586 
f 3579/3579/3579 3580/3580/3580 3586/3586/3586 
f 3586/3586/3586 3580/3580/3580 3587/3587/3587 
f 3580/3580/3580 3581/3581/3581 3587/3587/3587 
f 3587/3587/3587 3581/3581/3581 3588/3588/3588 
f 3581/3581/3581 3582/3582/3582 3588/3588/3588 
f 3588/3588/3588 3582/3582/3582 3589/3589/3589 
f 3582/3582/3582 3583/3583/3583 3589/3589/3589 
f 3589/3589/3589 3583/3583/3583 3590/3590/3590 
f 3584/3584/3584 3585/3585/3585 3591/3591/3591 
f 3591/3591/3591 3585/3585/3585 3592/3592/3592 
f 3585/3585/3585 3586/3586/3586 3592/3592/3592 
f 3592/3592/3592 3586/3586/3586 3593/3593/3593 
f 3586/3586/3586 3587/3587/3587 3593/3593/3593 
f 3593/3593/3593 3587/3587/3587 3594/3594/3594 
f 3587/3587/3587 3588/3588/3588 3594/3594/3594 
f 3594/3594/3594 3588/3588/3588 3595/3595/3595 
f 3588/3588/3588 3589/3589/3589 3595/3595/3595 
f 3595/3595/3595 3589/3589/3589 3596/3596/3596 
f 3589/3589/3589 3590/3590/3590 3596/3596/3596 
f 3596/3596/3596 3590/3590/3590 3597/3597/3597 
f 3591/3591/3591 3592/3592/3592 3598/3598/3598 
f 3598/3598/3598 3592/3592/3592 3599/3599/3599 
f 3592/3592/3592 3593/3593/3593 3599/3599/3599 
f 3599/3599/3599 3593/3593/3593 3600/3600/3600 
f 3593/3593/3593 3594/3594/3594 3600/3600/3600 
f 3600/3600/3600 3594/3594/3594 3601/3601/3601 
f 3594/3594/3594 3595/3595/3595 3601/3601/3601 
f 3601/3601/3601 3595/3595/3595 3602/3602/3602 
f 3595/3595/3595 3596/3596/3596 3602/3602/3602 
f 3602/3602/3602 3596/3596/3596 3603/3603/3603 
f 3596/3596/3596 3597/3597/3597 3603/3603/3603 
f 3603/3603/3603 3597/3597/3597 3604/3604/3604 
f 3598/3598/3598 3599/3599/3599 3605/3605/3605 
f 3605/3605/3605 3599/3599/3599 3606/3606/3606 
f 3599/3599/3599 3600/3600/3600 3606/3606/3606 
f 3606/3606/3606 3600/3600/3600 3607/3607/3607 
f 3600/3600/3600 3601/3601/3601 3607/3607/3607 
f 3607/3607/3607 3601/3601/3601 3608/3608/3608 
f 3601/3601/3601 3602/3602/3602 3608/3608/3608 
f 3608/3608/3608 3602/3602/3602 3609/3609/3609 
f 3602/3602/3602 3603/3603/3603 3609/3609/3609 
f 3609/3609/3609 3603/3603/3603 3610/3610/3610 
f 3603/3603/3603 3604/3604/3604 3610/3610/3610 
f 3610/3610/3610 3604/3604/3604 3611/3611/3611 
f 3605/3605/3605 3606/3606/3606 3612/3612/3612 
f 3612/3612/3612 3606/3606/3606 3613/3613/3613 
f 3606/3606/3606 3607/3607/3607 3613/3613/3613 
f 3613/3613/3613 3607/3607/3607 3614/3614/3614 
f 3607/3607/3607 3608/3608/3608 3614/3614/3614 
f 3614/3614/3614 3608/3608/3608 3615/3615/3615 
f 3608/3608/3608 3609/3609/3609 3615/3615/3615 
f 3615/3615/3615 3609/3609/3609 3616/3616/3616 
f 3609/3609/3609 3610/3610/3610 3616/3616/3616 
f 3616/3616/3616 3610/3610/3610 3617/3617/3617 
f 3610/3610/3610 3611/3611/3611 3617/3617/3617 
f 3617/3617/3617 3611/3611/3611 3618/3618/3618 
f 3612/3612/3612 3613/3613/3613 3619/3619/3619 
f 3619/3619/3619 3613/3613/3613 3620/3620/3620 
f 3613/3613/3613 3614/3614/3614 3620/3620/3620 
f 3620/3620/3620 3614/3614/3614 3621/3621/3621 
f 3614/3614/3614 3615/3615/3615 3621/3621/3621 
f 3621/3621/3621 3615/3615/3615 3622/3622/3622 
f 3615/3615/3615 3616/3616/3616 3622/3622/3622 
f 3622/3622/3622 3616/3616/3616 3623/3623/3623 
f 3616/3616/3616 3617/3617/3617 3623/3623/3623 
f 3623/3623/3623 3617/3617/3617 3624/3624/3624 
f 3617/3617/3617 3618/3618/3618 3624/3624/3624 
f 3624/3624/3624 3618/3618/3618 3625/3625/3625 
f 3626/3626/3626 3627/3627/3627 3633/3633/3633 
f 3633/3633/3633 3627/3627/3627 3634/3634/3634 
f 3627/3627/3627 3628/3628/3628 3634/3634/3634 
f 3634/3634/3634 3628/3628/3628 3635/3635/3635 
f 3628/3628/3628 3629/3629/3629 3635/3635/3635 
f 3635/3635/3635 3629/3629/3629 3636/3636/3636 
f 3629/3629/3629 3630/3630/3630 3636/3636/3636 
f 3636/3636/3636 3630/3630/3630 3637/3637/3637 
f 3630/3630/3630 3631/3631/3631 3637/3637/3637 
f 3637/3637/3637 3631/3631/3631 3638/3638/3638 
f 3631/3631/3631 3632/3632/3632 3638/3638/3638 
f 3638/3638/3638 3632/3632/3632 3639/3639/3639 
f 3633/3633/3633 3634/3634/3634 3640/3640/3640 
f 3640/3640/3640 3634/3634/3634 3641/3641/3641 
f 3634/3634/3634 3635/3635/3635 3641/3641/3641 
f 3641/3641/3641 3635/3635/3635 3642/3642/3642 
f 3635/3635/3635 3636/3636/3636 3642/3642/3642 
f 3642/3642/3642 3636/3636/3636 3643/3643/3643 
f 3636/3636/3636 3637/3637/3637 3643/3643/3643 
f 3643/3643/3643 3637/3637/3637 3644/3644/3644 
f 3637/3637/3637 3638/3638/3638 3644/3644/3644 
f 3644/3644/3644 3638/3638/3638 3645/3645/3645 
f 3638/3638/3638 3639/3639/3639 3645/3645/3645 
f 3645/3645/3645 3639/3639/3639 3646/3646/3646 
f 3640/3640/3640 3641/3641/3641 3647/3647/3647 
f 3647/3647/3647 3641/3641/3641 3648/3648/3648 
f 3641/3641/3641 3642/3642/3642 3648/3648/3648 
f 3648/3648/3648 3642/3642/3642 3649/3649/3649 
f 3642/3642/3642 3643/3643/3643 3649/3649/3649 
f 3649/3649/3649 3643/3643/3643 3650/3650/3650 
f 3643/3643/3643 3644/3644/3644 3650/3650/3650 
f 3650/3650/3650 3644/3644/3644 3651/3651/3651 
f 3644/3644/3644 3645/3645/3645 3651/3651/3651 
f 3651/3651/3651 3645/3645/3645 3652/3652/3652 
f 3645/3645/3645 3646/3646/3646 3652/3652/3652 
f 3652/3652/3652 3646/3646/3646 3653/3653/3653 
f 3647/3647/3647 3648/3648/3648 3654/3654/3654 
f 3654/3654/3654 3648/3648/3648 3655/3655/3655 
f 3648/3648/3648 3649/3649/3649 3655/3655/3655 
f 3655/3655/3655 3649/3649/3649 3656/3656/3656 
f 3649/3649/3649 3650/3650/3650 3656/3656/3656 
f 3656/3656/3656 3650/3650/3650 3657/3657/3657 
f 3650/3650/3650 3651/3651/3651 3657/3657/3657 
f 3657/3657/3657 3651/3651/3651 3658/3658/3658 
f 3651/3651/3651 3652/3652/3652 3658/3658/3658 
f 3658/3658/3658 3652/3652/3652 3659/3659/3659 
f 3652/3652/3652 3653/3653/3653 3659/3659/3659 
f 3659/3659/3659 3653/3653/3653 3660/3660/3660 
f 3654/3654/3654 3655/3655/3655 3661/3661/3661 
f 3661/3661/3661 3655/3655/3655 3662/3662/3662 
f 3655/3655/3655 3656/3656/3656 3662/3662/3662 
f 3662/3662/3662 3656/3656/3656 3663/3663/3663 
f 3656/3656/3656 3657/3657/3657 3663/3663/3663 
f 3663/3663/3663 3657/3657/3657 3664/3664/3664 
f 3657/3657/3657 3658/3658/3658 3664/3664/3664 
f 3664/3664/3664 3658/3658/3658 3665/3665/3665 
f 3658/3658/3658 3659/3659/3659 3665/3665/3665 
f 3665/3665/3665 3659/3659/3659 3666/3666/3666 
f 3659/3659/3659 3660/3660/3660 3666/3666/3666 
f 3666/3666/3666 3660/3660/3660 3667/3667/3667 
f 3661/3661/3661 3662/3662/3662 3668/3668/3668 
f 3668/3668/3668 3662/3662/3662 3669/3669/3669 
f 3662/3662/3662 3663/3663/3663 3669/3669/3669 
f 3669/3669/3669 3663/3663/3663 3670/3670/3670 
f 3663/3663/3663 3664/3664/3664 3670/3670/3670 
f 3670/3670/3670 3664/3664/3664 3671/3671/3671 
f 3664/3664/3664 3665/3665/3665 3671/3671/3671 
f 3671/3671/3671 3665/3665/3665 3672/3672/3672 
f 3665/3665/3665 3666/3666/3666 3672/3672/3672 
f 3672/3672/3672 3666/3666/3666 3673/3673/3673 
f 3666/3666/3666 3667/3667/3667 3673/3673/3673 
f 3673/3673/3673 3667/3667/3667 3674/3674/3674 
f 3675/3675/3675 3676/3676/3676 3682/3682/3682 
f 3682/3682/3682 3676/3676/3676 3683/3683/3683 
f 3676/3676/3676 3677/3677/3677 3683/3683/3683 
f 3683/3683/3683 3677/3677/3677 3684/3684/3684 
f 3677/3677/3677 3678/3678/3678 3684/3684/3684 
f 3684/3684/3684 3678/3678/3678 3685/3685/3685 
f 3678/3678/3678 3679/3679/3679 3685/3685/3685 
f 3685/3685/3685 3679/3679/3679 3686/3686/3686 
f 3679/3679/3679 3680/3680/3680 3686/3686/3686 
f 3686/3686/3686 3680/3680/3680 3687/3687/3687 
f 3680/3680/3680 3681/3681/3681 3687/3687/3687 
f 3687/3687/3687 3681/3681/3681 3688/3688/3688 
f 3682/3682/3682 3683/3683/3683 3689/3689/3689 
f 3689/3689/3689 3683/3683/3683 3690/3690/3690 
f 3683/3683/3683 3684/3684/3684 3690/3690/3690 
f 3690/3690/3690 3684/3684/3684 3691/3691/3691 
f 3684/3684/3684 3685/3685/3685 3691/3691/3691 
f 3691/3691/3691 3685/3685/3685 3692/3692/3692 
f 3685/3685/3685 3686/3686/3686 3692/3692/3692 
f 3692/3692/3692 3686/3686/3686 3693/3693/3693 
f 3686/3686/3686 3687/3687/3687 3693/3693/3693 
f 3693/3693/3693 3687/3687/3687 3694/3694/3694 
f 3687/3687/3687 3688/3688/3688 3694/3694/3694 
f 3694/3694/3694 3688/3688/3688 3695/3695/3695 
f 3689/3689/3689 3690/3690/3690 3696/3696/3696 
f 3696/3696/3696 3690/3690/3690 3697/3697/3697 
f 3690/3690/3690 3691/3691/3691 3697/3697/3697 
f 3697/3697/3697 3691/3691/3691 3698/3698/3698 
f 3691/3691/3691 3692/3692/3692 3698/3698/3698 
f 3698/3698/3698 3692/3692/3692 3699/3699/3699 
f 3692/3692/3692 3693/3693/3693 3699/3699/3699 
f 3699/3699/3699 3693/3693/3693 3700/3700/3700 
f 3693/3693/3693 3694/3694/3694 3700/3700/3700 
f 3700/3700/3700 3694/3694/3694 3701/3701/3701 
f 3694/3694/3694 3695/3695/3695 3701/3701/3701 
f 3701/3701/3701 3695/3695/3695 3702/3702/3702 
f 3696/3696/3696 3697/3697/3697 3703/3703/3703 
f 3703/3703/3703 3697/3697/3697 3704/3704/3704 
f 3697/3697/3697 3698/3698/3698 3704/3704/3704 
f 3704/3704/3704 3698/3698/3698 3705/3705/3705 
f 3698/3698/3698 3699/3699/3699 3705/3705/3705 
f 3705/3705/3705 3699/3699/3699 3706/3706/3706 
f 3699/3699/3699 3700/3700/3700 3706/3706/3706 
f 3706/3706/3706 3700/3700/3700 3707/3707/3707 
f 3700/3700/3700 3701/3701/3701 3707/3707/3707 
f 3707/3707/3707 3701/3701/3701 3708/3708/3708 
f 3701/3701/3701 3702/3702/3702 3708/3708/3708 
f 3708/3708/3708 3702/3702/3702 3709/3709/3709 
f 3703/3703/3703 3704/3704/3704 3710/3710/3710 
f 3710/3710/3710 3704/3704/3704 3711/3711/3711 
f 3704/3704/3704 3705/3705/3705 3711/3711/3711 
f 3711/3711/3711 3705/3705/3705 3712/3712/3712 
f 3705/3705/3705 3706/3706/3706 3712/3712/3712 
f 3712/3712/3712 3706/3706/3706 3713/3713/3713 
f 3706/3706/3706 3707/3707/3707 3713/3713/3713 
f 3713/3713/3713 3707/3707/3707 3714/3714/3714 
f 3707/3707/3707 3708/3708/3708 3714/3714/3714 
f 3714/3714/3714 3708/3708/3708 3715/3715/3715 
f 3708/3708/3708 3709/3709/3709 3715/3715/3715 
f 3715/3715/3715 3709/3709/3709 3716/3716/3716 
f 3710/3710/3710 3711/3711/3711 3717/3717/3717 
f 3717/3717/3717 3711/3711/3711 3718/3718/3718 
f 3711/3711/3711 3712/3712/3712 3718/3718/3718 
f 3718/3718/3718 3712/3712/3712 3719/3719/3719 
f 3712/3712/3712 3713/3713/3713 3719/3719/3719 
f 3719/3719/3719 3713/3713/3713 3720/3720/3720 
f 3713/3713/3713 3714/3714/3714 3720/3720/3720 
f 3720/3720/3720 3714/3714/3714 3721/3721/3721 
f 3714/3714/3714 3715/3715/3715 3721/3721/3721 
f 3721/3721/3721 3715/3715/3715 3722/3722/3722 
f 3715/3715/3715 3716/3716/3716 3722/3722/3722 
f 3722/3722/3722 3716/3716/3716 3723/3723/3723 
f 3724/3724/3724 3725/3725/3725 3731/3731/3731 
f 3731/3731/3731 3725/3725/3725 3732/3732/3732 
f 3725/3725/3725 3726/3726/3726 3732/3732/3732 
f 3732/3732/3732 3726/3726/3726 3733/3733/3733 
f 3726/3726/3726 3727/3727/3727 3733/3733/3733 
f 3733/3733/3733 3727/3727/3727 3734/3734/3734 
f 3727/3727/3727 3728/3728/3728 3734/3734/3734 
f 3734/3734/3734 3728/3728/3728 3735/3735/3735 
f 3728/3728/3728 3729/3729/3729 3735/3735/3735 
f 3735/3735/3735 3729/3729/3729 3736/3736/3736 
f 3729/3729/3729 3730/3730/3730 3736/3736/3736 
f 3736/3736/3736 3730/3730/3730 3737/3737/3737 
f 3731/3731/3731 3732/3732/3732 3738/3738/3738 
f 3738/3738/3738 3732/3732/3732 3739/3739/3739 
f 3732/3732/3732 3733/3733/3733 3739/3739/3739 
f 3739/3739/3739 3733/3733/3733 3740/3740/3740 
f 3733/3733/3733 3734/3734/3734 3740/3740/3740 
f 3740/3740/3740 3734/3734/3734 3741/3741/3741 
f 3734/3734/3734 3735/3735/3735 3741/3741/3741 
f 3741/3741/3741 3735/3735/3735 3742/3742/3742 
f 3735/3735/3735 3736/3736/3736 3742/3742/3742 
f 3742/3742/3742 3736/3736/3736 3743/3743/3743 
f 3736/3736/3736 3737/3737/3737 3743/3743/3743 
f 3743/3743/3743 3737/3737/3737 3744/3744/3744 
f 3738/3738/3738 3739/3739/3739 3745/3745/3745 
f 3745/3745/3745 3739/3739/3739 3746/3746/3746 
f 3739/3739/3739 3740/3740/3740 3746/3746/3746 
f 3746/3746/3746 3740/3740/3740 3747/3747/3747 
f 3740/3740/3740 3741/3741/3741 3747/3747/3747 
f 3747/3747/3747 3741/3741/3741 3748/3748/3748 
f 3741/3741/3741 3742/3742/3742 3748/3748/3748 
f 3748/3748/3748 3742/3742/3742 3749/3749/3749 
f 3742/3742/3742 3743/3743/3743 3749/3749/3749 
f 3749/3749/3749 3743/3743/3743 3750/3750/3750 
f 3743/3743/3743 3744/3744/3744 3750/3750/3750 
f 3750/3750/3750 3744/3744/3744 3751/3751/3751 
f 3745/3745/3745 3746/3746/3746 3752/3752/3752 
f 3752/3752/3752 3746/3746/3746 3753/3753/3753 
f 3746/3746/3746 3747/3747/3747 3753/3753/3753 
f 3753/3753/3753 3747/3747/3747 3754/3754/3754 
f 3747/3747/3747 3748/3748/3748 3754/3754/3754 
f 3754/3754/3754 3748/3748/3748 3755/3755/3755 
f 3748/3748/3748 3749/3749/3749 3755/3755/3755 
f 3755/3755/3755 3749/3749/3749 3756/3756/3756 
f 3749/3749/3749 3750/3750/3750 3756/3756/3756 
f 3756/3756/3756 3750/3750/3750 3757/3757/3757 
f 3750/3750/3750 3751/3751/3751 3757/3757/3757 
f 3757/3757/3757 3751/3751/3751 3758/3758/3758 
f 3752/3752/3752 3753/3753/3753 3759/3759/3759 
f 3759/3759/3759 3753/3753/3753 3760/3760/3760 
f 3753/3753/3753 3754/3754/3754 3760/3760/3760 
f 3760/3760/3760 3754/3754/3754 3761/3761/3761 
f 3754/3754/3754 3755/3755/3755 3761/3761/3761 
f 3761/3761/3761 3755/3755/3755 3762/3762/3762 
f 3755/3755/3755 3756/3756/3756 3762/3762/3762 
f 3762/3762/3762 3756/3756/3756 3763/3763/3763 
f 3756/3756/3756 3757/3757/3757 3763/3763/3763 
f 3763/3763/3763 3757/3757/3757 3764/3764/3764 
f 3757/3757/3757 3758/3758/3758 3764/3764/3764 
f 3764/3764/3764 3758/3758/3758 3765/3765/3765 
f 3759/3759/3759 3760/3760/3760 3766/3766/3766 
f 3766/3766/3766 3760/3760/3760 3767/3767/3767 
f 3760/3760/3760 3761/3761/3761 3767/3767/3767 
f 3767/3767/3767 3761/3761/3761 3768/3768/3768 
f 3761/3761/3761 3762/3762/3762 3768/3768/3768 
f 3768/3768/3768 3762/3762/3762 3769/3769/3769 
f 3762/3762/3762 3763/3763/3763 3769/3769/3769 
f 3769/3769/3769 3763/3763/3763 3770/3770/3770 
f 3763/3763/3763 3764/3764/3764 3770/3770/3770 
f 3770/3770/3770 3764/3764/3764 3771/3771/3771 
f 3764/3764/3764 3765/3765/3765 3771/3771/3771 
f 3771/3771/3771 3765/3765/3765 3772/3772/3772 
f 3773/3773/3773 3774/3774/3774 3780/3780/3780 
f 3780/3780/3780 3774/3774/3774 3781/3781/3781 
f 3774/3774/3774 3775/3775/3775 3781/3781/3781 
f 3781/3781/3781 3775/3775/3775 3782/3782/3782 
f 3775/3775/3775 3776/3776/3776 3782/3782/3782 
f 3782/3782/3782 3776/3776/3776 3783/3783/3783 
f 3776/3776/3776 3777/3777/3777 3783/3783/3783 
f 3783/3783/3783 3777/3777/3777 3784/3784/3784 
f 3777/3777/3777 3778/3778/3778 3784/3784/3784 
f 3784/3784/3784 3778/3778/3778 3785/3785/3785 
f 3778/3778/3778 3779/3779/3779 3785/3785/3785 
f 3785/3785/3785 3779/3779/3779 3786/3786/3786 
f 3780/3780/3780 3781/3781/3781 3787/3787/3787 
f 3787/3787/3787 3781/3781/3781 3788/3788/3788 
f 3781/3781/3781 3782/3782/3782 3788/3788/3788 
f 3788/3788/3788 3782/3782/3782 3789/3789/3789 
f 3782/3782/3782 3783/3783/3783 3789/3789/3789 
f 3789/3789/3789 3783/3783/3783 3790/3790/3790 
f 3783/3783/3783 3784/3784/3784 3790/3790/3790 
f 3790/3790/3790 3784/3784/3784 3791/3791/3791 
f 3784/3784/3784 3785/3785/3785 3791/3791/3791 
f 3791/3791/3791 3785/3785/3785 3792/3792/3792 
f 3785/3785/3785 3786/3786/3786 3792/3792/3792 
f 3792/3792/3792 3786/3786/3786 3793/3793/3793 
f 3787/3787/3787 3788/3788/3788 3794/3794/3794 
f 3794/3794/3794 3788/3788/3788 3795/3795/3795 
f 3788/3788/3788 3789/3789/3789 3795/3795/3795 
f 3795/3795/3795 3789/3789/3789 3796/3796/3796 
f 3789/3789/3789 3790/3790/3790 3796/3796/3796 
f 3796/3796/3796 3790/3790/3790 3797/3797/3797 
f 3790/3790/3790 3791/3791/3791 3797/3797/3797 
f 3797/3797/3797 3791/3791/3791 3798/3798/3798 
f 3791/3791/3791 3792/3792/3792 3798/3798/3798 
f 3798/3798/3798 3792/3792/3792 3799/3799/3799 
f 3792/3792/3792 3793/3793/3793 3799/3799/3799 
f 3799/3799/3799 3793/3793/3793 3800/3800/3800 
f 3794/3794/3794 3795/3795/3795 3801/3801/3801 
f 3801/3801/3801 3795/3795/3795 3802/3802/3802 
f 3795/3795/3795 3796/3796/3796 3802/3802/3802 
f 3802/3802/3802 3796/3796/3796 3803/3803/3803 
f 3796/3796/3796 3797/3797/3797 3803/3803/3803 
f 3803/3803/3803 3797/3797/3797 3804/3804/3804 
f 3797/3797/3797 3798/3798/3798 3804/3804/3804 
f 3804/3804/3804 3798/3798/3798 3805/3805/3805 
f 3798/3798/3798 3799/3799/3799 3805/3805/3805 
f 3805/3805/3805 3799/3799/3799 3806/3806/3806 
f 3799/3799/3799 3800/3800/3800 3806/3806/3806 
f 3806/3806/3806 3800/3800/3800 3807/3807/3807 
f 3801/3801/3801 3802/3802/3802 3808/3808/3808 
f 3808/3808/3808 3802/3802/3802 3809/3809/3809 
f 3802/3802/3802 3803/3803/3803 3809/3809/3809 
f 3809/3809/3809 3803/3803/3803 3810/3810/3810 
f 3803/3803/3803 3804/3804/3804 3810/3810/3810 
f 3810/3810/3810 3804/3804/3804 3811/3811/3811 
f 3804/3804/3804 3805/3805/3805 3811/3811/3811 
f 3811/3811/3811 3805/3805/3805 3812/3812/3812 
f 3805/3805/3805 3806/3806/3806 3812/3812/3812 
f 3812/3812/3812 3806/3806/3806 3813/3813/3813 
f 3806/3806/3806 3807/3807/3807 3813/3813/3813 
f 3813/3813/3813 3807/3807/3807 3814/3814/3814 
f 3808/3808/3808 3809/3809/3809 3815/3815/3815 
f 3815/3815/3815 3809/3809/3809 3816/3816/3816 
f 3809/3809/3809 3810/3810/3810 3816/3816/3816 
f 3816/3816/3816 3810/3810/3810 3817/3817/3817 
f 3810/3810/3810 3811/3811/3811 3817/3817/3817 
f 3817/3817/3817 3811/3811/3811 3818/3818/3818 
f 3811/3811/3811 3812/3812/3812 3818/3818/3818 
f 3818/3818/3818 3812/3812/3812 3819/3819/3819 
f 3812/3812/3812 3813/3813/3813 3819/3819/3819 
f 3819/3819/3819 3813/3813/3813 3820/3820/3820 
f 3813/3813/3813 3814/3814/3814 3820/3820/3820 
f 3820/3820/3820 3814/3814/3814 3821/3821/3821 
f 3822/3822/3822 3823/3823/3823 3829/3829/3829 
f 3829/3829/3829 3823/3823/3823 3830/3830/3830 
f 3823/3823/3823 3824/3824/3824 3830/3830/3830 
f 3830/3830/3830 3824/3824/3824 3831/3831/3831 
f 3824/3824/3824 3825/3825/3825 3831/3831/3831 
f 3831/3831/3831 3825/3825/3825 3832/3832/3832 
f 3825/3825/3825 3826/3826/3826 3832/3832/3832 
f 3832/3832/3832 3826/3826/3826 3833/3833/3833 
f 3826/3826/3826 3827/3827/3827 3833/3833/3833 
f 3833/3833/3833 3827/3827/3827 3834/3834/3834 
f 3827/3827/3827 3828/3828/3828 3834/3834/3834 
f 3834/3834/3834 3828/3828/3828 3835/3835/3835 
f 3829/3829/3829 3830/3830/3830 3836/3836/3836 
f 3836/3836/3836 3830/3830/3830 3837/3837/3837 
f 3830/3830/3830 3831/3831/3831 3837/3837/3837 
f 3837/3837/3837 3831/3831/3831 3838/3838/3838 
f 3831/3831/3831 3832/3832/3832 3838/3838/3838 
f 3838/3838/3838 3832/3832/3832 3839/3839/3839 
f 3832/3832/3832 3833/3833/3833 3839/3839/3839 
f 3839/3839/3839 3833/3833/3833 3840/3840/3840 
f 3833/3833/3833 3834/3834/3834 3840/3840/3840 
f 3840/3840/3840 3834/3834/3834 3841/3841/3841 
f 3834/3834/3834 3835/3835/3835 3841/3841/3841 
f 3841/3841/3841 3835/3835/3835 3842/3842/3842 
f 3836/3836/3836 3837/3837/3837 3843/3843/3843 
f 3843/3843/3843 3837/3837/3837 3844/3844/3844 
f 3837/3837/3837 3838/3838/3838 3844/3844/3844 
f 3844/3844/3844 3838/3838/3838 3845/3845/3845 
f 3838/3838/3838 3839/3839/3839 3845/3845/3845 
f 3845/3845/3845 3839/3839/3839 3846/3846/3846 
f 3839/3839/3839 3840/3840/3840 3846/3846/3846 
f 3846/3846/3846 3840/3840/3840 3847/3847/3847 
f 3840/3840/3840 3841/3841/3841 3847/3847/3847 
f 3847/3847/3847 3841/3841/3841 3848/3848/3848 
f 3841/3841/3841 3842/3842/3842 3848/3848/3848 
f 3848/3848/3848 3842/3842/3842 3849/3849/3849 
f 3843/3843/3843 3844/3844/3844 3850/3850/3850 
f 3850/3850/3850 3844/3844/3844 3851/3851/3851 
f 3844/3844/3844 3845/3845/3845 3851/3851/3851 
f 3851/3851/3851 3845/3845/3845 3852/3852/3852 
f 3845/3845/3845 3846/3846/3846 3852/3852/3852 
f 3852/3852/3852 3846/3846/3846 3853/3853/3853 
f 3846/3846/3846 3847/3847/3847 3853/3853/3853 
f 3853/3853/3853 3847/3847/3847 3854/3854/3854 
f 3847/3847/3847 3848/3848/3848 3854/3854/3854 
f 3854/3854/3854 3848/3848/3848 3855/3855/3855 
f 3848/3848/3848 3849/3849/3849 3855/3855/3855 
f 3855/3855/3855 3849/3849/3849 3856/3856/3856 
f 3850/3850/3850 3851/3851/3851 3857/3857/3857 
f 3857/3857/3857 3851/3851/3851 3858/3858/3858 
f 3851/3851/3851 3852/3852/3852 3858/3858/3858 
f 3858/3858/3858 3852/3852/3852 3859/3859/3859 
f 3852/3852/3852 3853/3853/3853 3859/3859/3859 
f 3859/3859/3859 3853/3853/3853 3860/3860/3860 
f 3853/3853/3853 3854/3854/3854 3860/3860/3860 
f 3860/3860/3860 3854/3854/3854 3861/3861/3861 
f 3854/3854/3854 3855/3855/3855 3861/3861/3861 
f 3861/3861/3861 3855/3855/3855 3862/3862/3862 
f 3855/3855/3855 3856/3856/3856 3862/3862/3862 
f 3862/3862/3862 3856/3856/3856 3863/3863/3863 
f 3857/3857/3857 3858/3858/3858 3864/3864/3864 
f 3864/3864/3864 3858/3858/3858 3865/3865/3865 
f 3858/3858/3858 3859/3859/3859 3865/3865/3865 
f 3865/3865/3865 3859/3859/3859 3866/3866/3866 
f 3859/3859/3859 3860/3860/3860 3866/3866/3866 
f 3866/3866/3866 3860/3860/3860 3867/3867/3867 
f 3860/3860/3860 3861/3861/3861 3867/3867/3867 
f 3867/3867/3867 3861/3861/3861 3868/3868/3868 
f 3861/3861/3861 3862/3862/3862 3868/3868/3868 
f 3868/3868/3868 3862/3862/3862 3869/3869/3869 
f 3862/3862/3862 3863/3863/3863 3869/3869/3869 
f 3869/3869/3869 3863/3863/3863 3870/3870/3870 

g 16

v -77.8453 477.155 -84.1547 
v -77.7208 477.279 -83.8528 
v -77.6235 477.376 -83.4588 
v -77.5858 477.414 -83 
v -77.6235 477.376 -82.5412 
v -77.7208 477.279 -82.1472 
v -77.8453 477.155 -81.8453 
v -77.7208 476.853 -84.2792 
v -77.5448 476.97 -83.9701 
v -77.3964 477.069 -83.5345 
v -77.3359 477.109 -83 
v -77.3964 477.069 -82.4655 
v -77.5448 476.97 -82.0299 
v -77.7208 476.853 -81.7208 
v -77.6235 476.459 -84.3765 
v -77.3964 476.535 -84.069 
v -77.1909 476.603 -83.603 
v -77.1026 476.632 -83 
v -77.1909 476.603 -82.397 
v -77.3964 476.535 -81.931 
v -77.6235 476.459 -81.6235 
v -77.5858 476 -84.4142 
v -77.3359 476 -84.1094 
v -77.1026 476 -83.6325 
v -77 476 -83 
v -77.1026 476 -82.3675 
v -77.3359 476 -81.8906 
v -77.5858 476 -81.5858 
v -77.6235 475.541 -84.3765 
v -77.3964 475.465 -84.069 
v -77.1909 475.397 -83.603 
v -77.1026 475.368 -83 
v -77.1909 475.397 -82.397 
v -77.3964 475.465 -81.931 
v -77.6235 475.541 -81.6235 
v -77.7208 475.147 -84.2792 
v -77.5448 475.03 -83.9701 
v -77.3964 474.931 -83.5345 
v -77.3359 474.891 -83 
v -77.3964 474.931 -82.4655 
v -77.5448 475.03 -82.0299 
v -77.7208 475.147 -81.7208 
v -77.8453 474.845 -84.1547 
v -77.7208 474.721 -83.8528 
v -77.6235 474.624 -83.4588 
v -77.5858 474.586 -83 
v -77.6235 474.624 -82.5412 
v -77.7208 474.721 -82.1472 
v -77.8453 474.845 -81.8453 
v -80.1547 477.155 -81.8453 
v -79.8528 477.279 -81.7208 
v -79.4588 477.376 -81.6235 
v -79 477.414 -81.5858 
v -78.5412 477.376 -81.6235 
v -78.1472 477.279 -81.7208 
v -77.8453 477.155 -81.8453 
v -80.2792 477.279 -82.1472 
v -79.9701 477.455 -82.0299 
v -79.5345 477.604 -81.931 
v -79 477.664 -81.8906 
v -78.4655 477.604 -81.931 
v -78.0299 477.455 -82.0299 
v -77.7208 477.279 -82.1472 
v -80.3765 477.376 -82.5412 
v -80.069 477.604 -82.4655 
v -79.603 477.809 -82.397 
v -79 477.897 -82.3675 
v -78.397 477.809 -82.397 
v -77.931 477.604 -82.4655 
v -77.6235 477.376 -82.5412 
v -80.4142 477.414 -83 
v -80.1094 477.664 -83 
v -79.6325 477.897 -83 
v -79 478 -83 
v -78.3675 477.897 -83 
v -77.8906 477.664 -83 
v -77.5858 477.414 -83 
v -80.3765 477.376 -83.4588 
v -80.069 477.604 -83.5345 
v -79.603 477.809 -83.603 
v -79 477.897 -83.6325 
v -78.397 477.809 -83.603 
v -77.931 477.604 -83.5345 
v -77.6235 477.376 -83.4588 
v -80.2792 477.279 -83.8528 
v -79.9701 477.455 -83.9701 
v -79.5345 477.604 -84.069 
v -79 477.664 -84.1094 
v -78.4655 477.604 -84.069 
v -78.0299 477.455 -83.9701 
v -77.7208 477.279 -83.8528 
v -80.1547 477.155 -84.1547 
v -79.8528 477.279 -84.2792 
v -79.4588 477.376 -84.3765 
v -79 477.414 -84.4142 
v -78.5412 477.376 -84.3765 
v -78.1472 477.279 -84.2792 
v -77.8453 477.155 -84.1547 
v -77.8453 477.155 -81.8453 
v -78.1472 477.279 -81.7208 
v -78.5412 477.376 -81.6235 
v -79 477.414 -81.5858 
v -79.4588 477.376 -81.6235 
v -79.8528 477.279 -81.7208 
v -80.1547 477.155 -81.8453 
v -77.7208 476.853 -81.7208 
v -78.0299 476.97 -81.5448 
v -78.4655 477.069 -81.3964 
v -79 477.109 -81.3359 
v -79.5345 477.069 -81.3964 
v -79.9701 476.97 -81.5448 
v -80.2792 476.853 -81.7208 
v -77.6235 476.459 -81.6235 
v -77.931 476.535 -81.3964 
v -78.397 476.603 -81.1909 
v -79 476.632 -81.1026 
v -79.603 476.603 -81.1909 
v -80.069 476.535 -81.3964 
v -80.3765 476.459 -81.6235 
v -77.5858 476 -81.5858 
v -77.8906 476 -81.3359 
v -78.3675 476 -81.1026 
v -79 476 -81 
v -79.6325 476 -81.1026 
v -80.1094 476 -81.3359 
v -80.4142 476 -81.5858 
v -77.6235 475.541 -81.6235 
v -77.931 475.465 -81.3964 
v -78.397 475.397 -81.1909 
v -79 475.368 -81.1026 
v -79.603 475.397 -81.1909 
v -80.069 475.465 -81.3964 
v -80.3765 475.541 -81.6235 
v -77.7208 475.147 -81.7208 
v -78.0299 475.03 -81.5448 
v -78.4655 474.931 -81.3964 
v -79 474.891 -81.3359 
v -79.5345 474.931 -81.3964 
v -79.9701 475.03 -81.5448 
v -80.2792 475.147 -81.7208 
v -77.8453 474.845 -81.8453 
v -78.1472 474.721 -81.7208 
v -78.5412 474.624 -81.6235 
v -79 474.586 -81.5858 
v -79.4588 474.624 -81.6235 
v -79.8528 474.721 -81.7208 
v -80.1547 474.845 -81.8453 
v -80.1547 477.155 -81.8453 
v -80.2792 477.279 -82.1472 
v -80.3765 477.376 -82.5412 
v -80.4142 477.414 -83 
v -80.3765 477.376 -83.4588 
v -80.2792 477.279 -83.8528 
v -80.1547 477.155 -84.1547 
v -80.2792 476.853 -81.7208 
v -80.4552 476.97 -82.0299 
v -80.6036 477.069 -82.4655 
v -80.6641 477.109 -83 
v -80.6036 477.069 -83.5345 
v -80.4552 476.97 -83.9701 
v -80.2792 476.853 -84.2792 
v -80.3765 476.459 -81.6235 
v -80.6036 476.535 -81.931 
v -80.8091 476.603 -82.397 
v -80.8974 476.632 -83 
v -80.8091 476.603 -83.603 
v -80.6036 476.535 -84.069 
v -80.3765 476.459 -84.3765 
v -80.4142 476 -81.5858 
v -80.6641 476 -81.8906 
v -80.8974 476 -82.3675 
v -81 476 -83 
v -80.8974 476 -83.6325 
v -80.6641 476 -84.1094 
v -80.4142 476 -84.4142 
v -80.3765 475.541 -81.6235 
v -80.6036 475.465 -81.931 
v -80.8091 475.397 -82.397 
v -80.8974 475.368 -83 
v -80.8091 475.397 -83.603 
v -80.6036 475.465 -84.069 
v -80.3765 475.541 -84.3765 
v -80.2792 475.147 -81.7208 
v -80.4552 475.03 -82.0299 
v -80.6036 474.931 -82.4655 
v -80.6641 474.891 -83 
v -80.6036 474.931 -83.5345 
v -80.4552 475.03 -83.9701 
v -80.2792 475.147 -84.2792 
v -80.1547 474.845 -81.8453 
v -80.2792 474.721 -82.1472 
v -80.3765 474.624 -82.5412 
v -80.4142 474.586 -83 
v -80.3765 474.624 -83.4588 
v -80.2792 474.721 -83.8528 
v -80.1547 474.845 -84.1547 
v -80.1547 474.845 -84.1547 
v -79.8528 474.721 -84.2792 
v -79.4588 474.624 -84.3765 
v -79 474.586 -84.4142 
v -78.5412 474.624 -84.3765 
v -78.1472 474.721 -84.2792 
v -77.8453 474.845 -84.1547 
v -80.2792 474.721 -83.8528 
v -79.9701 474.545 -83.9701 
v -79.5345 474.396 -84.069 
v -79 474.336 -84.1094 
v -78.4655 474.396 -84.069 
v -78.0299 474.545 -83.9701 
v -77.7208 474.721 -83.8528 
v -80.3765 474.624 -83.4588 
v -80.069 474.396 -83.5345 
v -79.603 474.191 -83.603 
v -79 474.103 -83.6325 
v -78.397 474.191 -83.603 
v -77.931 474.396 -83.5345 
v -77.6235 474.624 -83.4588 
v -80.4142 474.586 -83 
v -80.1094 474.336 -83 
v -79.6325 474.103 -83 
v -79 474 -83 
v -78.3675 474.103 -83 
v -77.8906 474.336 -83 
v -77.5858 474.586 -83 
v -80.3765 474.624 -82.5412 
v -80.069 474.396 -82.4655 
v -79.603 474.191 -82.397 
v -79 474.103 -82.3675 
v -78.397 474.191 -82.397 
v -77.931 474.396 -82.4655 
v -77.6235 474.624 -82.5412 
v -80.2792 474.721 -82.1472 
v -79.9701 474.545 -82.0299 
v -79.5345 474.396 -81.931 
v -79 474.336 -81.8906 
v -78.4655 474.396 -81.931 
v -78.0299 474.545 -82.0299 
v -77.7208 474.721 -82.1472 
v -80.1547 474.845 -81.8453 
v -79.8528 474.721 -81.7208 
v -79.4588 474.624 -81.6235 
v -79 474.586 -81.5858 
v -78.5412 474.624 -81.6235 
v -78.1472 474.721 -81.7208 
v -77.8453 474.845 -81.8453 
v -80.1547 477.155 -84.1547 
v -79.8528 477.279 -84.2792 
v -79.4588 477.376 -84.3765 
v -79 477.414 -84.4142 
v -78.5412 477.376 -84.3765 
v -78.1472 477.279 -84.2792 
v -77.8453 477.155 -84.1547 
v -80.2792 476.853 -84.2792 
v -79.9701 476.97 -84.4552 
v -79.5345 477.069 -84.6036 
v -79 477.109 -84.6641 
v -78.4655 477.069 -84.6036 
v -78.0299 476.97 -84.4552 
v -77.7208 476.853 -84.2792 
v -80.3765 476.459 -84.3765 
v -80.069 476.535 -84.6036 
v -79.603 476.603 -84.8091 
v -79 476.632 -84.8974 
v -78.397 476.603 -84.8091 
v -77.931 476.535 -84.6036 
v -77.6235 476.459 -84.3765 
v -80.4142 476 -84.4142 
v -80.1094 476 -84.6641 
v -79.6325 476 -84.8974 
v -79 476 -85 
v -78.3675 476 -84.8974 
v -77.8906 476 -84.6641 
v -77.5858 476 -84.4142 
v -80.3765 475.541 -84.3765 
v -80.069 475.465 -84.6036 
v -79.603 475.397 -84.8091 
v -79 475.368 -84.8974 
v -78.397 475.397 -84.8091 
v -77.931 475.465 -84.6036 
v -77.6235 475.541 -84.3765 
v -80.2792 475.147 -84.2792 
v -79.9701 475.03 -84.4552 
v -79.5345 474.931 -84.6036 
v -79 474.891 -84.6641 
v -78.4655 474.931 -84.6036 
v -78.0299 475.03 -84.4552 
v -77.7208 475.147 -84.2792 
v -80.1547 474.845 -84.1547 
v -79.8528 474.721 -84.2792 
v -79.4588 474.624 -84.3765 
v -79 474.586 -84.4142 
v -78.5412 474.624 -84.3765 
v -78.1472 474.721 -84.2792 
v -77.8453 474.845 -84.1547 

vn 0.574803 0.574803 -0.574803 
vn 0.637795 0.637795 -0.425197 
vn 0.685039 0.685039 -0.228346 
vn 0.708661 0.708661 0 
vn 0.685039 0.685039 0.228346 
vn 0.637795 0.637795 0.425197 
vn 0.574803 0.574803 0.574803 
vn 0.637795 0.425197 -0.637795 
vn 0.724409 0.488189 -0.488189 
vn 0.80315 0.535433 -0.267717 
vn 0.834646 0.551181 0 
vn 0.80315 0.535433 0.267717 
vn 0.724409 0.488189 0.488189 
vn 0.637795 0.425197 0.637795 
vn 0.685039 0.228346 -0.685039 
vn 0.80315 0.267717 -0.535433 
vn 0.905512 0.299213 -0.299213 
vn 0.944882 0.314961 0 
vn 0.905512 0.299213 0.299213 
vn 0.80315 0.267717 0.535433 
vn 0.685039 0.228346 0.685039 
vn 0.708661 0 -0.708661 
vn 0.834646 0 -0.551181 
vn 0.944882 0 -0.314961 
vn 1 0 0 
vn 0.944882 0 0.314961 
vn 0.834646 0 0.551181 
vn 0.708661 0 0.708661 
vn 0.685039 -0.228346 -0.685039 
vn 0.80315 -0.267717 -0.535433 
vn 0.905512 -0.299213 -0.299213 
vn 0.944882 -0.314961 0 
vn 0.905512 -0.299213 0.299213 
vn 0.80315 -0.267717 0.535433 
vn 0.685039 -0.228346 0.685039 
vn 0.637795 -0.425197 -0.637795 
vn 0.724409 -0.488189 -0.488189 
vn 0.80315 -0.535433 -0.267717 
vn 0.834646 -0.551181 0 
vn 0.80315 -0.535433 0.267717 
vn 0.724409 -0.488189 0.488189 
vn 0.637795 -0.425197 0.637795 
vn 0.574803 -0.574803 -0.574803 
vn 0.637795 -0.637795 -0.425197 
vn 0.685039 -0.685039 -0.228346 
vn 0.708661 -0.708661 0 
vn 0.685039 -0.685039 0.228346 
vn 0.637795 -0.637795 0.425197 
vn 0.574803 -0.574803 0.574803 
vn -0.574803 0.574803 0.574803 
vn -0.425197 0.637795 0.637795 
vn -0.228346 0.685039 0.685039 
vn 0 0.708661 0.708661 
vn 0.228346 0.685039 0.685039 
vn 0.425197 0.637795 0.637795 
vn 0.574803 0.574803 0.574803 
vn -0.637795 0.637795 0.425197 
vn -0.488189 0.724409 0.488189 
vn -0.267717 0.80315 0.535433 
vn 0 0.834646 0.551181 
vn 0.267717 0.80315 0.535433 
vn 0.488189 0.724409 0.488189 
vn 0.637795 0.637795 0.425197 
vn -0.685039 0.685039 0.228346 
vn -0.535433 0.80315 0.267717 
vn -0.299213 0.905512 0.299213 
vn 0 0.944882 0.314961 
vn 0.299213 0.905512 0.299213 
vn 0.535433 0.80315 0.267717 
vn 0.685039 0.685039 0.228346 
vn -0.708661 0.708661 0 
vn -0.551181 0.834646 0 
vn -0.314961 0.944882 0 
vn 0 1 0 
vn 0.314961 0.944882 0 
vn 0.551181 0.834646 0 
vn 0.708661 0.708661 0 
vn -0.685039 0.685039 -0.228346 
vn -0.535433 0.80315 -0.267717 
vn -0.299213 0.905512 -0.299213 
vn 0 0.944882 -0.314961 
vn 0.299213 0.905512 -0.299213 
vn 0.535433 0.80315 -0.267717 
vn 0.685039 0.685039 -0.228346 
vn -0.637795 0.637795 -0.425197 
vn -0.488189 0.724409 -0.488189 
vn -0.267717 0.80315 -0.535433 
vn 0 0.834646 -0.551181 
vn 0.267717 0.80315 -0.535433 
vn 0.488189 0.724409 -0.488189 
vn 0.637795 0.637795 -0.425197 
vn -0.574803 0.574803 -0.574803 
vn -0.425197 0.637795 -0.637795 
vn -0.228346 0.685039 -0.685039 
vn 0 0.708661 -0.708661 
vn 0.228346 0.685039 -0.685039 
vn 0.425197 0.637795 -0.637795 
vn 0.574803 0.574803 -0.574803 
vn 0.574803 0.574803 0.574803 
vn 0.425197 0.637795 0.637795 
vn 0.228346 0.685039 0.685039 
vn 0 0.708661 0.708661 
vn -0.228346 0.685039 0.685039 
vn -0.425197 0.637795 0.637795 
vn -0.574803 0.574803 0.574803 
vn 0.637795 0.425197 0.637795 
vn 0.488189 0.488189 0.724409 
vn 0.267717 0.535433 0.80315 
vn 0 0.551181 0.834646 
vn -0.267717 0.535433 0.80315 
vn -0.488189 0.488189 0.724409 
vn -0.637795 0.425197 0.637795 
vn 0.685039 0.228346 0.685039 
vn 0.535433 0.267717 0.80315 
vn 0.299213 0.299213 0.905512 
vn 0 0.314961 0.944882 
vn -0.299213 0.299213 0.905512 
vn -0.535433 0.267717 0.80315 
vn -0.685039 0.228346 0.685039 
vn 0.708661 0 0.708661 
vn 0.551181 0 0.834646 
vn 0.314961 0 0.944882 
vn 0 0 1 
vn -0.314961 0 0.944882 
vn -0.551181 0 0.834646 
vn -0.708661 0 0.708661 
vn 0.685039 -0.228346 0.685039 
vn 0.535433 -0.267717 0.80315 
vn 0.299213 -0.299213 0.905512 
vn 0 -0.314961 0.944882 
vn -0.299213 -0.299213 0.905512 
vn -0.535433 -0.267717 0.80315 
vn -0.685039 -0.228346 0.685039 
vn 0.637795 -0.425197 0.637795 
vn 0.488189 -0.488189 0.724409 
vn 0.267717 -0.535433 0.80315 
vn 0 -0.551181 0.834646 
vn -0.267717 -0.535433 0.80315 
vn -0.488189 -0.488189 0.724409 
vn -0.637795 -0.425197 0.637795 
vn 0.574803 -0.574803 0.574803 
vn 0.425197 -0.637795 0.637795 
vn 0.228346 -0.685039 0.685039 
vn 0 -0.708661 0.708661 
vn -0.228346 -0.685039 0.685039 
vn -0.425197 -0.637795 0.637795 
vn -0.574803 -0.574803 0.574803 
vn -0.574803 0.574803 0.574803 
vn -0.637795 0.637795 0.425197 
vn -0.685039 0.685039 0.228346 
vn -0.708661 0.708661 0 
vn -0.685039 0.685039 -0.228346 
vn -0.637795 0.637795 -0.425197 
vn -0.574803 0.574803 -0.574803 
vn -0.637795 0.425197 0.637795 
vn -0.724409 0.488189 0.488189 
vn -0.80315 0.535433 0.267717 
vn -0.834646 0.551181 0 
vn -0.80315 0.535433 -0.267717 
vn -0.724409 0.488189 -0.488189 
vn -0.637795 0.425197 -0.637795 
vn -0.685039 0.228346 0.685039 
vn -0.80315 0.267717 0.535433 
vn -0.905512 0.299213 0.299213 
vn -0.944882 0.314961 0 
vn -0.905512 0.299213 -0.299213 
vn -0.80315 0.267717 -0.535433 
vn -0.685039 0.228346 -0.685039 
vn -0.708661 0 0.708661 
vn -0.834646 0 0.551181 
vn -0.944882 0 0.314961 
vn -1 0 0 
vn -0.944882 0 -0.314961 
vn -0.834646 0 -0.551181 
vn -0.708661 0 -0.708661 
vn -0.685039 -0.228346 0.685039 
vn -0.80315 -0.267717 0.535433 
vn -0.905512 -0.299213 0.299213 
vn -0.944882 -0.314961 0 
vn -0.905512 -0.299213 -0.299213 
vn -0.80315 -0.267717 -0.535433 
vn -0.685039 -0.228346 -0.685039 
vn -0.637795 -0.425197 0.637795 
vn -0.724409 -0.488189 0.488189 
vn -0.80315 -0.535433 0.267717 
vn -0.834646 -0.551181 0 
vn -0.80315 -0.535433 -0.267717 
vn -0.724409 -0.488189 -0.488189 
vn -0.637795 -0.425197 -0.637795 
vn -0.574803 -0.574803 0.574803 
vn -0.637795 -0.637795 0.425197 
vn -0.685039 -0.685039 0.228346 
vn -0.708661 -0.708661 0 
vn -0.685039 -0.685039 -0.228346 
vn -0.637795 -0.637795 -0.425197 
vn -0.574803 -0.574803 -0.574803 
vn -0.574803 -0.574803 -0.574803 
vn -0.425197 -0.637795 -0.637795 
vn -0.228346 -0.685039 -0.685039 
vn 0 -0.708661 -0.708661 
vn 0.228346 -0.685039 -0.685039 
vn 0.425197 -0.637795 -0.637795 
vn 0.574803 -0.574803 -0.574803 
vn -0.637795 -0.637795 -0.425197 
vn -0.488189 -0.724409 -0.488189 
vn -0.267717 -0.80315 -0.535433 
vn 0 -0.834646 -0.551181 
vn 0.267717 -0.80315 -0.535433 
vn 0.488189 -0.724409 -0.488189 
vn 0.637795 -0.637795 -0.425197 
vn -0.685039 -0.685039 -0.228346 
vn -0.535433 -0.80315 -0.267717 
vn -0.299213 -0.905512 -0.299213 
vn 0 -0.944882 -0.314961 
vn 0.299213 -0.905512 -0.299213 
vn 0.535433 -0.80315 -0.267717 
vn 0.685039 -0.685039 -0.228346 
vn -0.708661 -0.708661 0 
vn -0.551181 -0.834646 0 
vn -0.314961 -0.944882 0 
vn 0 -1 0 
vn 0.314961 -0.944882 0 
vn 0.551181 -0.834646 0 
vn 0.708661 -0.708661 0 
vn -0.685039 -0.685039 0.228346 
vn -0.535433 -0.80315 0.267717 
vn -0.299213 -0.905512 0.299213 
vn 0 -0.944882 0.314961 
vn 0.299213 -0.905512 0.299213 
vn 0.535433 -0.80315 0.267717 
vn 0.685039 -0.685039 0.228346 
vn -0.637795 -0.637795 0.425197 
vn -0.488189 -0.724409 0.488189 
vn -0.267717 -0.80315 0.535433 
vn 0 -0.834646 0.551181 
vn 0.267717 -0.80315 0.535433 
vn 0.488189 -0.724409 0.488189 
vn 0.637795 -0.637795 0.425197 
vn -0.574803 -0.574803 0.574803 
vn -0.425197 -0.637795 0.637795 
vn -0.228346 -0.685039 0.685039 
vn 0 -0.708661 0.708661 
vn 0.228346 -0.685039 0.685039 
vn 0.425197 -0.637795 0.637795 
vn 0.574803 -0.574803 0.574803 
vn -0.574803 0.574803 -0.574803 
vn -0.425197 0.637795 -0.637795 
vn -0.228346 0.685039 -0.685039 
vn 0 0.708661 -0.708661 
vn 0.228346 0.685039 -0.685039 
vn 0.425197 0.637795 -0.637795 
vn 0.574803 0.574803 -0.574803 
vn -0.637795 0.425197 -0.637795 
vn -0.488189 0.488189 -0.724409 
vn -0.267717 0.535433 -0.80315 
vn 0 0.551181 -0.834646 
vn 0.267717 0.535433 -0.80315 
vn 0.488189 0.488189 -0.724409 
vn 0.637795 0.425197 -0.637795 
vn -0.685039 0.228346 -0.685039 
vn -0.535433 0.267717 -0.80315 
vn -0.299213 0.299213 -0.905512 
vn 0 0.314961 -0.944882 
vn 0.299213 0.299213 -0.905512 
vn 0.535433 0.267717 -0.80315 
vn 0.685039 0.228346 -0.685039 
vn -0.708661 0 -0.708661 
vn -0.551181 0 -0.834646 
vn -0.314961 0 -0.944882 
vn 0 0 -1 
vn 0.314961 0 -0.944882 
vn 0.551181 0 -0.834646 
vn 0.708661 0 -0.708661 
vn -0.685039 -0.228346 -0.685039 
vn -0.535433 -0.267717 -0.80315 
vn -0.299213 -0.299213 -0.905512 
vn 0 -0.314961 -0.944882 
vn 0.299213 -0.299213 -0.905512 
vn 0.535433 -0.267717 -0.80315 
vn 0.685039 -0.228346 -0.685039 
vn -0.637795 -0.425197 -0.637795 
vn -0.488189 -0.488189 -0.724409 
vn -0.267717 -0.535433 -0.80315 
vn 0 -0.551181 -0.834646 
vn 0.267717 -0.535433 -0.80315 
vn 0.488189 -0.488189 -0.724409 
vn 0.637795 -0.425197 -0.637795 
vn -0.574803 -0.574803 -0.574803 
vn -0.425197 -0.637795 -0.637795 
vn -0.228346 -0.685039 -0.685039 
vn 0 -0.708661 -0.708661 
vn 0.228346 -0.685039 -0.685039 
vn 0.425197 -0.637795 -0.637795 
vn 0.574803 -0.574803 -0.574803 

vt 6.16323 -4.37414 
vt 5.49656 -4.37414 
vt 4.82989 -4.37414 
vt 4.16323 -4.37414 
vt 3.49656 -4.37414 
vt 2.82989 -4.37414 
vt 2.16323 -4.37414 
vt 6.16323 -5.04081 
vt 5.49656 -5.04081 
vt 4.82989 -5.04081 
vt 4.16323 -5.04081 
vt 3.49656 -5.04081 
vt 2.82989 -5.04081 
vt 2.16323 -5.04081 
vt 6.16323 -5.70747 
vt 5.49656 -5.70747 
vt 4.82989 -5.70747 
vt 4.16323 -5.70747 
vt 3.49656 -5.70747 
vt 2.82989 -5.70747 
vt 2.16323 -5.70747 
vt 6.16323 -6.37414 
vt 5.49656 -6.37414 
vt 4.82989 -6.37414 
vt 4.16323 -6.37414 
vt 3.49656 -6.37414 
vt 2.82989 -6.37414 
vt 2.16323 -6.37414 
vt 6.16323 -7.04081 
vt 5.49656 -7.04081 
vt 4.82989 -7.04081 
vt 4.16323 -7.04081 
vt 3.49656 -7.04081 
vt 2.82989 -7.04081 
vt 2.16323 -7.04081 
vt 6.16323 -7.70747 
vt 5.49656 -7.70747 
vt 4.82989 -7.70747 
vt 4.16323 -7.70747 
vt 3.49656 -7.70747 
vt 2.82989 -7.70747 
vt 2.16323 -7.70747 
vt 6.16323 -8.37414 
vt 5.49656 -8.37414 
vt 4.82989 -8.37414 
vt 4.16323 -8.37414 
vt 3.49656 -8.37414 
vt 2.82989 -8.37414 
vt 2.16323 -8.37414 
vt 6.16323 -4.37414 
vt 5.49656 -4.37414 
vt 4.82989 -4.37414 
vt 4.16323 -4.37414 
vt 3.49656 -4.37414 
vt 2.82989 -4.37414 
vt 2.16323 -4.37414 
vt 6.16323 -5.04081 
vt 5.49656 -5.04081 
vt 4.82989 -5.04081 
vt 4.16323 -5.04081 
vt 3.49656 -5.04081 
vt 2.82989 -5.04081 
vt 2.16323 -5.04081 
vt 6.16323 -5.70747 
vt 5.49656 -5.70747 
vt 4.82989 -5.70747 
vt 4.16323 -5.70747 
vt 3.49656 -5.70747 
vt 2.82989 -5.70747 
vt 2.16323 -5.70747 
vt 6.16323 -6.37414 
vt 5.49656 -6.37414 
vt 4.82989 -6.37414 
vt 4.16323 -6.37414 
vt 3.49656 -6.37414 
vt 2.82989 -6.37414 
vt 2.16323 -6.37414 
vt 6.16323 -7.04081 
vt 5.49656 -7.04081 
vt 4.82989 -7.04081 
vt 4.16323 -7.04081 
vt 3.49656 -7.04081 
vt 2.82989 -7.04081 
vt 2.16323 -7.04081 
vt 6.16323 -7.70747 
vt 5.49656 -7.70747 
vt 4.82989 -7.70747 
vt 4.16323 -7.70747 
vt 3.49656 -7.70747 
vt 2.82989 -7.70747 
vt 2.16323 -7.70747 
vt 6.16323 -8.37414 
vt 5.49656 -8.37414 
vt 4.82989 -8.37414 
vt 4.16323 -8.37414 
vt 3.49656 -8.37414 
vt 2.82989 -8.37414 
vt 2.16323 -8.37414 
vt 6.16323 -4.37414 
vt 5.49656 -4.37414 
vt 4.82989 -4.37414 
vt 4.16323 -4.37414 
vt 3.49656 -4.37414 
vt 2.82989 -4.37414 
vt 2.16323 -4.37414 
vt 6.16323 -5.04081 
vt 5.49656 -5.04081 
vt 4.82989 -5.04081 
vt 4.16323 -5.04081 
vt 3.49656 -5.04081 
vt 2.82989 -5.04081 
vt 2.16323 -5.04081 
vt 6.16323 -5.70747 
vt 5.49656 -5.70747 
vt 4.82989 -5.70747 
vt 4.16323 -5.70747 
vt 3.49656 -5.70747 
vt 2.82989 -5.70747 
vt 2.16323 -5.70747 
vt 6.16323 -6.37414 
vt 5.49656 -6.37414 
vt 4.82989 -6.37414 
vt 4.16323 -6.37414 
vt 3.49656 -6.37414 
vt 2.82989 -6.37414 
vt 2.16323 -6.37414 
vt 6.16323 -7.04081 
vt 5.49656 -7.04081 
vt 4.82989 -7.04081 
vt 4.16323 -7.04081 
vt 3.49656 -7.04081 
vt 2.82989 -7.04081 
vt 2.16323 -7.04081 
vt 6.16323 -7.70747 
vt 5.49656 -7.70747 
vt 4.82989 -7.70747 
vt 4.16323 -7.70747 
vt 3.49656 -7.70747 
vt 2.82989 -7.70747 
vt 2.16323 -7.70747 
vt 6.16323 -8.37414 
vt 5.49656 -8.37414 
vt 4.82989 -8.37414 
vt 4.16323 -8.37414 
vt 3.49656 -8.37414 
vt 2.82989 -8.37414 
vt 2.16323 -8.37414 
vt 6.16323 -4.37414 
vt 5.49656 -4.37414 
vt 4.82989 -4.37414 
vt 4.16323 -4.37414 
vt 3.49656 -4.37414 
vt 2.82989 -4.37414 
vt 2.16323 -4.37414 
vt 6.16323 -5.04081 
vt 5.49656 -5.04081 
vt 4.82989 -5.04081 
vt 4.16323 -5.04081 
vt 3.49656 -5.04081 
vt 2.82989 -5.04081 
vt 2.16323 -5.04081 
vt 6.16323 -5.70747 
vt 5.49656 -5.70747 
vt 4.82989 -5.70747 
vt 4.16323 -5.70747 
vt 3.49656 -5.70747 
vt 2.82989 -5.70747 
vt 2.16323 -5.70747 
vt 6.16323 -6.37414 
vt 5.49656 -6.37414 
vt 4.82989 -6.37414 
vt 4.16323 -6.37414 
vt 3.49656 -6.37414 
vt 2.82989 -6.37414 
vt 2.16323 -6.37414 
vt 6.16323 -7.04081 
vt 5.49656 -7.04081 
vt 4.82989 -7.04081 
vt 4.16323 -7.04081 
vt 3.49656 -7.04081 
vt 2.82989 -7.04081 
vt 2.16323 -7.04081 
vt 6.16323 -7.70747 
vt 5.49656 -7.70747 
vt 4.82989 -7.70747 
vt 4.16323 -7.70747 
vt 3.49656 -7.70747 
vt 2.82989 -7.70747 
vt 2.16323 -7.70747 
vt 6.16323 -8.37414 
vt 5.49656 -8.37414 
vt 4.82989 -8.37414 
vt 4.16323 -8.37414 
vt 3.49656 -8.37414 
vt 2.82989 -8.37414 
vt 2.16323 -8.37414 
vt 6.16323 -4.37414 
vt 5.49656 -4.37414 
vt 4.82989 -4.37414 
vt 4.16323 -4.37414 
vt 3.49656 -4.37414 
vt 2.82989 -4.37414 
vt 2.16323 -4.37414 
vt 6.16323 -5.04081 
vt 5.49656 -5.04081 
vt 4.82989 -5.04081 
vt 4.16323 -5.04081 
vt 3.49656 -5.04081 
vt 2.82989 -5.04081 
vt 2.16323 -5.04081 
vt 6.16323 -5.70747 
vt 5.49656 -5.70747 
vt 4.82989 -5.70747 
vt 4.16323 -5.70747 
vt 3.49656 -5.70747 
vt 2.82989 -5.70747 
vt 2.16323 -5.70747 
vt 6.16323 -6.37414 
vt 5.49656 -6.37414 
vt 4.82989 -6.37414 
vt 4.16323 -6.37414 
vt 3.49656 -6.37414 
vt 2.82989 -6.37414 
vt 2.16323 -6.37414 
vt 6.16323 -7.04081 
vt 5.49656 -7.04081 
vt 4.82989 -7.04081 
vt 4.16323 -7.04081 
vt 3.49656 -7.04081 
vt 2.82989 -7.04081 
vt 2.16323 -7.04081 
vt 6.16323 -7.70747 
vt 5.49656 -7.70747 
vt 4.82989 -7.70747 
vt 4.16323 -7.70747 
vt 3.49656 -7.70747 
vt 2.82989 -7.70747 
vt 2.16323 -7.70747 
vt 6.16323 -8.37414 
vt 5.49656 -8.37414 
vt 4.82989 -8.37414 
vt 4.16323 -8.37414 
vt 3.49656 -8.37414 
vt 2.82989 -8.37414 
vt 2.16323 -8.37414 
vt 6.16323 -4.37414 
vt 5.49656 -4.37414 
vt 4.82989 -4.37414 
vt 4.16323 -4.37414 
vt 3.49656 -4.37414 
vt 2.82989 -4.37414 
vt 2.16323 -4.37414 
vt 6.16323 -5.04081 
vt 5.49656 -5.04081 
vt 4.82989 -5.04081 
vt 4.16323 -5.04081 
vt 3.49656 -5.04081 
vt 2.82989 -5.04081 
vt 2.16323 -5.04081 
vt 6.16323 -5.70747 
vt 5.49656 -5.70747 
vt 4.82989 -5.70747 
vt 4.16323 -5.70747 
vt 3.49656 -5.70747 
vt 2.82989 -5.70747 
vt 2.16323 -5.70747 
vt 6.16323 -6.37414 
vt 5.49656 -6.37414 
vt 4.82989 -6.37414 
vt 4.16323 -6.37414 
vt 3.49656 -6.37414 
vt 2.82989 -6.37414 
vt 2.16323 -6.37414 
vt 6.16323 -7.04081 
vt 5.49656 -7.04081 
vt 4.82989 -7.04081 
vt 4.16323 -7.04081 
vt 3.49656 -7.04081 
vt 2.82989 -7.04081 
vt 2.16323 -7.04081 
vt 6.16323 -7.70747 
vt 5.49656 -7.70747 
vt 4.82989 -7.70747 
vt 4.16323 -7.70747 
vt 3.49656 -7.70747 
vt 2.82989 -7.70747 
vt 2.16323 -7.70747 
vt 6.16323 -8.37414 
vt 5.49656 -8.37414 
vt 4.82989 -8.37414 
vt 4.16323 -8.37414 
vt 3.49656 -8.37414 
vt 2.82989 -8.37414 
vt 2.16323 -8.37414 

usemtl 11Mtl

f 3871/3871/3871 3872/3872/3872 3878/3878/3878 
f 3878/3878/3878 3872/3872/3872 3879/3879/3879 
f 3872/3872/3872 3873/3873/3873 3879/3879/3879 
f 3879/3879/3879 3873/3873/3873 3880/3880/3880 
f 3873/3873/3873 3874/3874/3874 3880/3880/3880 
f 3880/3880/3880 3874/3874/3874 3881/3881/3881 
f 3874/3874/3874 3875/3875/3875 3881/3881/3881 
f 3881/3881/3881 3875/3875/3875 3882/3882/3882 
f 3875/3875/3875 3876/3876/3876 3882/3882/3882 
f 3882/3882/3882 3876/3876/3876 3883/3883/3883 
f 3876/3876/3876 3877/3877/3877 3883/3883/3883 
f 3883/3883/3883 3877/3877/3877 3884/3884/3884 
f 3878/3878/3878 3879/3879/3879 3885/3885/3885 
f 3885/3885/3885 3879/3879/3879 3886/3886/3886 
f 3879/3879/3879 3880/3880/3880 3886/3886/3886 
f 3886/3886/3886 3880/3880/3880 3887/3887/3887 
f 3880/3880/3880 3881/3881/3881 3887/3887/3887 
f 3887/3887/3887 3881/3881/3881 3888/3888/3888 
f 3881/3881/3881 3882/3882/3882 3888/3888/3888 
f 3888/3888/3888 3882/3882/3882 3889/3889/3889 
f 3882/3882/3882 3883/3883/3883 3889/3889/3889 
f 3889/3889/3889 3883/3883/3883 3890/3890/3890 
f 3883/3883/3883 3884/3884/3884 3890/3890/3890 
f 3890/3890/3890 3884/3884/3884 3891/3891/3891 
f 3885/3885/3885 3886/3886/3886 3892/3892/3892 
f 3892/3892/3892 3886/3886/3886 3893/3893/3893 
f 3886/3886/3886 3887/3887/3887 3893/3893/3893 
f 3893/3893/3893 3887/3887/3887 3894/3894/3894 
f 3887/3887/3887 3888/3888/3888 3894/3894/3894 
f 3894/3894/3894 3888/3888/3888 3895/3895/3895 
f 3888/3888/3888 3889/3889/3889 3895/3895/3895 
f 3895/3895/3895 3889/3889/3889 3896/3896/3896 
f 3889/3889/3889 3890/3890/3890 3896/3896/3896 
f 3896/3896/3896 3890/3890/3890 3897/3897/3897 
f 3890/3890/3890 3891/3891/3891 3897/3897/3897 
f 3897/3897/3897 3891/3891/3891 3898/3898/3898 
f 3892/3892/3892 3893/3893/3893 3899/3899/3899 
f 3899/3899/3899 3893/3893/3893 3900/3900/3900 
f 3893/3893/3893 3894/3894/3894 3900/3900/3900 
f 3900/3900/3900 3894/3894/3894 3901/3901/3901 
f 3894/3894/3894 3895/3895/3895 3901/3901/3901 
f 3901/3901/3901 3895/3895/3895 3902/3902/3902 
f 3895/3895/3895 3896/3896/3896 3902/3902/3902 
f 3902/3902/3902 3896/3896/3896 3903/3903/3903 
f 3896/3896/3896 3897/3897/3897 3903/3903/3903 
f 3903/3903/3903 3897/3897/3897 3904/3904/3904 
f 3897/3897/3897 3898/3898/3898 3904/3904/3904 
f 3904/3904/3904 3898/3898/3898 3905/3905/3905 
f 3899/3899/3899 3900/3900/3900 3906/3906/3906 
f 3906/3906/3906 3900/3900/3900 3907/3907/3907 
f 3900/3900/3900 3901/3901/3901 3907/3907/3907 
f 3907/3907/3907 3901/3901/3901 3908/3908/3908 
f 3901/3901/3901 3902/3902/3902 3908/3908/3908 
f 3908/3908/3908 3902/3902/3902 3909/3909/3909 
f 3902/3902/3902 3903/3903/3903 3909/3909/3909 
f 3909/3909/3909 3903/3903/3903 3910/3910/3910 
f 3903/3903/3903 3904/3904/3904 3910/3910/3910 
f 3910/3910/3910 3904/3904/3904 3911/3911/3911 
f 3904/3904/3904 3905/3905/3905 3911/3911/3911 
f 3911/3911/3911 3905/3905/3905 3912/3912/3912 
f 3906/3906/3906 3907/3907/3907 3913/3913/3913 
f 3913/3913/3913 3907/3907/3907 3914/3914/3914 
f 3907/3907/3907 3908/3908/3908 3914/3914/3914 
f 3914/3914/3914 3908/3908/3908 3915/3915/3915 
f 3908/3908/3908 3909/3909/3909 3915/3915/3915 
f 3915/3915/3915 3909/3909/3909 3916/3916/3916 
f 3909/3909/3909 3910/3910/3910 3916/3916/3916 
f 3916/3916/3916 3910/3910/3910 3917/3917/3917 
f 3910/3910/3910 3911/3911/3911 3917/3917/3917 
f 3917/3917/3917 3911/3911/3911 3918/3918/3918 
f 3911/3911/3911 3912/3912/3912 3918/3918/3918 
f 3918/3918/3918 3912/3912/3912 3919/3919/3919 
f 3920/3920/3920 3921/3921/3921 3927/3927/3927 
f 3927/3927/3927 3921/3921/3921 3928/3928/3928 
f 3921/3921/3921 3922/3922/3922 3928/3928/3928 
f 3928/3928/3928 3922/3922/3922 3929/3929/3929 
f 3922/3922/3922 3923/3923/3923 3929/3929/3929 
f 3929/3929/3929 3923/3923/3923 3930/3930/3930 
f 3923/3923/3923 3924/3924/3924 3930/3930/3930 
f 3930/3930/3930 3924/3924/3924 3931/3931/3931 
f 3924/3924/3924 3925/3925/3925 3931/3931/3931 
f 3931/3931/3931 3925/3925/3925 3932/3932/3932 
f 3925/3925/3925 3926/3926/3926 3932/3932/3932 
f 3932/3932/3932 3926/3926/3926 3933/3933/3933 
f 3927/3927/3927 3928/3928/3928 3934/3934/3934 
f 3934/3934/3934 3928/3928/3928 3935/3935/3935 
f 3928/3928/3928 3929/3929/3929 3935/3935/3935 
f 3935/3935/3935 3929/3929/3929 3936/3936/3936 
f 3929/3929/3929 3930/3930/3930 3936/3936/3936 
f 3936/3936/3936 3930/3930/3930 3937/3937/3937 
f 3930/3930/3930 3931/3931/3931 3937/3937/3937 
f 3937/3937/3937 3931/3931/3931 3938/3938/3938 
f 3931/3931/3931 3932/3932/3932 3938/3938/3938 
f 3938/3938/3938 3932/3932/3932 3939/3939/3939 
f 3932/3932/3932 3933/3933/3933 3939/3939/3939 
f 3939/3939/3939 3933/3933/3933 3940/3940/3940 
f 3934/3934/3934 3935/3935/3935 3941/3941/3941 
f 3941/3941/3941 3935/3935/3935 3942/3942/3942 
f 3935/3935/3935 3936/3936/3936 3942/3942/3942 
f 3942/3942/3942 3936/3936/3936 3943/3943/3943 
f 3936/3936/3936 3937/3937/3937 3943/3943/3943 
f 3943/3943/3943 3937/3937/3937 3944/3944/3944 
f 3937/3937/3937 3938/3938/3938 3944/3944/3944 
f 3944/3944/3944 3938/3938/3938 3945/3945/3945 
f 3938/3938/3938 3939/3939/3939 3945/3945/3945 
f 3945/3945/3945 3939/3939/3939 3946/3946/3946 
f 3939/3939/3939 3940/3940/3940 3946/3946/3946 
f 3946/3946/3946 3940/3940/3940 3947/3947/3947 
f 3941/3941/3941 3942/3942/3942 3948/3948/3948 
f 3948/3948/3948 3942/3942/3942 3949/3949/3949 
f 3942/3942/3942 3943/3943/3943 3949/3949/3949 
f 3949/3949/3949 3943/3943/3943 3950/3950/3950 
f 3943/3943/3943 3944/3944/3944 3950/3950/3950 
f 3950/3950/3950 3944/3944/3944 3951/3951/3951 
f 3944/3944/3944 3945/3945/3945 3951/3951/3951 
f 3951/3951/3951 3945/3945/3945 3952/3952/3952 
f 3945/3945/3945 3946/3946/3946 3952/3952/3952 
f 3952/3952/3952 3946/3946/3946 3953/3953/3953 
f 3946/3946/3946 3947/3947/3947 3953/3953/3953 
f 3953/3953/3953 3947/3947/3947 3954/3954/3954 
f 3948/3948/3948 3949/3949/3949 3955/3955/3955 
f 3955/3955/3955 3949/3949/3949 3956/3956/3956 
f 3949/3949/3949 3950/3950/3950 3956/3956/3956 
f 3956/3956/3956 3950/3950/3950 3957/3957/3957 
f 3950/3950/3950 3951/3951/3951 3957/3957/3957 
f 3957/3957/3957 3951/3951/3951 3958/3958/3958 
f 3951/3951/3951 3952/3952/3952 3958/3958/3958 
f 3958/3958/3958 3952/3952/3952 3959/3959/3959 
f 3952/3952/3952 3953/3953/3953 3959/3959/3959 
f 3959/3959/3959 3953/3953/3953 3960/3960/3960 
f 3953/3953/3953 3954/3954/3954 3960/3960/3960 
f 3960/3960/3960 3954/3954/3954 3961/3961/3961 
f 3955/3955/3955 3956/3956/3956 3962/3962/3962 
f 3962/3962/3962 3956/3956/3956 3963/3963/3963 
f 3956/3956/3956 3957/3957/3957 3963/3963/3963 
f 3963/3963/3963 3957/3957/3957 3964/3964/3964 
f 3957/3957/3957 3958/3958/3958 3964/3964/3964 
f 3964/3964/3964 3958/3958/3958 3965/3965/3965 
f 3958/3958/3958 3959/3959/3959 3965/3965/3965 
f 3965/3965/3965 3959/3959/3959 3966/3966/3966 
f 3959/3959/3959 3960/3960/3960 3966/3966/3966 
f 3966/3966/3966 3960/3960/3960 3967/3967/3967 
f 3960/3960/3960 3961/3961/3961 3967/3967/3967 
f 3967/3967/3967 3961/3961/3961 3968/3968/3968 
f 3969/3969/3969 3970/3970/3970 3976/3976/3976 
f 3976/3976/3976 3970/3970/3970 3977/3977/3977 
f 3970/3970/3970 3971/3971/3971 3977/3977/3977 
f 3977/3977/3977 3971/3971/3971 3978/3978/3978 
f 3971/3971/3971 3972/3972/3972 3978/3978/3978 
f 3978/3978/3978 3972/3972/3972 3979/3979/3979 
f 3972/3972/3972 3973/3973/3973 3979/3979/3979 
f 3979/3979/3979 3973/3973/3973 3980/3980/3980 
f 3973/3973/3973 3974/3974/3974 3980/3980/3980 
f 3980/3980/3980 3974/3974/3974 3981/3981/3981 
f 3974/3974/3974 3975/3975/3975 3981/3981/3981 
f 3981/3981/3981 3975/3975/3975 3982/3982/3982 
f 3976/3976/3976 3977/3977/3977 3983/3983/3983 
f 3983/3983/3983 3977/3977/3977 3984/3984/3984 
f 3977/3977/3977 3978/3978/3978 3984/3984/3984 
f 3984/3984/3984 3978/3978/3978 3985/3985/3985 
f 3978/3978/3978 3979/3979/3979 3985/3985/3985 
f 3985/3985/3985 3979/3979/3979 3986/3986/3986 
f 3979/3979/3979 3980/3980/3980 3986/3986/3986 
f 3986/3986/3986 3980/3980/3980 3987/3987/3987 
f 3980/3980/3980 3981/3981/3981 3987/3987/3987 
f 3987/3987/3987 3981/3981/3981 3988/3988/3988 
f 3981/3981/3981 3982/3982/3982 3988/3988/3988 
f 3988/3988/3988 3982/3982/3982 3989/3989/3989 
f 3983/3983/3983 3984/3984/3984 3990/3990/3990 
f 3990/3990/3990 3984/3984/3984 3991/3991/3991 
f 3984/3984/3984 3985/3985/3985 3991/3991/3991 
f 3991/3991/3991 3985/3985/3985 3992/3992/3992 
f 3985/3985/3985 3986/3986/3986 3992/3992/3992 
f 3992/3992/3992 3986/3986/3986 3993/3993/3993 
f 3986/3986/3986 3987/3987/3987 3993/3993/3993 
f 3993/3993/3993 3987/3987/3987 3994/3994/3994 
f 3987/3987/3987 3988/3988/3988 3994/3994/3994 
f 3994/3994/3994 3988/3988/3988 3995/3995/3995 
f 3988/3988/3988 3989/3989/3989 3995/3995/3995 
f 3995/3995/3995 3989/3989/3989 3996/3996/3996 
f 3990/3990/3990 3991/3991/3991 3997/3997/3997 
f 3997/3997/3997 3991/3991/3991 3998/3998/3998 
f 3991/3991/3991 3992/3992/3992 3998/3998/3998 
f 3998/3998/3998 3992/3992/3992 3999/3999/3999 
f 3992/3992/3992 3993/3993/3993 3999/3999/3999 
f 3999/3999/3999 3993/3993/3993 4000/4000/4000 
f 3993/3993/3993 3994/3994/3994 4000/4000/4000 
f 4000/4000/4000 3994/3994/3994 4001/4001/4001 
f 3994/3994/3994 3995/3995/3995 4001/4001/4001 
f 4001/4001/4001 3995/3995/3995 4002/4002/4002 
f 3995/3995/3995 3996/3996/3996 4002/4002/4002 
f 4002/4002/4002 3996/3996/3996 4003/4003/4003 
f 3997/3997/3997 3998/3998/3998 4004/4004/4004 
f 4004/4004/4004 3998/3998/3998 4005/4005/4005 
f 3998/3998/3998 3999/3999/3999 4005/4005/4005 
f 4005/4005/4005 3999/3999/3999 4006/4006/4006 
f 3999/3999/3999 4000/4000/4000 4006/4006/4006 
f 4006/4006/4006 4000/4000/4000 4007/4007/4007 
f 4000/4000/4000 4001/4001/4001 4007/4007/4007 
f 4007/4007/4007 4001/4001/4001 4008/4008/4008 
f 4001/4001/4001 4002/4002/4002 4008/4008/4008 
f 4008/4008/4008 4002/4002/4002 4009/4009/4009 
f 4002/4002/4002 4003/4003/4003 4009/4009/4009 
f 4009/4009/4009 4003/4003/4003 4010/4010/4010 
f 4004/4004/4004 4005/4005/4005 4011/4011/4011 
f 4011/4011/4011 4005/4005/4005 4012/4012/4012 
f 4005/4005/4005 4006/4006/4006 4012/4012/4012 
f 4012/4012/4012 4006/4006/4006 4013/4013/4013 
f 4006/4006/4006 4007/4007/4007 4013/4013/4013 
f 4013/4013/4013 4007/4007/4007 4014/4014/4014 
f 4007/4007/4007 4008/4008/4008 4014/4014/4014 
f 4014/4014/4014 4008/4008/4008 4015/4015/4015 
f 4008/4008/4008 4009/4009/4009 4015/4015/4015 
f 4015/4015/4015 4009/4009/4009 4016/4016/4016 
f 4009/4009/4009 4010/4010/4010 4016/4016/4016 
f 4016/4016/4016 4010/4010/4010 4017/4017/4017 
f 4018/4018/4018 4019/4019/4019 4025/4025/4025 
f 4025/4025/4025 4019/4019/4019 4026/4026/4026 
f 4019/4019/4019 4020/4020/4020 4026/4026/4026 
f 4026/4026/4026 4020/4020/4020 4027/4027/4027 
f 4020/4020/4020 4021/4021/4021 4027/4027/4027 
f 4027/4027/4027 4021/4021/4021 4028/4028/4028 
f 4021/4021/4021 4022/4022/4022 4028/4028/4028 
f 4028/4028/4028 4022/4022/4022 4029/4029/4029 
f 4022/4022/4022 4023/4023/4023 4029/4029/4029 
f 4029/4029/4029 4023/4023/4023 4030/4030/4030 
f 4023/4023/4023 4024/4024/4024 4030/4030/4030 
f 4030/4030/4030 4024/4024/4024 4031/4031/4031 
f 4025/4025/4025 4026/4026/4026 4032/4032/4032 
f 4032/4032/4032 4026/4026/4026 4033/4033/4033 
f 4026/4026/4026 4027/4027/4027 4033/4033/4033 
f 4033/4033/4033 4027/4027/4027 4034/4034/4034 
f 4027/4027/4027 4028/4028/4028 4034/4034/4034 
f 4034/4034/4034 4028/4028/4028 4035/4035/4035 
f 4028/4028/4028 4029/4029/4029 4035/4035/4035 
f 4035/4035/4035 4029/4029/4029 4036/4036/4036 
f 4029/4029/4029 4030/4030/4030 4036/4036/4036 
f 4036/4036/4036 4030/4030/4030 4037/4037/4037 
f 4030/4030/4030 4031/4031/4031 4037/4037/4037 
f 4037/4037/4037 4031/4031/4031 4038/4038/4038 
f 4032/4032/4032 4033/4033/4033 4039/4039/4039 
f 4039/4039/4039 4033/4033/4033 4040/4040/4040 
f 4033/4033/4033 4034/4034/4034 4040/4040/4040 
f 4040/4040/4040 4034/4034/4034 4041/4041/4041 
f 4034/4034/4034 4035/4035/4035 4041/4041/4041 
f 4041/4041/4041 4035/4035/4035 4042/4042/4042 
f 4035/4035/4035 4036/4036/4036 4042/4042/4042 
f 4042/4042/4042 4036/4036/4036 4043/4043/4043 
f 4036/4036/4036 4037/4037/4037 4043/4043/4043 
f 4043/4043/4043 4037/4037/4037 4044/4044/4044 
f 4037/4037/4037 4038/4038/4038 4044/4044/4044 
f 4044/4044/4044 4038/4038/4038 4045/4045/4045 
f 4039/4039/4039 4040/4040/4040 4046/4046/4046 
f 4046/4046/4046 4040/4040/4040 4047/4047/4047 
f 4040/4040/4040 4041/4041/4041 4047/4047/4047 
f 4047/4047/4047 4041/4041/4041 4048/4048/4048 
f 4041/4041/4041 4042/4042/4042 4048/4048/4048 
f 4048/4048/4048 4042/4042/4042 4049/4049/4049 
f 4042/4042/4042 4043/4043/4043 4049/4049/4049 
f 4049/4049/4049 4043/4043/4043 4050/4050/4050 
f 4043/4043/4043 4044/4044/4044 4050/4050/4050 
f 4050/4050/4050 4044/4044/4044 4051/4051/4051 
f 4044/4044/4044 4045/4045/4045 4051/4051/4051 
f 4051/4051/4051 4045/4045/4045 4052/4052/4052 
f 4046/4046/4046 4047/4047/4047 4053/4053/4053 
f 4053/4053/4053 4047/4047/4047 4054/4054/4054 
f 4047/4047/4047 4048/4048/4048 4054/4054/4054 
f 4054/4054/4054 4048/4048/4048 4055/4055/4055 
f 4048/4048/4048 4049/4049/4049 4055/4055/4055 
f 4055/4055/4055 4049/4049/4049 4056/4056/4056 
f 4049/4049/4049 4050/4050/4050 4056/4056/4056 
f 4056/4056/4056 4050/4050/4050 4057/4057/4057 
f 4050/4050/4050 4051/4051/4051 4057/4057/4057 
f 4057/4057/4057 4051/4051/4051 4058/4058/4058 
f 4051/4051/4051 4052/4052/4052 4058/4058/4058 
f 4058/4058/4058 4052/4052/4052 4059/4059/4059 
f 4053/4053/4053 4054/4054/4054 4060/4060/4060 
f 4060/4060/4060 4054/4054/4054 4061/4061/4061 
f 4054/4054/4054 4055/4055/4055 4061/4061/4061 
f 4061/4061/4061 4055/4055/4055 4062/4062/4062 
f 4055/4055/4055 4056/4056/4056 4062/4062/4062 
f 4062/4062/4062 4056/4056/4056 4063/4063/4063 
f 4056/4056/4056 4057/4057/4057 4063/4063/4063 
f 4063/4063/4063 4057/4057/4057 4064/4064/4064 
f 4057/4057/4057 4058/4058/4058 4064/4064/4064 
f 4064/4064/4064 4058/4058/4058 4065/4065/4065 
f 4058/4058/4058 4059/4059/4059 4065/4065/4065 
f 4065/4065/4065 4059/4059/4059 4066/4066/4066 
f 4067/4067/4067 4068/4068/4068 4074/4074/4074 
f 4074/4074/4074 4068/4068/4068 4075/4075/4075 
f 4068/4068/4068 4069/4069/4069 4075/4075/4075 
f 4075/4075/4075 4069/4069/4069 4076/4076/4076 
f 4069/4069/4069 4070/4070/4070 4076/4076/4076 
f 4076/4076/4076 4070/4070/4070 4077/4077/4077 
f 4070/4070/4070 4071/4071/4071 4077/4077/4077 
f 4077/4077/4077 4071/4071/4071 4078/4078/4078 
f 4071/4071/4071 4072/4072/4072 4078/4078/4078 
f 4078/4078/4078 4072/4072/4072 4079/4079/4079 
f 4072/4072/4072 4073/4073/4073 4079/4079/4079 
f 4079/4079/4079 4073/4073/4073 4080/4080/4080 
f 4074/4074/4074 4075/4075/4075 4081/4081/4081 
f 4081/4081/4081 4075/4075/4075 4082/4082/4082 
f 4075/4075/4075 4076/4076/4076 4082/4082/4082 
f 4082/4082/4082 4076/4076/4076 4083/4083/4083 
f 4076/4076/4076 4077/4077/4077 4083/4083/4083 
f 4083/4083/4083 4077/4077/4077 4084/4084/4084 
f 4077/4077/4077 4078/4078/4078 4084/4084/4084 
f 4084/4084/4084 4078/4078/4078 4085/4085/4085 
f 4078/4078/4078 4079/4079/4079 4085/4085/4085 
f 4085/4085/4085 4079/4079/4079 4086/4086/4086 
f 4079/4079/4079 4080/4080/4080 4086/4086/4086 
f 4086/4086/4086 4080/4080/4080 4087/4087/4087 
f 4081/4081/4081 4082/4082/4082 4088/4088/4088 
f 4088/4088/4088 4082/4082/4082 4089/4089/4089 
f 4082/4082/4082 4083/4083/4083 4089/4089/4089 
f 4089/4089/4089 4083/4083/4083 4090/4090/4090 
f 4083/4083/4083 4084/4084/4084 4090/4090/4090 
f 4090/4090/4090 4084/4084/4084 4091/4091/4091 
f 4084/4084/4084 4085/4085/4085 4091/4091/4091 
f 4091/4091/4091 4085/4085/4085 4092/4092/4092 
f 4085/4085/4085 4086/4086/4086 4092/4092/4092 
f 4092/4092/4092 4086/4086/4086 4093/4093/4093 
f 4086/4086/4086 4087/4087/4087 4093/4093/4093 
f 4093/4093/4093 4087/4087/4087 4094/4094/4094 
f 4088/4088/4088 4089/4089/4089 4095/4095/4095 
f 4095/4095/4095 4089/4089/4089 4096/4096/4096 
f 4089/4089/4089 4090/4090/4090 4096/4096/4096 
f 4096/4096/4096 4090/4090/4090 4097/4097/4097 
f 4090/4090/4090 4091/4091/4091 4097/4097/4097 
f 4097/4097/4097 4091/4091/4091 4098/4098/4098 
f 4091/4091/4091 4092/4092/4092 4098/4098/4098 
f 4098/4098/4098 4092/4092/4092 4099/4099/4099 
f 4092/4092/4092 4093/4093/4093 4099/4099/4099 
f 4099/4099/4099 4093/4093/4093 4100/4100/4100 
f 4093/4093/4093 4094/4094/4094 4100/4100/4100 
f 4100/4100/4100 4094/4094/4094 4101/4101/4101 
f 4095/4095/4095 4096/4096/4096 4102/4102/4102 
f 4102/4102/4102 4096/4096/4096 4103/4103/4103 
f 4096/4096/4096 4097/4097/4097 4103/4103/4103 
f 4103/4103/4103 4097/4097/4097 4104/4104/4104 
f 4097/4097/4097 4098/4098/4098 4104/4104/4104 
f 4104/4104/4104 4098/4098/4098 4105/4105/4105 
f 4098/4098/4098 4099/4099/4099 4105/4105/4105 
f 4105/4105/4105 4099/4099/4099 4106/4106/4106 
f 4099/4099/4099 4100/4100/4100 4106/4106/4106 
f 4106/4106/4106 4100/4100/4100 4107/4107/4107 
f 4100/4100/4100 4101/4101/4101 4107/4107/4107 
f 4107/4107/4107 4101/4101/4101 4108/4108/4108 
f 4102/4102/4102 4103/4103/4103 4109/4109/4109 
f 4109/4109/4109 4103/4103/4103 4110/4110/4110 
f 4103/4103/4103 4104/4104/4104 4110/4110/4110 
f 4110/4110/4110 4104/4104/4104 4111/4111/4111 
f 4104/4104/4104 4105/4105/4105 4111/4111/4111 
f 4111/4111/4111 4105/4105/4105 4112/4112/4112 
f 4105/4105/4105 4106/4106/4106 4112/4112/4112 
f 4112/4112/4112 4106/4106/4106 4113/4113/4113 
f 4106/4106/4106 4107/4107/4107 4113/4113/4113 
f 4113/4113/4113 4107/4107/4107 4114/4114/4114 
f 4107/4107/4107 4108/4108/4108 4114/4114/4114 
f 4114/4114/4114 4108/4108/4108 4115/4115/4115 
f 4116/4116/4116 4117/4117/4117 4123/4123/4123 
f 4123/4123/4123 4117/4117/4117 4124/4124/4124 
f 4117/4117/4117 4118/4118/4118 4124/4124/4124 
f 4124/4124/4124 4118/4118/4118 4125/4125/4125 
f 4118/4118/4118 4119/4119/4119 4125/4125/4125 
f 4125/4125/4125 4119/4119/4119 4126/4126/4126 
f 4119/4119/4119 4120/4120/4120 4126/4126/4126 
f 4126/4126/4126 4120/4120/4120 4127/4127/4127 
f 4120/4120/4120 4121/4121/4121 4127/4127/4127 
f 4127/4127/4127 4121/4121/4121 4128/4128/4128 
f 4121/4121/4121 4122/4122/4122 4128/4128/4128 
f 4128/4128/4128 4122/4122/4122 4129/4129/4129 
f 4123/4123/4123 4124/4124/4124 4130/4130/4130 
f 4130/4130/4130 4124/4124/4124 4131/4131/4131 
f 4124/4124/4124 4125/4125/4125 4131/4131/4131 
f 4131/4131/4131 4125/4125/4125 4132/4132/4132 
f 4125/4125/4125 4126/4126/4126 4132/4132/4132 
f 4132/4132/4132 4126/4126/4126 4133/4133/4133 
f 4126/4126/4126 4127/4127/4127 4133/4133/4133 
f 4133/4133/4133 4127/4127/4127 4134/4134/4134 
f 4127/4127/4127 4128/4128/4128 4134/4134/4134 
f 4134/4134/4134 4128/4128/4128 4135/4135/4135 
f 4128/4128/4128 4129/4129/4129 4135/4135/4135 
f 4135/4135/4135 4129/4129/4129 4136/4136/4136 
f 4130/4130/4130 4131/4131/4131 4137/4137/4137 
f 4137/4137/4137 4131/4131/4131 4138/4138/4138 
f 4131/4131/4131 4132/4132/4132 4138/4138/4138 
f 4138/4138/4138 4132/4132/4132 4139/4139/4139 
f 4132/4132/4132 4133/4133/4133 4139/4139/4139 
f 4139/4139/4139 4133/4133/4133 4140/4140/4140 
f 4133/4133/4133 4134/4134/4134 4140/4140/4140 
f 4140/4140/4140 4134/4134/4134 4141/4141/4141 
f 4134/4134/4134 4135/4135/4135 4141/4141/4141 
f 4141/4141/4141 4135/4135/4135 4142/4142/4142 
f 4135/4135/4135 4136/4136/4136 4142/4142/4142 
f 4142/4142/4142 4136/4136/4136 4143/4143/4143 
f 4137/4137/4137 4138/4138/4138 4144/4144/4144 
f 4144/4144/4144 4138/4138/4138 4145/4145/4145 
f 4138/4138/4138 4139/4139/4139 4145/4145/4145 
f 4145/4145/4145 4139/4139/4139 4146/4146/4146 
f 4139/4139/4139 4140/4140/4140 4146/4146/4146 
f 4146/4146/4146 4140/4140/4140 4147/4147/4147 
f 4140/4140/4140 4141/4141/4141 4147/4147/4147 
f 4147/4147/4147 4141/4141/4141 4148/4148/4148 
f 4141/4141/4141 4142/4142/4142 4148/4148/4148 
f 4148/4148/4148 4142/4142/4142 4149/4149/4149 
f 4142/4142/4142 4143/4143/4143 4149/4149/4149 
f 4149/4149/4149 4143/4143/4143 4150/4150/4150 
f 4144/4144/4144 4145/4145/4145 4151/4151/4151 
f 4151/4151/4151 4145/4145/4145 4152/4152/4152 
f 4145/4145/4145 4146/4146/4146 4152/4152/4152 
f 4152/4152/4152 4146/4146/4146 4153/4153/4153 
f 4146/4146/4146 4147/4147/4147 4153/4153/4153 
f 4153/4153/4153 4147/4147/4147 4154/4154/4154 
f 4147/4147/4147 4148/4148/4148 4154/4154/4154 
f 4154/4154/4154 4148/4148/4148 4155/4155/4155 
f 4148/4148/4148 4149/4149/4149 4155/4155/4155 
f 4155/4155/4155 4149/4149/4149 4156/4156/4156 
f 4149/4149/4149 4150/4150/4150 4156/4156/4156 
f 4156/4156/4156 4150/4150/4150 4157/4157/4157 
f 4151/4151/4151 4152/4152/4152 4158/4158/4158 
f 4158/4158/4158 4152/4152/4152 4159/4159/4159 
f 4152/4152/4152 4153/4153/4153 4159/4159/4159 
f 4159/4159/4159 4153/4153/4153 4160/4160/4160 
f 4153/4153/4153 4154/4154/4154 4160/4160/4160 
f 4160/4160/4160 4154/4154/4154 4161/4161/4161 
f 4154/4154/4154 4155/4155/4155 4161/4161/4161 
f 4161/4161/4161 4155/4155/4155 4162/4162/4162 
f 4155/4155/4155 4156/4156/4156 4162/4162/4162 
f 4162/4162/4162 4156/4156/4156 4163/4163/4163 
f 4156/4156/4156 4157/4157/4157 4163/4163/4163 
f 4163/4163/4163 4157/4157/4157 4164/4164/4164 

g Border1

v 128.5 536 128.5 
v 127.5 536 128.5 
v 128.5 280 128.5 
v 127.5 280 128.5 
v 127.5 536 -127.5 
v 127.5 536 128.5 
v 128.5 536 -127.5 
v 128.5 536 128.5 
v 127.5 536 128.5 
v 127.5 536 -127.5 
v 127.5 280 128.5 
v 127.5 280 -127.5 
v 127.5 536 -127.5 
v 128.5 536 -127.5 
v 127.5 280 -127.5 
v 128.5 280 -127.5 
v 128.5 280 -127.5 
v 128.5 280 128.5 
v 127.5 280 -127.5 
v 127.5 280 128.5 
v 128.5 536 -127.5 
v 128.5 536 128.5 
v 128.5 280 -127.5 
v 128.5 280 128.5 

vn 0 0 1 
vn 0 0 1 
vn 0 0 1 
vn 0 0 1 
vn 0 1 0 
vn 0 1 0 
vn 0 1 0 
vn 0 1 0 
vn -1 0 0 
vn -1 0 0 
vn -1 0 0 
vn -1 0 0 
vn 0 0 -1 
vn 0 0 -1 
vn 0 0 -1 
vn 0 0 -1 
vn 0 -1 0 
vn 0 -1 0 
vn 0 -1 0 
vn 0 -1 0 
vn 1 0 0 
vn 1 0 0 
vn 1 0 0 
vn 1 0 0 

vt 4.375 -5.5 
vt 4.25 -5.5 
vt 4.375 -37.5 
vt 4.25 -37.5 
vt 36.25 -5.5 
vt 4.25 -5.5 
vt 36.25 -5.625 
vt 4.25 -5.625 
vt 36.25 -5.5 
vt 4.25 -5.5 
vt 36.25 -37.5 
vt 4.25 -37.5 
vt 4.375 -5.5 
vt 4.25 -5.5 
vt 4.375 -37.5 
vt 4.25 -37.5 
vt 36.25 -5.5 
vt 4.25 -5.5 
vt 36.25 -5.625 
vt 4.25 -5.625 
vt 36.25 -5.5 
vt 4.25 -5.5 
vt 36.25 -37.5 
vt 4.25 -37.5 

usemtl Border1Mtl

f 4165/4165/4165 4166/4166/4166 4167/4167/4167 
f 4167/4167/4167 4166/4166/4166 4168/4168/4168 
f 4169/4169/4169 4170/4170/4170 4171/4171/4171 
f 4171/4171/4171 4170/4170/4170 4172/4172/4172 
f 4173/4173/4173 4174/4174/4174 4175/4175/4175 
f 4175/4175/4175 4174/4174/4174 4176/4176/4176 
f 4177/4177/4177 4178/4178/4178 4179/4179/4179 
f 4179/4179/4179 4178/4178/4178 4180/4180/4180 
f 4181/4181/4181 4182/4182/4182 4183/4183/4183 
f 4183/4183/4183 4182/4182/4182 4184/4184/4184 
f 4185/4185/4185 4186/4186/4186 4187/4187/4187 
f 4187/4187/4187 4186/4186/4186 4188/4188/4188 

g Border2

v 127.5 536.005 -127.5 
v 127.5 536.005 128.5 
v 128.5 536.005 -127.5 
v 128.5 536.005 128.5 

vn 0 1 0 
vn 0 1 0 
vn 0 1 0 
vn 0 1 0 

vt 32 1 
vt 0 1 
vt 32 0.875 
vt 0 0.875 

usemtl Discoplateee2Mtl

f 4189/4189/4189 4190/4190/4190 4191/4191/4191 
f 4191/4191/4191 4190/4190/4190 4192/4192/4192 

g Border3

v 127.495 536 128.5 
v 127.495 536 -127.5 
v 127.495 280 128.5 
v 127.495 280 -127.5 

vn -1 0 0 
vn -1 0 0 
vn -1 0 0 
vn -1 0 0 

vt 32 1 
vt 0 1 
vt 32 -31 
vt 0 -31 

usemtl Discoplateee2Mtl

f 4193/4193/4193 4194/4194/4194 4195/4195/4195 
f 4195/4195/4195 4194/4194/4194 4196/4196/4196 

g Border4

v 128.505 536 -127.5 
v 128.505 536 128.5 
v 128.505 280 -127.5 
v 128.505 280 128.5 

vn 1 0 0 
vn 1 0 0 
vn 1 0 0 
vn 1 0 0 

vt 32 1 
vt 0 1 
vt 32 -31 
vt 0 -31 

usemtl Discoplateee2Mtl

f 4197/4197/4197 4198/4198/4198 4199/4199/4199 
f 4199/4199/4199 4198/4198/4198 4200/4200/4200 

g Border5

v 127.5 279.995 128.5 
v 127.5 279.995 -127.5 
v 128.5 279.995 128.5 
v 128.5 279.995 -127.5 

vn 0 -1 0 
vn 0 -1 0 
vn 0 -1 0 
vn 0 -1 0 

vt 32 1 
vt 0 1 
vt 32 0.875 
vt 0 0.875 

usemtl Discoplateee2Mtl

f 4201/4201/4201 4202/4202/4202 4203/4203/4203 
f 4203/4203/4203 4202/4202/4202 4204/4204/4204 

g Border6

v 127.5 536 -127.505 
v 128.5 536 -127.505 
v 127.5 280 -127.505 
v 128.5 280 -127.505 

vn 0 0 -1 
vn 0 0 -1 
vn 0 0 -1 
vn 0 0 -1 

vt 0.125 1 
vt 0 1 
vt 0.125 -31 
vt 0 -31 

usemtl Discoplateee2Mtl

f 4205/4205/4205 4206/4206/4206 4207/4207/4207 
f 4207/4207/4207 4206/4206/4206 4208/4208/4208 

g Border7

v 128.5 536 128.505 
v 127.5 536 128.505 
v 128.5 280 128.505 
v 127.5 280 128.505 

vn 0 0 1 
vn 0 0 1 
vn 0 0 1 
vn 0 0 1 

vt 0.125 1 
vt 0 1 
vt 0.125 -31 
vt 0 -31 

usemtl Discoplateee2Mtl

f 4209/4209/4209 4210/4210/4210 4211/4211/4211 
f 4211/4211/4211 4210/4210/4210 4212/4212/4212 

g Border8

v -127.5 536 128.5 
v -128.5 536 128.5 
v -127.5 280 128.5 
v -128.5 280 128.5 
v -128.5 536 -127.5 
v -128.5 536 128.5 
v -127.5 536 -127.5 
v -127.5 536 128.5 
v -128.5 536 128.5 
v -128.5 536 -127.5 
v -128.5 280 128.5 
v -128.5 280 -127.5 
v -128.5 536 -127.5 
v -127.5 536 -127.5 
v -128.5 280 -127.5 
v -127.5 280 -127.5 
v -127.5 280 -127.5 
v -127.5 280 128.5 
v -128.5 280 -127.5 
v -128.5 280 128.5 
v -127.5 536 -127.5 
v -127.5 536 128.5 
v -127.5 280 -127.5 
v -127.5 280 128.5 

vn 0 0 1 
vn 0 0 1 
vn 0 0 1 
vn 0 0 1 
vn 0 1 0 
vn 0 1 0 
vn 0 1 0 
vn 0 1 0 
vn -1 0 0 
vn -1 0 0 
vn -1 0 0 
vn -1 0 0 
vn 0 0 -1 
vn 0 0 -1 
vn 0 0 -1 
vn 0 0 -1 
vn 0 -1 0 
vn 0 -1 0 
vn 0 -1 0 
vn 0 -1 0 
vn 1 0 0 
vn 1 0 0 
vn 1 0 0 
vn 1 0 0 

vt 7.125 -5.25 
vt 7 -5.25 
vt 7.125 -37.25 
vt 7 -37.25 
vt 39 -5.25 
vt 7 -5.25 
vt 39 -5.375 
vt 7 -5.375 
vt 39 -5.25 
vt 7 -5.25 
vt 39 -37.25 
vt 7 -37.25 
vt 7.125 -5.25 
vt 7 -5.25 
vt 7.125 -37.25 
vt 7 -37.25 
vt 39 -5.25 
vt 7 -5.25 
vt 39 -5.375 
vt 7 -5.375 
vt 39 -5.25 
vt 7 -5.25 
vt 39 -37.25 
vt 7 -37.25 

usemtl Border1Mtl

f 4213/4213/4213 4214/4214/4214 4215/4215/4215 
f 4215/4215/4215 4214/4214/4214 4216/4216/4216 
f 4217/4217/4217 4218/4218/4218 4219/4219/4219 
f 4219/4219/4219 4218/4218/4218 4220/4220/4220 
f 4221/4221/4221 4222/4222/4222 4223/4223/4223 
f 4223/4223/4223 4222/4222/4222 4224/4224/4224 
f 4225/4225/4225 4226/4226/4226 4227/4227/4227 
f 4227/4227/4227 4226/4226/4226 4228/4228/4228 
f 4229/4229/4229 4230/4230/4230 4231/4231/4231 
f 4231/4231/4231 4230/4230/4230 4232/4232/4232 
f 4233/4233/4233 4234/4234/4234 4235/4235/4235 
f 4235/4235/4235 4234/4234/4234 4236/4236/4236 

g Border9

v -128.5 536.005 -127.5 
v -128.5 536.005 128.5 
v -127.5 536.005 -127.5 
v -127.5 536.005 128.5 

vn 0 1 0 
vn 0 1 0 
vn 0 1 0 
vn 0 1 0 

vt 32 1 
vt 0 1 
vt 32 0.875 
vt 0 0.875 

usemtl Discoplateee2Mtl

f 4237/4237/4237 4238/4238/4238 4239/4239/4239 
f 4239/4239/4239 4238/4238/4238 4240/4240/4240 

g Border10

v -128.505 536 128.5 
v -128.505 536 -127.5 
v -128.505 280 128.5 
v -128.505 280 -127.5 

vn -1 0 0 
vn -1 0 0 
vn -1 0 0 
vn -1 0 0 

vt 32 1 
vt 0 1 
vt 32 -31 
vt 0 -31 

usemtl Discoplateee2Mtl

f 4241/4241/4241 4242/4242/4242 4243/4243/4243 
f 4243/4243/4243 4242/4242/4242 4244/4244/4244 

g Border11

v -127.495 536 -127.5 
v -127.495 536 128.5 
v -127.495 280 -127.5 
v -127.495 280 128.5 

vn 1 0 0 
vn 1 0 0 
vn 1 0 0 
vn 1 0 0 

vt 32 1 
vt 0 1 
vt 32 -31 
vt 0 -31 

usemtl Discoplateee2Mtl

f 4245/4245/4245 4246/4246/4246 4247/4247/4247 
f 4247/4247/4247 4246/4246/4246 4248/4248/4248 

g Border12

v -128.5 279.995 128.5 
v -128.5 279.995 -127.5 
v -127.5 279.995 128.5 
v -127.5 279.995 -127.5 

vn 0 -1 0 
vn 0 -1 0 
vn 0 -1 0 
vn 0 -1 0 

vt 32 1 
vt 0 1 
vt 32 0.875 
vt 0 0.875 

usemtl Discoplateee2Mtl

f 4249/4249/4249 4250/4250/4250 4251/4251/4251 
f 4251/4251/4251 4250/4250/4250 4252/4252/4252 

g Border13

v -128.5 536 -127.505 
v -127.5 536 -127.505 
v -128.5 280 -127.505 
v -127.5 280 -127.505 

vn 0 0 -1 
vn 0 0 -1 
vn 0 0 -1 
vn 0 0 -1 

vt 0.125 1 
vt 0 1 
vt 0.125 -31 
vt 0 -31 

usemtl Discoplateee2Mtl

f 4253/4253/4253 4254/4254/4254 4255/4255/4255 
f 4255/4255/4255 4254/4254/4254 4256/4256/4256 

g Border14

v -127.5 536 128.505 
v -128.5 536 128.505 
v -127.5 280 128.505 
v -128.5 280 128.505 

vn 0 0 1 
vn 0 0 1 
vn 0 0 1 
vn 0 0 1 

vt 0.125 1 
vt 0 1 
vt 0.125 -31 
vt 0 -31 

usemtl Discoplateee2Mtl

f 4257/4257/4257 4258/4258/4258 4259/4259/4259 
f 4259/4259/4259 4258/4258/4258 4260/4260/4260 

g Border15

v 128 536 -128 
v 128 536 -127 
v 128 280 -128 
v 128 280 -127 
v -128 536 -127 
v 128 536 -127 
v -128 536 -128 
v 128 536 -128 
v 128 536 -127 
v -128 536 -127 
v 128 280 -127 
v -128 280 -127 
v -128 536 -127 
v -128 536 -128 
v -128 280 -127 
v -128 280 -128 
v -128 280 -128 
v 128 280 -128 
v -128 280 -127 
v 128 280 -127 
v -128 536 -128 
v 128 536 -128 
v -128 280 -128 
v 128 280 -128 

vn 1 0 0 
vn 1 0 0 
vn 1 0 0 
vn 1 0 0 
vn 0 1 0 
vn 0 1 0 
vn 0 1 0 
vn 0 1 0 
vn 0 0 1 
vn 0 0 1 
vn 0 0 1 
vn 0 0 1 
vn -1 0 0 
vn -1 0 0 
vn -1 0 0 
vn -1 0 0 
vn 0 -1 0 
vn 0 -1 0 
vn 0 -1 0 
vn 0 -1 0 
vn 0 0 -1 
vn 0 0 -1 
vn 0 0 -1 
vn 0 0 -1 

vt 1.625 -0.75 
vt 1.5 -0.75 
vt 1.625 -32.75 
vt 1.5 -32.75 
vt 33.5 -0.75 
vt 1.5 -0.75 
vt 33.5 -0.875 
vt 1.5 -0.875 
vt 33.5 -0.75 
vt 1.5 -0.75 
vt 33.5 -32.75 
vt 1.5 -32.75 
vt 1.625 -0.75 
vt 1.5 -0.75 
vt 1.625 -32.75 
vt 1.5 -32.75 
vt 33.5 -0.75 
vt 1.5 -0.75 
vt 33.5 -0.875 
vt 1.5 -0.875 
vt 33.5 -0.75 
vt 1.5 -0.75 
vt 33.5 -32.75 
vt 1.5 -32.75 

usemtl Border1Mtl

f 4261/4261/4261 4262/4262/4262 4263/4263/4263 
f 4263/4263/4263 4262/4262/4262 4264/4264/4264 
f 4265/4265/4265 4266/4266/4266 4267/4267/4267 
f 4267/4267/4267 4266/4266/4266 4268/4268/4268 
f 4269/4269/4269 4270/4270/4270 4271/4271/4271 
f 4271/4271/4271 4270/4270/4270 4272/4272/4272 
f 4273/4273/4273 4274/4274/4274 4275/4275/4275 
f 4275/4275/4275 4274/4274/4274 4276/4276/4276 
f 4277/4277/4277 4278/4278/4278 4279/4279/4279 
f 4279/4279/4279 4278/4278/4278 4280/4280/4280 
f 4281/4281/4281 4282/4282/4282 4283/4283/4283 
f 4283/4283/4283 4282/4282/4282 4284/4284/4284 

g Border16

v -128 536.005 -127 
v 128 536.005 -127 
v -128 536.005 -128 
v 128 536.005 -128 

vn 0 1 0 
vn 0 1 0 
vn 0 1 0 
vn 0 1 0 

vt 32 1 
vt 0 1 
vt 32 0.875 
vt 0 0.875 

usemtl Discoplateee2Mtl

f 4285/4285/4285 4286/4286/4286 4287/4287/4287 
f 4287/4287/4287 4286/4286/4286 4288/4288/4288 

g Border17

v 128 536 -126.995 
v -128 536 -126.995 
v 128 280 -126.995 
v -128 280 -126.995 

vn 0 0 1 
vn 0 0 1 
vn 0 0 1 
vn 0 0 1 

vt 32 1 
vt 0 1 
vt 32 -31 
vt 0 -31 

usemtl Discoplateee2Mtl

f 4289/4289/4289 4290/4290/4290 4291/4291/4291 
f 4291/4291/4291 4290/4290/4290 4292/4292/4292 

g Border18

v -128 536 -128.005 
v 128 536 -128.005 
v -128 280 -128.005 
v 128 280 -128.005 

vn 0 0 -1 
vn 0 0 -1 
vn 0 0 -1 
vn 0 0 -1 

vt 32 1 
vt 0 1 
vt 32 -31 
vt 0 -31 

usemtl Discoplateee2Mtl

f 4293/4293/4293 4294/4294/4294 4295/4295/4295 
f 4295/4295/4295 4294/4294/4294 4296/4296/4296 

g Border19

v 128 279.995 -127 
v -128 279.995 -127 
v 128 279.995 -128 
v -128 279.995 -128 

vn 0 -1 0 
vn 0 -1 0 
vn 0 -1 0 
vn 0 -1 0 

vt 32 1 
vt 0 1 
vt 32 0.875 
vt 0 0.875 

usemtl Discoplateee2Mtl

f 4297/4297/4297 4298/4298/4298 4299/4299/4299 
f 4299/4299/4299 4298/4298/4298 4300/4300/4300 

g Border20

v -128.005 536 -127 
v -128.005 536 -128 
v -128.005 280 -127 
v -128.005 280 -128 

vn -1 0 0 
vn -1 0 0 
vn -1 0 0 
vn -1 0 0 

vt 0.125 1 
vt 0 1 
vt 0.125 -31 
vt 0 -31 

usemtl Discoplateee2Mtl

f 4301/4301/4301 4302/4302/4302 4303/4303/4303 
f 4303/4303/4303 4302/4302/4302 4304/4304/4304 

g Border21

v 128.005 536 -128 
v 128.005 536 -127 
v 128.005 280 -128 
v 128.005 280 -127 

vn 1 0 0 
vn 1 0 0 
vn 1 0 0 
vn 1 0 0 

vt 0.125 1 
vt 0 1 
vt 0.125 -31 
vt 0 -31 

usemtl Discoplateee2Mtl

f 4305/4305/4305 4306/4306/4306 4307/4307/4307 
f 4307/4307/4307 4306/4306/4306 4308/4308/4308 

g Border22

v 128 536 128 
v 128 536 129 
v 128 280 128 
v 128 280 129 
v -128 536 129 
v 128 536 129 
v -128 536 128 
v 128 536 128 
v 128 536 129 
v -128 536 129 
v 128 280 129 
v -128 280 129 
v -128 536 129 
v -128 536 128 
v -128 280 129 
v -128 280 128 
v -128 280 128 
v 128 280 128 
v -128 280 129 
v 128 280 129 
v -128 536 128 
v 128 536 128 
v -128 280 128 
v 128 280 128 

vn 1 0 0 
vn 1 0 0 
vn 1 0 0 
vn 1 0 0 
vn 0 1 0 
vn 0 1 0 
vn 0 1 0 
vn 0 1 0 
vn 0 0 1 
vn 0 0 1 
vn 0 0 1 
vn 0 0 1 
vn -1 0 0 
vn -1 0 0 
vn -1 0 0 
vn -1 0 0 
vn 0 -1 0 
vn 0 -1 0 
vn 0 -1 0 
vn 0 -1 0 
vn 0 0 -1 
vn 0 0 -1 
vn 0 0 -1 
vn 0 0 -1 

vt 5.375 1 
vt 5.25 1 
vt 5.375 -31 
vt 5.25 -31 
vt 37.25 1 
vt 5.25 1 
vt 37.25 0.875 
vt 5.25 0.875 
vt 37.25 1 
vt 5.25 1 
vt 37.25 -31 
vt 5.25 -31 
vt 5.375 1 
vt 5.25 1 
vt 5.375 -31 
vt 5.25 -31 
vt 37.25 1 
vt 5.25 1 
vt 37.25 0.875 
vt 5.25 0.875 
vt 37.25 1 
vt 5.25 1 
vt 37.25 -31 
vt 5.25 -31 

usemtl Border1Mtl

f 4309/4309/4309 4310/4310/4310 4311/4311/4311 
f 4311/4311/4311 4310/4310/4310 4312/4312/4312 
f 4313/4313/4313 4314/4314/4314 4315/4315/4315 
f 4315/4315/4315 4314/4314/4314 4316/4316/4316 
f 4317/4317/4317 4318/4318/4318 4319/4319/4319 
f 4319/4319/4319 4318/4318/4318 4320/4320/4320 
f 4321/4321/4321 4322/4322/4322 4323/4323/4323 
f 4323/4323/4323 4322/4322/4322 4324/4324/4324 
f 4325/4325/4325 4326/4326/4326 4327/4327/4327 
f 4327/4327/4327 4326/4326/4326 4328/4328/4328 
f 4329/4329/4329 4330/4330/4330 4331/4331/4331 
f 4331/4331/4331 4330/4330/4330 4332/4332/4332 

g Border23

v -128 536.005 129 
v 128 536.005 129 
v -128 536.005 128 
v 128 536.005 128 

vn 0 1 0 
vn 0 1 0 
vn 0 1 0 
vn 0 1 0 

vt 32 1 
vt 0 1 
vt 32 0.875 
vt 0 0.875 

usemtl Discoplateee2Mtl

f 4333/4333/4333 4334/4334/4334 4335/4335/4335 
f 4335/4335/4335 4334/4334/4334 4336/4336/4336 

g Border24

v 128 536 129.005 
v -128 536 129.005 
v 128 280 129.005 
v -128 280 129.005 

vn 0 0 1 
vn 0 0 1 
vn 0 0 1 
vn 0 0 1 

vt 32 1 
vt 0 1 
vt 32 -31 
vt 0 -31 

usemtl Discoplateee2Mtl

f 4337/4337/4337 4338/4338/4338 4339/4339/4339 
f 4339/4339/4339 4338/4338/4338 4340/4340/4340 

g Border25

v -128 536 127.995 
v 128 536 127.995 
v -128 280 127.995 
v 128 280 127.995 

vn 0 0 -1 
vn 0 0 -1 
vn 0 0 -1 
vn 0 0 -1 

vt 32 1 
vt 0 1 
vt 32 -31 
vt 0 -31 

usemtl Discoplateee2Mtl

f 4341/4341/4341 4342/4342/4342 4343/4343/4343 
f 4343/4343/4343 4342/4342/4342 4344/4344/4344 

g Border26

v 128 279.995 129 
v -128 279.995 129 
v 128 279.995 128 
v -128 279.995 128 

vn 0 -1 0 
vn 0 -1 0 
vn 0 -1 0 
vn 0 -1 0 

vt 32 1 
vt 0 1 
vt 32 0.875 
vt 0 0.875 

usemtl Discoplateee2Mtl

f 4345/4345/4345 4346/4346/4346 4347/4347/4347 
f 4347/4347/4347 4346/4346/4346 4348/4348/4348 

g Border27

v -128.005 536 129 
v -128.005 536 128 
v -128.005 280 129 
v -128.005 280 128 

vn -1 0 0 
vn -1 0 0 
vn -1 0 0 
vn -1 0 0 

vt 0.125 1 
vt 0 1 
vt 0.125 -31 
vt 0 -31 

usemtl Discoplateee2Mtl

f 4349/4349/4349 4350/4350/4350 4351/4351/4351 
f 4351/4351/4351 4350/4350/4350 4352/4352/4352 

g Border28

v 128.005 536 128 
v 128.005 536 129 
v 128.005 280 128 
v 128.005 280 129 

vn 1 0 0 
vn 1 0 0 
vn 1 0 0 
vn 1 0 0 

vt 0.125 1 
vt 0 1 
vt 0.125 -31 
vt 0 -31 

usemtl Discoplateee2Mtl

f 4353/4353/4353 4354/4354/4354 4355/4355/4355 
f 4355/4355/4355 4354/4354/4354 4356/4356/4356 

